mesure_le;ville_id;temp_reelle;temp_predite;erreur
2026-05-13 00:00:00;1;10.2;9.945;0.254999999999999
2026-05-13 01:00:00;1;9.6;9.824839999999996;-0.22483999999999682
2026-05-13 02:00:00;1;10.1;9.251999999999999;0.8480000000000008
2026-05-13 03:00:00;1;10.2;10.041760000000004;0.15823999999999572
2026-05-13 04:00:00;1;10.1;10.2314;-0.13140000000000107
2026-05-13 05:00:00;1;9.6;9.912319999999992;-0.3123199999999926
2026-05-13 06:00:00;1;10.6;9.968079999999999;0.6319200000000009
2026-05-13 07:00:00;1;11.1;11.694000000000003;-0.594000000000003
2026-05-13 08:00:00;1;11.9;11.435799999999999;0.4642000000000017
2026-05-13 09:00:00;1;12.9;12.288000000000004;0.6119999999999965
2026-05-13 10:00:00;1;13.1;13.594999999999995;-0.49499999999999567
2026-05-13 11:00:00;1;12.6;13.458840000000002;-0.8588400000000025
2026-05-13 12:00:00;1;13.0;13.012920000000006;-0.012920000000006482
2026-05-13 13:00:00;1;12.9;13.2924;-0.3924000000000003
2026-05-13 14:00:00;1;11.9;13.073359999999994;-1.1733599999999935
2026-05-13 15:00:00;1;12.8;12.165200000000004;0.6347999999999967
2026-05-13 16:00:00;1;11.5;12.61912;-1.1191200000000006
2026-05-13 17:00:00;1;12.0;11.059000000000001;0.940999999999999
2026-05-13 18:00:00;1;10.5;11.798159999999998;-1.2981599999999975
2026-05-13 19:00:00;1;10.1;9.818720000000003;0.2812799999999971
2026-05-13 20:00:00;1;9.4;9.698999999999998;-0.2989999999999977
2026-05-13 21:00:00;1;9.1;8.975;0.125
2026-05-13 22:00:00;1;8.8;8.774919999999998;0.025080000000002656
2026-05-13 23:00:00;1;8.4;8.549639999999995;-0.14963999999999444
2026-05-14 00:00:00;1;8.2;8.245880000000001;-0.04588000000000214
2026-05-14 01:00:00;1;7.9;7.87064;0.029360000000000497
2026-05-14 02:00:00;1;7.5;7.705199999999999;-0.20519999999999872
2026-05-14 03:00:00;1;7.5;7.225399999999999;0.2746000000000013
2026-05-14 04:00:00;1;7.1;7.2479999999999976;-0.1479999999999979
2026-05-14 05:00:00;1;7.2;6.974680000000001;0.22531999999999908
2026-05-14 06:00:00;1;7.2;8.10464;-0.9046399999999997
2026-05-14 07:00:00;1;8.6;8.11008;0.4899199999999997
2026-05-14 08:00:00;1;9.2;10.035999999999994;-0.835999999999995
2026-05-14 09:00:00;1;10.6;10.1154;0.48460000000000036
2026-05-14 10:00:00;1;11.6;11.827999999999998;-0.22799999999999798
2026-05-14 11:00:00;1;12.0;12.59;-0.5899999999999999
2026-05-14 12:00:00;1;9.3;12.181;-2.8809999999999985
2026-05-14 13:00:00;1;10.9;9.344680000000004;1.5553199999999965
2026-05-14 14:00:00;1;11.9;10.756280000000002;1.1437199999999983
2026-05-14 15:00:00;1;11.5;12.033;-0.5329999999999995
2026-05-14 16:00:00;1;9.9;11.481000000000003;-1.581000000000003
2026-05-14 17:00:00;1;10.8;9.693839999999993;1.106160000000008
2026-05-14 18:00:00;1;9.4;10.1664;-0.7663999999999991
2026-05-14 19:00:00;1;9.1;8.716;0.38400000000000034
2026-05-14 20:00:00;1;8.3;8.728439999999999;-0.4284399999999984
2026-05-14 21:00:00;1;7.6;7.896280000000003;-0.296280000000003
2026-05-14 22:00:00;1;6.7;7.055999999999996;-0.35599999999999543
2026-05-14 23:00:00;1;6.2;6.102440000000002;0.09755999999999787
2026-05-15 00:00:00;1;6.3;5.644000000000001;0.6559999999999988
2026-05-15 01:00:00;1;5.8;6.094599999999999;-0.2945999999999991
2026-05-15 02:00:00;1;5.4;5.552839999999998;-0.15283999999999764
2026-05-15 03:00:00;1;5.1;4.973879999999999;0.12612000000000023
2026-05-15 04:00:00;1;4.8;4.7780000000000005;0.021999999999999353
2026-05-15 05:00:00;1;4.9;4.274519999999997;0.6254800000000031
2026-05-15 06:00:00;1;6.6;6.689999999999999;-0.08999999999999897
2026-05-15 07:00:00;1;8.4;8.729000000000003;-0.3290000000000024
2026-05-15 08:00:00;1;10.2;10.100000000000005;0.09999999999999432
2026-05-15 09:00:00;1;11.1;11.927;-0.827
2026-05-15 10:00:00;1;11.9;11.893999999999998;0.006000000000002004
2026-05-15 11:00:00;1;12.5;12.571;-0.07099999999999973
2026-05-15 12:00:00;1;8.9;12.851120000000002;-3.9511200000000013
2026-05-15 13:00:00;1;10.2;8.912199999999999;1.2878000000000007
2026-05-15 14:00:00;1;12.6;9.971680000000001;2.6283199999999987
2026-05-15 15:00:00;1;12.9;12.6066;0.2934000000000001
2026-05-15 16:00:00;1;10.4;13.072999999999997;-2.6729999999999965
2026-05-15 17:00:00;1;10.0;10.158199999999997;-0.15819999999999723
2026-05-15 18:00:00;1;10.8;9.250999999999998;1.549000000000003
2026-05-15 19:00:00;1;9.8;10.184000000000001;-0.38400000000000034
2026-05-15 20:00:00;1;9.4;8.954999999999998;0.44500000000000206
2026-05-15 21:00:00;1;8.9;8.830000000000002;0.06999999999999851
2026-05-15 22:00:00;1;8.7;8.621639999999998;0.07836000000000176
2026-05-15 23:00:00;1;8.2;8.38332;-0.18332000000000015
2026-05-16 00:00:00;1;7.9;7.864680000000002;0.035319999999998686
2026-05-16 01:00:00;1;7.0;7.607719999999998;-0.6077199999999978
2026-05-16 02:00:00;1;6.6;6.550599999999998;0.04940000000000122
2026-05-16 03:00:00;1;6.6;5.947319999999998;0.6526800000000019
2026-05-16 04:00:00;1;5.7;6.308479999999998;-0.6084799999999975
2026-05-16 05:00:00;1;6.1;5.3339599999999985;0.7660400000000012
2026-05-16 06:00:00;1;7.6;7.415999999999998;0.18400000000000194
2026-05-16 07:00:00;1;9.0;9.575999999999999;-0.5759999999999987
2026-05-16 08:00:00;1;10.9;10.377;0.5229999999999997
2026-05-16 09:00:00;1;12.1;12.456;-0.35599999999999987
2026-05-16 10:00:00;1;12.9;12.934999999999992;-0.03499999999999126
2026-05-16 11:00:00;1;13.4;13.206000000000003;0.19399999999999729
2026-05-16 12:00:00;1;14.1;13.856999999999996;0.24300000000000388
2026-05-16 13:00:00;1;13.7;14.635;-0.9350000000000005
2026-05-16 14:00:00;1;14.1;13.739039999999997;0.36096000000000217
2026-05-16 15:00:00;1;14.4;13.935999999999995;0.46400000000000574
2026-05-16 16:00:00;1;14.6;13.993239999999991;0.6067600000000084
2026-05-16 17:00:00;1;14.1;14.077000000000005;0.02299999999999436
2026-05-16 18:00:00;1;13.6;13.618999999999993;-0.018999999999993022
2026-05-16 19:00:00;1;12.6;12.833999999999996;-0.23399999999999643
2026-05-16 20:00:00;1;12.1;11.718999999999996;0.3810000000000038
2026-05-16 21:00:00;1;11.7;11.533;0.16699999999999982
2026-05-16 22:00:00;1;11.4;10.937000000000001;0.4629999999999992
2026-05-16 23:00:00;1;11.2;10.906120000000001;0.2938799999999979
2026-05-17 00:00:00;1;11.1;10.990640000000003;0.10935999999999702
2026-05-17 01:00:00;1;10.9;10.901159999999999;-0.0011599999999987176
2026-05-17 02:00:00;1;10.8;10.525759999999998;0.2742400000000025
2026-05-17 03:00:00;1;10.5;10.39096;0.10904000000000025
2026-05-17 04:00:00;1;10.4;10.263799999999998;0.13620000000000232
2026-05-17 05:00:00;1;10.4;10.224640000000004;0.17535999999999596
2026-05-17 06:00:00;1;10.9;10.857919999999996;0.04208000000000389
2026-05-17 07:00:00;1;10.9;11.687999999999994;-0.7879999999999932
2026-05-17 08:00:00;1;11.4;11.327599999999995;0.07240000000000535
2026-05-17 09:00:00;1;12.6;12.01412;0.5858799999999995
2026-05-17 10:00:00;1;14.9;13.683999999999996;1.2160000000000046
2026-05-17 11:00:00;1;15.8;16.05999999999999;-0.2599999999999909
2026-05-17 12:00:00;1;13.9;15.344999999999997;-1.4449999999999967
2026-05-17 13:00:00;1;14.4;14.311519999999998;0.08848000000000233
2026-05-17 14:00:00;1;15.0;14.453919999999997;0.5460800000000035
2026-05-17 15:00:00;1;14.6;14.574999999999994;0.025000000000005684
2026-05-17 16:00:00;1;13.1;14.186;-1.0860000000000003
2026-05-17 17:00:00;1;12.9;12.381200000000002;0.5187999999999988
2026-05-17 18:00:00;1;12.4;12.048999999999994;0.3510000000000062
2026-05-17 19:00:00;1;12.0;11.800000000000002;0.1999999999999975
2026-05-17 20:00:00;1;11.6;11.667999999999997;-0.06799999999999784
2026-05-17 21:00:00;1;11.3;11.216559999999994;0.08344000000000662
2026-05-17 22:00:00;1;11.1;10.966719999999999;0.13328000000000095
2026-05-17 23:00:00;1;10.9;10.847680000000004;0.05231999999999637
2026-05-18 00:00:00;1;10.2;10.842000000000002;-0.642000000000003
2026-05-18 01:00:00;1;9.8;9.884239999999997;-0.08423999999999587
2026-05-18 02:00:00;1;9.1;9.404999999999998;-0.30499999999999794
2026-05-18 03:00:00;1;8.6;8.692000000000002;-0.0920000000000023
2026-05-18 04:00:00;1;8.2;8.1784;0.021599999999999397
2026-05-18 05:00:00;1;8.4;7.8697599999999985;0.5302400000000018
2026-05-18 06:00:00;1;9.8;9.075360000000003;0.7246399999999973
2026-05-18 07:00:00;1;11.4;11.369999999999997;0.030000000000002913
2026-05-18 08:00:00;1;12.2;13.00100000000001;-0.8010000000000108
2026-05-18 09:00:00;1;12.4;13.291720000000007;-0.8917200000000065
2026-05-18 10:00:00;1;14.0;13.057880000000003;0.9421199999999974
2026-05-18 11:00:00;1;14.9;14.841999999999999;0.058000000000001606
2026-05-18 12:00:00;1;14.9;15.547;-0.6470000000000002
2026-05-18 13:00:00;1;11.6;14.554160000000001;-2.9541600000000017
2026-05-18 14:00:00;1;12.8;12.55992;0.24008000000000074
2026-05-18 15:00:00;1;15.0;12.932879999999997;2.0671200000000027
2026-05-18 16:00:00;1;14.2;15.078;-0.8780000000000001
2026-05-18 17:00:00;1;13.6;13.540999999999997;0.05900000000000283
2026-05-18 18:00:00;1;13.6;12.650000000000002;0.9499999999999975
2026-05-18 19:00:00;1;12.8;12.781600000000001;0.01839999999999975
2026-05-18 20:00:00;1;12.0;12.454360000000001;-0.4543600000000012
2026-05-18 21:00:00;1;11.3;11.579999999999995;-0.27999999999999403
2026-05-18 22:00:00;1;10.8;10.765000000000002;0.034999999999998366
2026-05-18 23:00:00;1;10.7;10.321999999999994;0.37800000000000544
2026-05-19 00:00:00;1;10.8;10.514640000000002;0.28535999999999895
2026-05-19 01:00:00;1;10.908;10.558880000000004;0.34911999999999566
2026-05-19 02:00:00;1;11.016;10.737160000000001;0.27883999999999887
2026-05-19 03:00:00;1;11.124;10.881639999999994;0.2423600000000068
2026-05-19 04:00:00;1;11.232;11.002480000000002;0.22951999999999728
2026-05-19 05:00:00;1;11.34;11.056200000000006;0.28379999999999406
2026-05-19 06:00:00;1;11.448;11.42424;0.023760000000001114
2026-05-19 07:00:00;1;11.556;12.109319999999991;-0.5533199999999923
2026-05-19 08:00:00;1;11.664;11.964439999999993;-0.30043999999999293
2026-05-19 09:00:00;1;11.772;12.014519999999997;-0.24251999999999718
2026-05-19 10:00:00;1;11.88;12.002919999999996;-0.12291999999999526
2026-05-19 11:00:00;1;11.988;11.871119999999996;0.11688000000000365
2026-05-19 12:00:00;1;12.096;11.944000000000003;0.15199999999999747
2026-05-19 13:00:00;1;12.204;12.479839999999994;-0.2758399999999934
2026-05-19 14:00:00;1;12.312;12.45928;-0.1472800000000003
2026-05-19 15:00:00;1;12.42;12.2592;0.16080000000000005
2026-05-19 16:00:00;1;12.528;12.276000000000002;0.2519999999999989
2026-05-19 17:00:00;1;12.636;12.288799999999998;0.34720000000000084
2026-05-19 18:00:00;1;12.744;12.188279999999997;0.5557200000000027
2026-05-19 19:00:00;1;12.852;12.54356;0.30844000000000094
2026-05-19 20:00:00;1;12.96;12.6656;0.2944000000000013
2026-05-19 21:00:00;1;13.068;12.576119999999998;0.49188000000000187
2026-05-19 22:00:00;1;13.176;12.591799999999996;0.5842000000000045
2026-05-19 23:00:00;1;13.284;12.780880000000002;0.5031199999999991
2026-05-20 00:00:00;1;13.392;12.84008;0.5519199999999991
2026-05-20 01:00:00;1;13.5;12.98279999999999;0.5172000000000097
2026-05-20 02:00:00;1;13.2;13.130680000000005;0.06931999999999405
2026-05-20 03:00:00;1;13.1;12.9582;0.14179999999999993
2026-05-20 04:00:00;1;13.0;12.754400000000002;0.24559999999999782
2026-05-20 05:00:00;1;12.9;12.834760000000003;0.06523999999999752
2026-05-20 06:00:00;1;13.8;13.4214;0.3786000000000005
2026-05-20 07:00:00;1;14.7;14.786840000000005;-0.0868400000000058
2026-05-20 08:00:00;1;15.2;15.437519999999996;-0.2375199999999964
2026-05-20 09:00:00;1;16.4;16.237000000000002;0.1629999999999967
2026-05-20 10:00:00;1;17.8;17.15508;0.644919999999999
2026-05-20 11:00:00;1;18.3;18.754999999999995;-0.45499999999999474
2026-05-20 12:00:00;1;18.6;18.834000000000003;-0.23400000000000176
2026-05-20 13:00:00;1;19.4;18.659999999999997;0.740000000000002
2026-05-20 14:00:00;1;18.9;19.237999999999996;-0.3379999999999974
2026-05-20 15:00:00;1;19.2;18.474000000000004;0.7259999999999955
2026-05-20 16:00:00;1;19.0;18.712;0.28800000000000026
2026-05-20 17:00:00;1;18.8;18.168000000000003;0.6319999999999979
2026-05-20 18:00:00;1;18.2;17.708999999999996;0.4910000000000032
2026-05-20 19:00:00;1;17.2;17.112000000000002;0.08799999999999741
2026-05-20 20:00:00;1;15.9;16.21600000000001;-0.3160000000000114
2026-05-20 21:00:00;1;15.1;15.349999999999998;-0.24999999999999822
2026-05-20 22:00:00;1;14.4;14.406000000000004;-0.00600000000000378
2026-05-20 23:00:00;1;13.9;13.88620000000001;0.01379999999999093
2026-05-21 00:00:00;1;12.8;13.083000000000002;-0.28300000000000125
2026-05-21 01:00:00;1;12.1;12.365999999999994;-0.2659999999999947
2026-05-21 02:00:00;1;11.6;11.722999999999997;-0.12299999999999756
2026-05-21 03:00:00;1;11.2;11.331199999999999;-0.13119999999999976
2026-05-21 04:00:00;1;10.9;11.04576;-0.14575999999999922
2026-05-21 05:00:00;1;11.3;10.420240000000003;0.8797599999999974
2026-05-21 06:00:00;1;12.6;12.605359999999996;-0.005359999999996035
2026-05-21 07:00:00;1;14.9;13.968039999999991;0.931960000000009
2026-05-21 08:00:00;1;17.3;16.531000000000002;0.7689999999999984
2026-05-21 09:00:00;1;18.9;18.695999999999998;0.20400000000000063
2026-05-21 10:00:00;1;20.2;20.141;0.05900000000000105
2026-05-21 11:00:00;1;20.8;21.045;-0.245000000000001
2026-05-21 12:00:00;1;21.9;20.99200000000001;0.907999999999987
2026-05-21 13:00:00;1;22.6;22.085;0.5150000000000006
2026-05-21 14:00:00;1;23.1;22.639999999999997;0.4600000000000044
2026-05-21 15:00:00;1;23.3;22.191999999999993;1.1080000000000076
2026-05-21 16:00:00;1;23.4;22.467;0.9329999999999998
2026-05-21 17:00:00;1;23.0;22.445999999999994;0.5540000000000056
2026-05-21 18:00:00;1;22.1;21.575999999999993;0.524000000000008
2026-05-21 19:00:00;1;20.4;20.188999999999997;0.21100000000000207
2026-05-21 20:00:00;1;19.0;18.58700000000001;0.4129999999999896
2026-05-21 21:00:00;1;18.5;17.939;0.5609999999999999
2026-05-21 22:00:00;1;17.3;17.541999999999998;-0.24199999999999733
2026-05-21 23:00:00;1;16.1;16.276000000000003;-0.17600000000000193
2026-05-22 00:00:00;1;14.9;14.851000000000008;0.04899999999999238
2026-05-22 01:00:00;1;14.2;14.555;-0.3550000000000004
2026-05-22 02:00:00;1;13.6;13.528000000000002;0.0719999999999974
2026-05-22 03:00:00;1;13.2;13.010999999999997;0.18900000000000183
2026-05-22 04:00:00;1;12.8;12.73955999999999;0.060440000000010485
2026-05-22 05:00:00;1;13.2;12.554999999999998;0.6450000000000014
2026-05-22 06:00:00;1;15.3;14.433440000000001;0.8665599999999998
2026-05-22 07:00:00;1;17.2;17.278;-0.0779999999999994
2026-05-22 08:00:00;1;19.8;18.841;0.9589999999999996
2026-05-22 09:00:00;1;22.1;21.263;0.8369999999999997
2026-05-22 10:00:00;1;23.9;23.257;0.6429999999999971
2026-05-22 11:00:00;1;24.9;24.689000000000007;0.21099999999999142
2026-05-22 12:00:00;1;26.4;24.69099999999999;1.7090000000000103
2026-05-22 13:00:00;1;26.8;26.14999999999999;0.6500000000000092
2026-05-22 14:00:00;1;27.0;26.2;0.8000000000000007
2026-05-22 15:00:00;1;27.0;26.306000000000004;0.6939999999999955
2026-05-22 16:00:00;1;26.9;26.324000000000005;0.5759999999999934
2026-05-22 17:00:00;1;26.4;25.74400000000001;0.6559999999999881
2026-05-22 18:00:00;1;26.0;24.181000000000008;1.818999999999992
2026-05-22 19:00:00;1;24.0;24.16100000000001;-0.16100000000000847
2026-05-22 20:00:00;1;22.1;21.628;0.4720000000000013
2026-05-22 21:00:00;1;20.8;20.194999999999986;0.6050000000000146
2026-05-22 22:00:00;1;19.8;18.926000000000002;0.8739999999999988
2026-05-22 23:00:00;1;18.8;18.387999999999998;0.4120000000000026
2026-05-23 00:00:00;1;17.4;17.441999999999997;-0.04199999999999804
2026-05-23 01:00:00;1;17.0;16.252000000000002;0.7479999999999976
2026-05-23 02:00:00;1;16.3;16.156000000000006;0.1439999999999948
2026-05-23 03:00:00;1;15.7;15.804;-0.10400000000000098
2026-05-23 04:00:00;1;15.2;15.02844;0.1715599999999995
2026-05-23 05:00:00;1;15.6;14.79099999999999;0.8090000000000099
2026-05-23 06:00:00;1;17.2;16.39563999999999;0.8043600000000097
2026-05-23 07:00:00;1;19.3;17.306000000000008;1.9939999999999927
2026-05-23 08:00:00;1;21.7;20.954999999999995;0.7450000000000045
2026-05-23 09:00:00;1;24.0;22.996000000000002;1.0039999999999978
2026-05-23 10:00:00;1;25.9;24.912;0.9879999999999995
2026-05-23 11:00:00;1;26.9;26.326000000000008;0.573999999999991
2026-05-23 12:00:00;1;28.4;26.565;1.8349999999999973
2026-05-23 13:00:00;1;28.9;27.794000000000004;1.1059999999999945
2026-05-23 14:00:00;1;29.1;27.75700000000001;1.3429999999999929
2026-05-23 15:00:00;1;29.0;27.504000000000016;1.4959999999999845
2026-05-23 16:00:00;1;28.6;27.366000000000014;1.2339999999999876
2026-05-23 17:00:00;1;28.0;27.050000000000015;0.9499999999999851
2026-05-23 18:00:00;1;27.2;26.547000000000008;0.6529999999999916
2026-05-23 19:00:00;1;25.8;25.921000000000014;-0.12100000000001288
2026-05-23 20:00:00;1;23.5;23.434;0.06599999999999895
2026-05-23 21:00:00;1;22.3;21.059999999999995;1.2400000000000055
2026-05-23 22:00:00;1;21.5;19.81999999999999;1.6800000000000104
2026-05-23 23:00:00;1;20.5;19.868000000000006;0.6319999999999943
2026-05-24 00:00:00;1;18.9;18.658000000000005;0.24199999999999378
2026-05-24 01:00:00;1;18.4;17.622;0.7779999999999987
2026-05-24 02:00:00;1;18.0;17.44;0.5599999999999987
2026-05-24 03:00:00;1;17.5;17.573999999999998;-0.07399999999999807
2026-05-24 04:00:00;1;17.0;16.415000000000003;0.5849999999999973
2026-05-24 05:00:00;1;17.5;16.635000000000005;0.8649999999999949
2026-05-24 06:00:00;1;19.4;17.183999999999997;2.216000000000001
2026-05-24 07:00:00;1;21.1;19.193000000000005;1.9069999999999965
2026-05-24 08:00:00;1;23.3;20.734999999999996;2.565000000000005
2026-05-24 09:00:00;1;25.5;21.93000000000001;3.5699999999999896
2026-05-24 10:00:00;1;27.4;25.187000000000015;2.212999999999983
2026-05-24 11:00:00;1;28.5;26.720000000000006;1.779999999999994
2026-05-24 12:00:00;1;29.9;27.558000000000007;2.3419999999999916
2026-05-24 13:00:00;1;30.2;27.49600000000001;2.70399999999999
2026-05-24 14:00:00;1;30.4;27.363000000000007;3.036999999999992
2026-05-24 15:00:00;1;30.1;27.209000000000017;2.890999999999984
2026-05-24 16:00:00;1;29.8;27.152000000000015;2.6479999999999855
2026-05-24 17:00:00;1;29.1;26.95200000000002;2.147999999999982
2026-05-24 18:00:00;1;28.4;26.917000000000016;1.4829999999999828
2026-05-24 19:00:00;1;26.6;26.98600000000001;-0.3860000000000099
2026-05-24 20:00:00;1;25.0;24.725;0.2749999999999986
2026-05-24 21:00:00;1;23.9;22.544999999999995;1.355000000000004
2026-05-24 22:00:00;1;23.0;21.05;1.9499999999999993
2026-05-24 23:00:00;1;22.2;20.237999999999996;1.9620000000000033
2026-05-25 00:00:00;1;21.4;19.828999999999994;1.571000000000005
2026-05-25 01:00:00;1;20.5;19.821;0.6789999999999985
2026-05-25 02:00:00;1;19.7;18.717000000000006;0.9829999999999934
2026-05-25 03:00:00;1;19.0;18.441999999999997;0.5580000000000034
2026-05-25 04:00:00;1;18.4;18.092000000000006;0.3079999999999927
2026-05-25 05:00:00;1;18.6;18.142999999999997;0.4570000000000043
2026-05-25 06:00:00;1;20.5;18.244999999999994;2.255000000000006
2026-05-25 07:00:00;1;22.5;20.826999999999995;1.6730000000000054
2026-05-25 08:00:00;1;24.5;20.833000000000006;3.6669999999999945
2026-05-25 09:00:00;1;26.5;23.891;2.6090000000000018
2026-05-25 10:00:00;1;28.4;25.986;2.413999999999998
2026-05-25 11:00:00;1;29.9;27.46400000000001;2.4359999999999893
2026-05-25 12:00:00;1;31.4;27.445000000000007;3.954999999999991
2026-05-25 13:00:00;1;31.6;27.366000000000014;4.2339999999999876
2026-05-25 14:00:00;1;31.8;27.31400000000001;4.48599999999999
2026-05-25 15:00:00;1;31.4;27.19300000000002;4.206999999999979
2026-05-25 16:00:00;1;30.9;27.080000000000023;3.8199999999999754
2026-05-25 17:00:00;1;30.0;26.895000000000024;3.1049999999999756
2026-05-25 18:00:00;1;29.5;26.890000000000022;2.609999999999978
2026-05-25 19:00:00;1;28.0;26.926000000000016;1.0739999999999839
2026-05-25 20:00:00;1;26.1;26.47300000000001;-0.3730000000000082
2026-05-25 21:00:00;1;24.8;24.21399999999999;0.5860000000000092
2026-05-25 22:00:00;1;23.6;22.466999999999988;1.1330000000000133
2026-05-25 23:00:00;1;22.6;21.512999999999998;1.0870000000000033
2026-05-26 00:00:00;1;21.1;20.869000000000007;0.23099999999999454
2026-05-26 01:00:00;1;20.0;19.508000000000003;0.49199999999999733
2026-05-26 02:00:00;1;19.0;18.790999999999997;0.20900000000000318
2026-05-26 03:00:00;1;18.2;18.025;0.1750000000000007
2026-05-26 04:00:00;1;17.3;18.110999999999994;-0.8109999999999928
2026-05-26 05:00:00;1;17.4;17.017;0.3829999999999991
2026-05-26 06:00:00;1;19.4;17.463;1.9369999999999976
2026-05-26 07:00:00;1;21.4;19.118;2.282
2026-05-26 08:00:00;1;24.0;21.919999999999995;2.0800000000000054
2026-05-26 09:00:00;1;26.8;25.044;1.7560000000000002
2026-05-26 10:00:00;1;28.8;26.905999999999995;1.8940000000000055
2026-05-26 11:00:00;1;30.2;28.525000000000013;1.6749999999999865
2026-05-26 12:00:00;1;31.5;28.640000000000015;2.859999999999985
2026-05-26 13:00:00;1;32.0;28.410000000000014;3.5899999999999856
2026-05-26 14:00:00;1;32.2;28.364000000000015;3.835999999999988
2026-05-26 15:00:00;1;32.2;28.068000000000012;4.131999999999991
2026-05-26 16:00:00;1;31.7;27.822000000000006;3.877999999999993
2026-05-26 17:00:00;1;30.8;27.57900000000001;3.2209999999999894
2026-05-26 18:00:00;1;29.8;27.533000000000005;2.266999999999996
2026-05-26 19:00:00;1;28.2;27.053000000000015;1.1469999999999843
2026-05-26 20:00:00;1;26.4;27.067000000000018;-0.6670000000000194
2026-05-26 21:00:00;1;25.0;24.598;0.402000000000001
2026-05-26 22:00:00;1;23.9;23.032000000000004;0.867999999999995
2026-05-26 23:00:00;1;22.9;22.19;0.7099999999999973
2026-05-27 00:00:00;1;21.0;21.193000000000005;-0.19300000000000495
2026-05-27 01:00:00;1;20.1;19.31000000000001;0.789999999999992
2026-05-27 02:00:00;1;19.2;18.656999999999996;0.5430000000000028
2026-05-27 03:00:00;1;18.5;18.073000000000008;0.4269999999999925
2026-05-27 04:00:00;1;18.0;18.06999999999999;-0.06999999999998963
2026-05-27 05:00:00;1;18.5;18.00199999999999;0.49800000000001177
2026-05-27 06:00:00;1;20.3;18.264;2.0360000000000014
2026-05-27 07:00:00;1;22.8;21.252999999999997;1.5470000000000041
2026-05-27 08:00:00;1;25.4;22.52099999999999;2.8790000000000084
2026-05-27 09:00:00;1;27.8;25.344000000000005;2.455999999999996
2026-05-27 10:00:00;1;29.2;27.07800000000002;2.1219999999999786
2026-05-27 11:00:00;1;30.1;27.801000000000016;2.2989999999999853
2026-05-27 12:00:00;1;31.0;27.758000000000006;3.2419999999999938
2026-05-27 13:00:00;1;31.5;28.180000000000014;3.319999999999986
2026-05-27 14:00:00;1;31.7;27.905000000000005;3.7949999999999946
2026-05-27 15:00:00;1;31.6;27.848000000000003;3.751999999999999
2026-05-27 16:00:00;1;31.2;27.729000000000006;3.470999999999993
2026-05-27 17:00:00;1;30.5;27.144000000000023;3.355999999999977
2026-05-27 18:00:00;1;30.0;27.10800000000002;2.8919999999999817
2026-05-27 19:00:00;1;29.2;27.08900000000002;2.1109999999999793
2026-05-27 20:00:00;1;27.6;27.12700000000002;0.4729999999999812
2026-05-27 21:00:00;1;26.6;26.311000000000003;0.2889999999999979
2026-05-27 22:00:00;1;25.1;24.824999999999996;0.2750000000000057
2026-05-27 23:00:00;1;23.8;22.949;0.8509999999999991
2026-05-28 00:00:00;1;22.7;21.125999999999998;1.5740000000000016
2026-05-28 01:00:00;1;21.5;20.084;1.4160000000000004
2026-05-28 02:00:00;1;20.8;19.838;0.9619999999999997
2026-05-28 03:00:00;1;20.1;18.951000000000004;1.1489999999999974
2026-05-28 04:00:00;1;19.6;18.775;0.8250000000000028
2026-05-28 05:00:00;1;20.1;18.492000000000004;1.607999999999997
2026-05-28 06:00:00;1;21.8;18.944999999999993;2.8550000000000075
2026-05-28 07:00:00;1;23.5;21.454000000000004;2.045999999999996
2026-05-28 08:00:00;1;25.3;22.38799999999999;2.9120000000000097
2026-05-28 09:00:00;1;27.4;24.744;2.655999999999999
2026-05-28 10:00:00;1;29.3;26.809000000000015;2.4909999999999854
2026-05-28 11:00:00;1;30.8;27.807000000000006;2.992999999999995
2026-05-28 12:00:00;1;31.2;28.432;2.7680000000000007
2026-05-28 13:00:00;1;31.9;28.237;3.6630000000000003
2026-05-28 14:00:00;1;31.1;28.165000000000006;2.934999999999995
2026-05-28 15:00:00;1;28.5;27.366000000000017;1.1339999999999826
2026-05-28 16:00:00;1;30.5;27.447000000000017;3.052999999999983
2026-05-28 17:00:00;1;29.7;27.21300000000003;2.48699999999997
2026-05-28 18:00:00;1;30.9;27.90400000000001;2.995999999999988
2026-05-28 19:00:00;1;29.4;27.02600000000002;2.3739999999999775
2026-05-28 20:00:00;1;27.7;27.159000000000013;0.5409999999999862
2026-05-28 21:00:00;1;26.5;26.351000000000003;0.14899999999999736
2026-05-28 22:00:00;1;25.4;24.493999999999996;0.9060000000000024
2026-05-28 23:00:00;1;24.3;23.443999999999996;0.8560000000000052
2026-05-29 00:00:00;1;23.1;21.705999999999996;1.3940000000000055
2026-05-29 01:00:00;1;21.9;20.322999999999993;1.5770000000000053
2026-05-29 02:00:00;1;21.1;19.778999999999996;1.321000000000005
2026-05-29 03:00:00;1;20.8;19.388000000000012;1.4119999999999884
2026-05-29 04:00:00;1;20.1;19.112000000000005;0.987999999999996
2026-05-29 05:00:00;1;20.3;18.750000000000007;1.5499999999999936
2026-05-29 06:00:00;1;22.0;18.971;3.029
2026-05-29 07:00:00;1;23.9;21.23700000000001;2.6629999999999896
2026-05-29 08:00:00;1;26.1;23.019999999999996;3.0800000000000054
2026-05-29 09:00:00;1;28.5;25.622;2.878
2026-05-29 10:00:00;1;30.0;27.72900000000001;2.27099999999999
2026-05-29 11:00:00;1;31.0;27.826000000000004;3.173999999999996
2026-05-29 12:00:00;1;31.8;28.302000000000003;3.4979999999999976
2026-05-29 13:00:00;1;32.3;28.177000000000007;4.1229999999999905
2026-05-29 14:00:00;1;32.8;28.213000000000008;4.586999999999989
2026-05-29 15:00:00;1;33.1;28.15500000000001;4.944999999999993
2026-05-29 16:00:00;1;32.0;28.079000000000015;3.920999999999985
2026-05-29 17:00:00;1;30.9;27.095000000000024;3.804999999999975
2026-05-29 18:00:00;1;31.4;27.77100000000002;3.62899999999998
2026-05-29 19:00:00;1;29.0;27.030000000000022;1.9699999999999775
2026-05-29 20:00:00;1;27.1;27.167000000000016;-0.06700000000001438
2026-05-29 21:00:00;1;26.0;25.935000000000006;0.06499999999999417
2026-05-29 22:00:00;1;24.5;23.992999999999988;0.5070000000000121
2026-05-29 23:00:00;1;23.4;21.851000000000003;1.548999999999996
2026-05-30 00:00:00;1;23.4;20.064;3.3359999999999985
2026-05-30 01:00:00;1;22.5;20.468999999999998;2.0310000000000024
2026-05-30 02:00:00;1;22.0;19.563;2.437000000000001
2026-05-30 03:00:00;1;21.1;19.78599999999999;1.3140000000000107
2026-05-30 04:00:00;1;20.6;19.473000000000006;1.1269999999999953
2026-05-30 05:00:00;1;20.8;18.832000000000004;1.9679999999999964
2026-05-30 06:00:00;1;22.2;19.081000000000003;3.118999999999996
2026-05-30 07:00:00;1;24.0;19.298000000000005;4.701999999999995
2026-05-30 08:00:00;1;25.8;22.701000000000004;3.0989999999999966
2026-05-30 09:00:00;1;27.9;25.076999999999998;2.8230000000000004
2026-05-30 10:00:00;1;29.9;27.093000000000014;2.8069999999999844
2026-05-30 11:00:00;1;31.4;27.637000000000004;3.7629999999999946
2026-05-30 12:00:00;1;31.8;27.617000000000008;4.182999999999993
2026-05-30 13:00:00;1;32.1;27.789000000000016;4.310999999999986
2026-05-30 14:00:00;1;32.2;28.005000000000017;4.194999999999986
2026-05-30 15:00:00;1;28.2;27.07200000000002;1.1279999999999788
2026-05-30 16:00:00;1;27.5;27.228000000000016;0.27199999999998425
2026-05-30 17:00:00;1;27.9;26.192000000000018;1.7079999999999806
2026-05-30 18:00:00;1;25.5;26.49800000000002;-0.9980000000000189
2026-05-30 19:00:00;1;24.2;23.419;0.7809999999999988
2026-05-30 20:00:00;1;23.3;21.524999999999995;1.7750000000000057
2026-05-30 21:00:00;1;22.9;19.539999999999992;3.3600000000000065
2026-05-30 22:00:00;1;22.4;18.842999999999986;3.557000000000013
2026-05-30 23:00:00;1;21.7;19.177;2.5229999999999997
2026-05-13 00:00:00;2;10.0;9.964759999999998;0.035240000000001714
2026-05-13 01:00:00;2;9.6;9.754959999999995;-0.15495999999999555
2026-05-13 02:00:00;2;9.4;9.175439999999998;0.2245600000000021
2026-05-13 03:00:00;2;9.4;9.118999999999998;0.28100000000000236
2026-05-13 04:00:00;2;9.0;9.142600000000002;-0.14260000000000161
2026-05-13 05:00:00;2;9.2;8.93412;0.26587999999999923
2026-05-13 06:00:00;2;10.2;10.032400000000003;0.16759999999999664
2026-05-13 07:00:00;2;11.7;11.417999999999997;0.2820000000000018
2026-05-13 08:00:00;2;12.1;13.100999999999997;-1.0009999999999977
2026-05-13 09:00:00;2;12.6;12.845080000000001;-0.24508000000000152
2026-05-13 10:00:00;2;14.2;13.575759999999997;0.6242400000000021
2026-05-13 11:00:00;2;15.5;14.985999999999995;0.5140000000000047
2026-05-13 12:00:00;2;15.8;16.380000000000006;-0.5800000000000054
2026-05-13 13:00:00;2;15.8;16.135;-0.33500000000000085
2026-05-13 14:00:00;2;16.6;15.902000000000005;0.6979999999999968
2026-05-13 15:00:00;2;17.2;16.546;0.6539999999999999
2026-05-13 16:00:00;2;17.4;16.930999999999997;0.4690000000000012
2026-05-13 17:00:00;2;16.8;16.776999999999994;0.023000000000006793
2026-05-13 18:00:00;2;16.1;15.839;0.261000000000001
2026-05-13 19:00:00;2;13.6;14.90299999999999;-1.3029999999999902
2026-05-13 20:00:00;2;12.8;12.626999999999995;0.17300000000000537
2026-05-13 21:00:00;2;12.9;12.219000000000001;0.6809999999999992
2026-05-13 22:00:00;2;12.2;12.570759999999998;-0.37075999999999887
2026-05-13 23:00:00;2;11.4;11.819119999999996;-0.41911999999999594
2026-05-14 00:00:00;2;10.9;10.873;0.027000000000001023
2026-05-14 01:00:00;2;10.8;10.429000000000004;0.3709999999999969
2026-05-14 02:00:00;2;10.1;10.36564;-0.2656400000000012
2026-05-14 03:00:00;2;9.4;9.761000000000006;-0.361000000000006
2026-05-14 04:00:00;2;8.8;9.184999999999997;-0.38499999999999623
2026-05-14 05:00:00;2;8.6;8.574959999999999;0.025040000000000617
2026-05-14 06:00:00;2;8.9;9.909960000000003;-1.009960000000003
2026-05-14 07:00:00;2;8.9;9.932480000000004;-1.0324800000000032
2026-05-14 08:00:00;2;10.3;9.528600000000003;0.7713999999999981
2026-05-14 09:00:00;2;11.9;11.940000000000005;-0.040000000000004476
2026-05-14 10:00:00;2;8.9;13.320000000000004;-4.4200000000000035
2026-05-14 11:00:00;2;13.1;9.8856;3.2143999999999995
2026-05-14 12:00:00;2;13.2;14.098000000000003;-0.8980000000000032
2026-05-14 13:00:00;2;13.6;13.923960000000001;-0.32396000000000136
2026-05-14 14:00:00;2;13.9;14.061000000000003;-0.16100000000000314
2026-05-14 15:00:00;2;13.9;13.764759999999999;0.13524000000000136
2026-05-14 16:00:00;2;12.1;13.348000000000003;-1.2480000000000029
2026-05-14 17:00:00;2;10.1;11.529199999999998;-1.429199999999998
2026-05-14 18:00:00;2;10.4;8.994;1.4060000000000006
2026-05-14 19:00:00;2;9.6;9.703000000000001;-0.10300000000000153
2026-05-14 20:00:00;2;9.1;8.976800000000004;0.12319999999999531
2026-05-14 21:00:00;2;8.2;8.69844;-0.49844000000000044
2026-05-14 22:00:00;2;7.9;7.573840000000003;0.3261599999999971
2026-05-14 23:00:00;2;7.9;7.447639999999996;0.4523600000000041
2026-05-15 00:00:00;2;8.4;7.490319999999996;0.9096800000000043
2026-05-15 01:00:00;2;8.1;8.10604;-0.006040000000000489
2026-05-15 02:00:00;2;7.8;7.778160000000003;0.02183999999999653
2026-05-15 03:00:00;2;7.6;7.418679999999999;0.18132000000000037
2026-05-15 04:00:00;2;7.3;7.371999999999996;-0.07199999999999651
2026-05-15 05:00:00;2;7.1;7.14364;-0.04364000000000079
2026-05-15 06:00:00;2;7.3;8.049160000000002;-0.7491600000000025
2026-05-15 07:00:00;2;7.9;7.923960000000001;-0.023960000000000647
2026-05-15 08:00:00;2;8.6;8.910039999999999;-0.310039999999999
2026-05-15 09:00:00;2;9.3;9.657000000000004;-0.35700000000000287
2026-05-15 10:00:00;2;10.8;10.181000000000001;0.6189999999999998
2026-05-15 11:00:00;2;11.2;11.977999999999998;-0.7779999999999987
2026-05-15 12:00:00;2;11.9;11.668999999999999;0.23100000000000165
2026-05-15 13:00:00;2;10.6;12.519079999999997;-1.9190799999999975
2026-05-15 14:00:00;2;12.1;10.507240000000003;1.5927599999999966
2026-05-15 15:00:00;2;12.4;12.242999999999993;0.15700000000000713
2026-05-15 16:00:00;2;11.2;12.323839999999992;-1.1238399999999924
2026-05-15 17:00:00;2;11.8;10.891000000000005;0.9089999999999954
2026-05-15 18:00:00;2;10.1;11.113999999999999;-1.0139999999999993
2026-05-15 19:00:00;2;9.3;9.389999999999997;-0.0899999999999963
2026-05-15 20:00:00;2;8.4;8.537;-0.13700000000000045
2026-05-15 21:00:00;2;7.6;7.677000000000001;-0.07700000000000173
2026-05-15 22:00:00;2;7.2;6.991999999999998;0.20800000000000196
2026-05-15 23:00:00;2;6.7;6.613000000000004;0.08699999999999619
2026-05-16 00:00:00;2;6.7;6.306000000000003;0.39399999999999746
2026-05-16 01:00:00;2;6.5;6.5382;-0.03819999999999979
2026-05-16 02:00:00;2;6.2;6.320879999999999;-0.12087999999999877
2026-05-16 03:00:00;2;6.2;5.766039999999999;0.4339600000000008
2026-05-16 04:00:00;2;6.4;5.854240000000001;0.5457599999999996
2026-05-16 05:00:00;2;6.9;6.2272799999999995;0.6727200000000009
2026-05-16 06:00:00;2;7.9;7.8330000000000055;0.06699999999999484
2026-05-16 07:00:00;2;9.0;9.178000000000003;-0.1780000000000026
2026-05-16 08:00:00;2;10.1;10.087999999999997;0.012000000000002231
2026-05-16 09:00:00;2;10.8;11.154000000000003;-0.35400000000000276
2026-05-16 10:00:00;2;11.2;11.498240000000003;-0.2982400000000034
2026-05-16 11:00:00;2;11.5;11.907160000000003;-0.40716000000000285
2026-05-16 12:00:00;2;13.1;12.266919999999997;0.8330800000000025
2026-05-16 13:00:00;2;13.5;13.590759999999996;-0.09075999999999596
2026-05-16 14:00:00;2;13.9;13.833000000000004;0.06699999999999662
2026-05-16 15:00:00;2;13.8;13.922799999999995;-0.12279999999999447
2026-05-16 16:00:00;2;13.7;13.657319999999997;0.042680000000002494
2026-05-16 17:00:00;2;13.6;13.000000000000007;0.5999999999999925
2026-05-16 18:00:00;2;12.9;12.818000000000001;0.08199999999999896
2026-05-16 19:00:00;2;11.1;11.983999999999995;-0.883999999999995
2026-05-16 20:00:00;2;9.9;10.109000000000002;-0.2090000000000014
2026-05-16 21:00:00;2;9.0;9.085;-0.08500000000000085
2026-05-16 22:00:00;2;8.9;8.211999999999996;0.6880000000000042
2026-05-16 23:00:00;2;8.4;8.561399999999999;-0.16139999999999866
2026-05-17 00:00:00;2;8.4;7.9872000000000005;0.41279999999999983
2026-05-17 01:00:00;2;7.7;8.110799999999998;-0.4107999999999974
2026-05-17 02:00:00;2;7.0;7.374000000000002;-0.37400000000000233
2026-05-17 03:00:00;2;6.3;6.5829999999999975;-0.2829999999999977
2026-05-17 04:00:00;2;5.9;6.0980000000000025;-0.19800000000000217
2026-05-17 05:00:00;2;6.4;5.616999999999998;0.7830000000000021
2026-05-17 06:00:00;2;8.0;7.826000000000001;0.1739999999999986
2026-05-17 07:00:00;2;10.2;10.218000000000009;-0.018000000000009564
2026-05-17 08:00:00;2;12.3;12.306000000000006;-0.0060000000000055564
2026-05-17 09:00:00;2;13.9;13.958000000000009;-0.05800000000000871
2026-05-17 10:00:00;2;15.2;15.312999999999995;-0.11299999999999599
2026-05-17 11:00:00;2;16.1;16.162000000000003;-0.062000000000001165
2026-05-17 12:00:00;2;16.6;16.79727999999999;-0.19727999999998858
2026-05-17 13:00:00;2;17.5;17.19099999999999;0.3090000000000117
2026-05-17 14:00:00;2;17.9;17.801;0.0990000000000002
2026-05-17 15:00:00;2;17.9;18.05;-0.15000000000000213
2026-05-17 16:00:00;2;17.6;17.511000000000006;0.08899999999999508
2026-05-17 17:00:00;2;17.2;16.598;0.6020000000000003
2026-05-17 18:00:00;2;16.9;15.976000000000004;0.9239999999999942
2026-05-17 19:00:00;2;15.1;15.750000000000007;-0.6500000000000075
2026-05-17 20:00:00;2;13.9;13.712999999999997;0.18700000000000294
2026-05-17 21:00:00;2;12.4;12.958000000000009;-0.5580000000000087
2026-05-17 22:00:00;2;12.1;11.516999999999996;0.5830000000000037
2026-05-17 23:00:00;2;11.2;11.425999999999998;-0.2259999999999991
2026-05-18 00:00:00;2;11.1;10.878;0.22199999999999953
2026-05-18 01:00:00;2;10.8;10.722000000000001;0.0779999999999994
2026-05-18 02:00:00;2;10.4;10.200000000000001;0.1999999999999993
2026-05-18 03:00:00;2;9.9;10.08992;-0.18991999999999898
2026-05-18 04:00:00;2;9.9;9.5632;0.3368000000000002
2026-05-18 05:00:00;2;9.6;9.763359999999999;-0.16335999999999906
2026-05-18 06:00:00;2;11.3;10.653399999999998;0.646600000000003
2026-05-18 07:00:00;2;12.9;13.168840000000003;-0.26884000000000263
2026-05-18 08:00:00;2;13.6;14.765000000000002;-1.1650000000000027
2026-05-18 09:00:00;2;14.6;14.538999999999998;0.06100000000000172
2026-05-18 10:00:00;2;15.4;15.439680000000005;-0.039680000000004156
2026-05-18 11:00:00;2;16.2;16.367000000000004;-0.16700000000000514
2026-05-18 12:00:00;2;17.1;16.780999999999995;0.31900000000000617
2026-05-18 13:00:00;2;17.5;17.457000000000008;0.042999999999992156
2026-05-18 14:00:00;2;17.9;17.624000000000002;0.27599999999999625
2026-05-18 15:00:00;2;18.0;17.762999999999995;0.23700000000000543
2026-05-18 16:00:00;2;17.4;17.729000000000003;-0.3290000000000042
2026-05-18 17:00:00;2;16.9;16.513000000000005;0.38699999999999335
2026-05-18 18:00:00;2;16.0;15.98324;0.016759999999999664
2026-05-18 19:00:00;2;14.4;14.903999999999998;-0.5039999999999978
2026-05-18 20:00:00;2;13.1;13.521;-0.42100000000000115
2026-05-18 21:00:00;2;12.6;12.433999999999996;0.16600000000000392
2026-05-18 22:00:00;2;12.1;12.061000000000002;0.038999999999997925
2026-05-18 23:00:00;2;11.6;11.69592;-0.09591999999999956
2026-05-19 00:00:00;2;11.1;11.128200000000001;-0.02820000000000178
2026-05-19 01:00:00;2;11.16;10.830879999999997;0.3291200000000032
2026-05-19 02:00:00;2;11.22;10.946959999999999;0.2730400000000017
2026-05-19 03:00:00;2;11.28;10.986439999999993;0.2935600000000065
2026-05-19 04:00:00;2;11.34;10.981720000000001;0.3582799999999988
2026-05-19 05:00:00;2;11.4;11.143799999999999;0.25620000000000154
2026-05-19 06:00:00;2;11.46;11.7036;-0.24359999999999893
2026-05-19 07:00:00;2;11.52;12.030560000000003;-0.5105600000000035
2026-05-19 08:00:00;2;11.58;12.01148;-0.43148000000000053
2026-05-19 09:00:00;2;11.64;12.07676;-0.4367599999999996
2026-05-19 10:00:00;2;11.7;12.131359999999999;-0.43135999999999974
2026-05-19 11:00:00;2;11.76;12.223799999999997;-0.4637999999999973
2026-05-19 12:00:00;2;11.82;12.133159999999997;-0.31315999999999633
2026-05-19 13:00:00;2;11.88;12.465239999999996;-0.5852399999999953
2026-05-19 14:00:00;2;11.94;12.569479999999993;-0.6294799999999938
2026-05-19 15:00:00;2;12.0;12.52244;-0.5224399999999996
2026-05-19 16:00:00;2;12.06;12.066159999999998;-0.006159999999997723
2026-05-19 17:00:00;2;12.12;11.565079999999996;0.5549200000000027
2026-05-19 18:00:00;2;12.18;11.928920000000005;0.25107999999999464
2026-05-19 19:00:00;2;12.24;11.96112;0.2788800000000009
2026-05-19 20:00:00;2;12.3;11.947680000000007;0.3523199999999935
2026-05-19 21:00:00;2;12.36;11.944760000000008;0.41523999999999184
2026-05-19 22:00:00;2;12.42;11.915880000000014;0.5041199999999861
2026-05-19 23:00:00;2;12.48;12.033480000000015;0.4465199999999854
2026-05-20 00:00:00;2;12.54;12.070960000000012;0.46903999999998724
2026-05-20 01:00:00;2;12.6;12.102440000000003;0.49755999999999645
2026-05-20 02:00:00;2;12.1;12.166919999999998;-0.06691999999999787
2026-05-20 03:00:00;2;11.8;11.759959999999994;0.040040000000006515
2026-05-20 04:00:00;2;11.8;11.41371999999999;0.38628000000000995
2026-05-20 05:00:00;2;11.9;11.461399999999996;0.43860000000000454
2026-05-20 06:00:00;2;13.0;12.223879999999998;0.7761200000000024
2026-05-20 07:00:00;2;14.4;14.401480000000001;-0.001480000000000814
2026-05-20 08:00:00;2;16.6;15.275400000000001;1.3246000000000002
2026-05-20 09:00:00;2;18.1;17.889000000000006;0.21099999999999497
2026-05-20 10:00:00;2;19.2;19.301000000000002;-0.10100000000000264
2026-05-20 11:00:00;2;19.9;20.01;-0.11000000000000298
2026-05-20 12:00:00;2;21.1;20.298999999999992;0.801000000000009
2026-05-20 13:00:00;2;21.3;21.129999999999995;0.17000000000000526
2026-05-20 14:00:00;2;22.0;21.05599999999999;0.9440000000000097
2026-05-20 15:00:00;2;22.5;21.881999999999994;0.6180000000000057
2026-05-20 16:00:00;2;22.2;22.051999999999992;0.1480000000000068
2026-05-20 17:00:00;2;21.0;21.334000000000007;-0.33400000000000674
2026-05-20 18:00:00;2;20.1;19.819000000000003;0.2809999999999988
2026-05-20 19:00:00;2;18.5;18.828000000000003;-0.32800000000000296
2026-05-20 20:00:00;2;17.4;17.209;0.19099999999999895
2026-05-20 21:00:00;2;16.5;16.35799999999999;0.14200000000001012
2026-05-20 22:00:00;2;15.4;15.532000000000007;-0.13200000000000678
2026-05-20 23:00:00;2;14.5;14.589000000000004;-0.08900000000000396
2026-05-21 00:00:00;2;13.2;13.988;-0.7880000000000003
2026-05-21 01:00:00;2;12.8;12.585000000000004;0.2149999999999963
2026-05-21 02:00:00;2;12.4;12.411999999999995;-0.011999999999995126
2026-05-21 03:00:00;2;11.9;12.02528;-0.12528000000000006
2026-05-21 04:00:00;2;11.5;11.592879999999996;-0.09287999999999563
2026-05-21 05:00:00;2;12.1;11.349799999999998;0.7502000000000013
2026-05-21 06:00:00;2;14.0;13.285280000000002;0.714719999999998
2026-05-21 07:00:00;2;15.8;16.398999999999987;-0.598999999999986
2026-05-21 08:00:00;2;17.4;17.59499999999999;-0.19499999999999318
2026-05-21 09:00:00;2;19.0;18.845;0.15500000000000114
2026-05-21 10:00:00;2;20.7;20.372;0.3279999999999994
2026-05-21 11:00:00;2;22.0;21.857000000000006;0.14299999999999358
2026-05-21 12:00:00;2;24.0;22.90199999999999;1.0980000000000096
2026-05-21 13:00:00;2;24.4;24.85800000000001;-0.4580000000000126
2026-05-21 14:00:00;2;24.8;24.71;0.08999999999999986
2026-05-21 15:00:00;2;24.9;24.64199999999999;0.2580000000000098
2026-05-21 16:00:00;2;24.7;24.456;0.24399999999999977
2026-05-21 17:00:00;2;24.1;24.078999999999986;0.021000000000015007
2026-05-21 18:00:00;2;23.2;22.764;0.43599999999999994
2026-05-21 19:00:00;2;21.5;21.680999999999987;-0.18099999999998673
2026-05-21 20:00:00;2;20.0;20.222;-0.2220000000000013
2026-05-21 21:00:00;2;18.6;18.671999999999997;-0.07199999999999562
2026-05-21 22:00:00;2;17.5;17.433000000000007;0.06699999999999307
2026-05-21 23:00:00;2;16.6;16.391999999999996;0.2080000000000055
2026-05-22 00:00:00;2;15.6;15.733999999999995;-0.133999999999995
2026-05-22 01:00:00;2;15.1;14.776;0.32399999999999984
2026-05-22 02:00:00;2;14.4;14.507000000000003;-0.10700000000000287
2026-05-22 03:00:00;2;13.6;13.990599999999993;-0.39059999999999384
2026-05-22 04:00:00;2;13.2;13.066999999999993;0.13300000000000622
2026-05-22 05:00:00;2;13.9;13.025799999999995;0.8742000000000054
2026-05-22 06:00:00;2;15.7;14.517560000000001;1.182439999999998
2026-05-22 07:00:00;2;18.1;17.11672;0.9832800000000006
2026-05-22 08:00:00;2;20.4;19.505999999999986;0.8940000000000126
2026-05-22 09:00:00;2;22.5;22.215999999999998;0.2840000000000025
2026-05-22 10:00:00;2;24.2;23.73299999999998;0.46700000000002007
2026-05-22 11:00:00;2;25.6;25.292;0.30799999999999983
2026-05-22 12:00:00;2;27.6;26.227000000000007;1.372999999999994
2026-05-22 13:00:00;2;28.2;27.193000000000012;1.0069999999999872
2026-05-22 14:00:00;2;28.5;27.662000000000006;0.8379999999999939
2026-05-22 15:00:00;2;28.5;27.60400000000001;0.8959999999999901
2026-05-22 16:00:00;2;28.0;27.25400000000002;0.7459999999999809
2026-05-22 17:00:00;2;27.3;26.412000000000017;0.8879999999999839
2026-05-22 18:00:00;2;26.4;25.779000000000014;0.6209999999999845
2026-05-22 19:00:00;2;24.6;24.56900000000001;0.0309999999999917
2026-05-22 20:00:00;2;22.9;22.705999999999996;0.19400000000000261
2026-05-22 21:00:00;2;21.5;21.495999999999995;0.0040000000000048885
2026-05-22 22:00:00;2;20.5;20.372;0.1280000000000001
2026-05-22 23:00:00;2;19.4;19.148999999999997;0.2510000000000012
2026-05-23 00:00:00;2;18.1;18.214000000000002;-0.11400000000000077
2026-05-23 01:00:00;2;17.5;16.978999999999992;0.5210000000000079
2026-05-23 02:00:00;2;17.0;16.668000000000003;0.3319999999999972
2026-05-23 03:00:00;2;16.4;16.28400000000001;0.115999999999989
2026-05-23 04:00:00;2;15.7;15.904000000000002;-0.2040000000000024
2026-05-23 05:00:00;2;16.1;15.512;0.588000000000001
2026-05-23 06:00:00;2;17.6;16.81199999999999;0.7880000000000109
2026-05-23 07:00:00;2;19.8;17.688999999999993;2.1110000000000078
2026-05-23 08:00:00;2;22.4;21.75499999999998;0.6450000000000173
2026-05-23 09:00:00;2;24.5;23.326000000000004;1.173999999999996
2026-05-23 10:00:00;2;26.4;25.320999999999998;1.0790000000000006
2026-05-23 11:00:00;2;27.7;26.55399999999999;1.146000000000008
2026-05-23 12:00:00;2;29.2;27.01200000000001;2.187999999999988
2026-05-23 13:00:00;2;29.6;27.62900000000001;1.970999999999993
2026-05-23 14:00:00;2;30.0;27.816000000000003;2.1839999999999975
2026-05-23 15:00:00;2;29.8;27.55600000000001;2.243999999999989
2026-05-23 16:00:00;2;29.2;27.17800000000002;2.0219999999999807
2026-05-23 17:00:00;2;28.4;26.97900000000002;1.420999999999978
2026-05-23 18:00:00;2;27.9;26.89600000000002;1.00399999999998
2026-05-23 19:00:00;2;26.2;26.195000000000014;0.004999999999984794
2026-05-23 20:00:00;2;24.5;24.208999999999993;0.2910000000000075
2026-05-23 21:00:00;2;23.2;22.889;0.31099999999999994
2026-05-23 22:00:00;2;22.2;21.912;0.28800000000000026
2026-05-23 23:00:00;2;21.1;20.776999999999994;0.3230000000000075
2026-05-24 00:00:00;2;19.8;19.797000000000008;0.0029999999999930083
2026-05-24 01:00:00;2;19.5;18.533;0.9669999999999987
2026-05-24 02:00:00;2;19.0;18.530000000000012;0.4699999999999882
2026-05-24 03:00:00;2;18.2;17.940000000000005;0.25999999999999446
2026-05-24 04:00:00;2;17.6;18.519999999999992;-0.919999999999991
2026-05-24 05:00:00;2;18.3;17.357;0.9430000000000014
2026-05-24 06:00:00;2;19.3;18.898000000000003;0.40199999999999747
2026-05-24 07:00:00;2;21.1;19.328999999999994;1.771000000000008
2026-05-24 08:00:00;2;23.0;21.744000000000014;1.255999999999986
2026-05-24 09:00:00;2;24.9;23.64999999999999;1.250000000000007
2026-05-24 10:00:00;2;26.8;25.031999999999996;1.7680000000000042
2026-05-24 11:00:00;2;28.4;26.524;1.8759999999999977
2026-05-24 12:00:00;2;30.5;27.67200000000001;2.8279999999999887
2026-05-24 13:00:00;2;31.4;28.25300000000002;3.146999999999977
2026-05-24 14:00:00;2;31.8;28.11100000000001;3.6889999999999894
2026-05-24 15:00:00;2;31.5;27.887000000000015;3.6129999999999853
2026-05-24 16:00:00;2;31.3;27.46300000000001;3.836999999999989
2026-05-24 17:00:00;2;30.6;27.285000000000014;3.314999999999987
2026-05-24 18:00:00;2;30.3;26.911000000000023;3.388999999999978
2026-05-24 19:00:00;2;28.7;26.886000000000017;1.8139999999999823
2026-05-24 20:00:00;2;27.4;26.98900000000002;0.41099999999998005
2026-05-24 21:00:00;2;26.5;26.084000000000017;0.4159999999999826
2026-05-24 22:00:00;2;25.3;24.424000000000007;0.8759999999999941
2026-05-24 23:00:00;2;24.0;23.136999999999997;0.8630000000000031
2026-05-25 00:00:00;2;21.9;21.692999999999998;0.20700000000000074
2026-05-25 01:00:00;2;21.2;20.022999999999996;1.1770000000000032
2026-05-25 02:00:00;2;20.2;19.506000000000007;0.693999999999992
2026-05-25 03:00:00;2;19.4;18.663;0.7369999999999983
2026-05-25 04:00:00;2;18.4;18.257;0.14299999999999713
2026-05-25 05:00:00;2;18.8;18.032999999999994;0.7670000000000066
2026-05-25 06:00:00;2;20.4;18.180000000000007;2.2199999999999918
2026-05-25 07:00:00;2;22.7;20.962000000000003;1.737999999999996
2026-05-25 08:00:00;2;25.0;22.686;2.314
2026-05-25 09:00:00;2;27.3;24.982999999999997;2.3170000000000037
2026-05-25 10:00:00;2;29.1;26.524000000000004;2.575999999999997
2026-05-25 11:00:00;2;30.6;27.59100000000001;3.0089999999999897
2026-05-25 12:00:00;2;32.1;27.63000000000001;4.469999999999992
2026-05-25 13:00:00;2;32.8;28.06400000000001;4.735999999999986
2026-05-25 14:00:00;2;33.2;28.05600000000001;5.143999999999991
2026-05-25 15:00:00;2;33.0;27.946000000000016;5.053999999999984
2026-05-25 16:00:00;2;32.9;27.901000000000018;4.998999999999981
2026-05-25 17:00:00;2;32.2;27.375000000000014;4.824999999999989
2026-05-25 18:00:00;2;31.1;26.97100000000002;4.12899999999998
2026-05-25 19:00:00;2;29.0;26.761000000000013;2.2389999999999866
2026-05-25 20:00:00;2;27.5;26.862000000000013;0.6379999999999875
2026-05-25 21:00:00;2;26.2;26.108000000000015;0.09199999999998454
2026-05-25 22:00:00;2;25.2;24.227999999999987;0.972000000000012
2026-05-25 23:00:00;2;24.2;22.96399999999999;1.2360000000000078
2026-05-26 00:00:00;2;22.1;21.807999999999996;0.29200000000000514
2026-05-26 01:00:00;2;21.4;20.01899999999999;1.3810000000000073
2026-05-26 02:00:00;2;21.0;19.694;1.306000000000001
2026-05-26 03:00:00;2;20.1;19.514000000000003;0.5859999999999985
2026-05-26 04:00:00;2;19.2;18.634000000000004;0.5659999999999954
2026-05-26 05:00:00;2;19.9;18.014000000000006;1.8859999999999921
2026-05-26 06:00:00;2;21.5;18.651999999999997;2.8480000000000025
2026-05-26 07:00:00;2;24.0;21.413999999999998;2.586000000000002
2026-05-26 08:00:00;2;26.0;23.826999999999984;2.173000000000016
2026-05-26 09:00:00;2;28.1;25.949000000000005;2.1509999999999962
2026-05-26 10:00:00;2;30.0;27.29100000000001;2.708999999999989
2026-05-26 11:00:00;2;31.4;27.546000000000014;3.853999999999985
2026-05-26 12:00:00;2;32.3;28.11500000000001;4.184999999999988
2026-05-26 13:00:00;2;33.3;28.039000000000016;5.2609999999999815
2026-05-26 14:00:00;2;33.6;28.08700000000002;5.51299999999998
2026-05-26 15:00:00;2;33.8;28.04300000000002;5.756999999999977
2026-05-26 16:00:00;2;33.2;27.906000000000017;5.293999999999986
2026-05-26 17:00:00;2;32.7;27.727000000000018;4.972999999999985
2026-05-26 18:00:00;2;32.0;27.697000000000017;4.302999999999983
2026-05-26 19:00:00;2;30.2;27.054000000000023;3.145999999999976
2026-05-26 20:00:00;2;28.9;27.01300000000002;1.8869999999999791
2026-05-26 21:00:00;2;27.8;27.003000000000025;0.7969999999999757
2026-05-26 22:00:00;2;26.4;26.206000000000007;0.19399999999999196
2026-05-26 23:00:00;2;25.4;24.592000000000002;0.8079999999999963
2026-05-27 00:00:00;2;23.2;23.37199999999999;-0.17199999999998994
2026-05-27 01:00:00;2;22.2;21.245999999999995;0.9540000000000042
2026-05-27 02:00:00;2;21.4;20.276999999999997;1.123000000000001
2026-05-27 03:00:00;2;20.7;19.777;0.9229999999999983
2026-05-27 04:00:00;2;20.0;18.929000000000006;1.0709999999999944
2026-05-27 05:00:00;2;20.8;18.989;1.811
2026-05-27 06:00:00;2;22.0;19.518000000000004;2.4819999999999958
2026-05-27 07:00:00;2;23.9;21.373;2.5269999999999975
2026-05-27 08:00:00;2;26.0;23.552999999999983;2.447000000000017
2026-05-27 09:00:00;2;28.0;25.628999999999998;2.371000000000002
2026-05-27 10:00:00;2;29.8;27.05100000000001;2.7489999999999917
2026-05-27 11:00:00;2;31.3;27.585000000000008;3.7149999999999928
2026-05-27 12:00:00;2;32.5;27.75900000000001;4.740999999999989
2026-05-27 13:00:00;2;32.8;27.70300000000002;5.096999999999976
2026-05-27 14:00:00;2;33.0;27.717000000000017;5.2829999999999835
2026-05-27 15:00:00;2;32.5;27.669000000000015;4.830999999999985
2026-05-27 16:00:00;2;31.9;27.526000000000014;4.373999999999985
2026-05-27 17:00:00;2;31.1;27.279000000000014;3.8209999999999873
2026-05-27 18:00:00;2;30.2;27.259000000000015;2.9409999999999847
2026-05-27 19:00:00;2;28.5;26.95600000000002;1.5439999999999792
2026-05-27 20:00:00;2;27.1;26.936000000000018;0.16399999999998371
2026-05-27 21:00:00;2;25.9;25.710000000000008;0.18999999999999062
2026-05-27 22:00:00;2;24.6;24.303999999999995;0.2960000000000065
2026-05-27 23:00:00;2;23.1;23.297000000000004;-0.19700000000000273
2026-05-28 00:00:00;2;21.7;21.013999999999992;0.686000000000007
2026-05-28 01:00:00;2;21.1;20.535;0.5650000000000013
2026-05-28 02:00:00;2;20.2;19.842000000000006;0.35799999999999343
2026-05-28 03:00:00;2;19.5;19.132000000000005;0.367999999999995
2026-05-28 04:00:00;2;19.0;18.320000000000004;0.6799999999999962
2026-05-28 05:00:00;2;19.5;18.149;1.350999999999999
2026-05-28 06:00:00;2;20.9;18.500000000000004;2.399999999999995
2026-05-28 07:00:00;2;22.6;21.469000000000015;1.130999999999986
2026-05-28 08:00:00;2;24.3;22.50399999999999;1.79600000000001
2026-05-28 09:00:00;2;26.3;24.790000000000006;1.5099999999999945
2026-05-28 10:00:00;2;28.6;25.987;2.613000000000003
2026-05-28 11:00:00;2;30.5;27.577000000000016;2.922999999999984
2026-05-28 12:00:00;2;31.6;27.700000000000017;3.8999999999999844
2026-05-28 13:00:00;2;31.5;27.535000000000018;3.964999999999982
2026-05-28 14:00:00;2;31.4;27.420000000000023;3.9799999999999756
2026-05-28 15:00:00;2;31.1;27.321000000000016;3.7789999999999857
2026-05-28 16:00:00;2;30.5;27.261000000000017;3.238999999999983
2026-05-28 17:00:00;2;29.5;26.84000000000002;2.659999999999979
2026-05-28 18:00:00;2;29.1;27.066000000000017;2.0339999999999847
2026-05-28 19:00:00;2;27.4;26.74100000000002;0.6589999999999776
2026-05-28 20:00:00;2;26.4;25.902000000000015;0.49799999999998334
2026-05-28 21:00:00;2;25.3;24.773000000000007;0.5269999999999939
2026-05-28 22:00:00;2;24.0;24.18099999999999;-0.18099999999999028
2026-05-28 23:00:00;2;22.9;22.824999999999996;0.07500000000000284
2026-05-29 00:00:00;2;21.5;21.801000000000013;-0.3010000000000126
2026-05-29 01:00:00;2;20.8;20.306000000000008;0.49399999999999267
2026-05-29 02:00:00;2;20.1;19.832;0.2680000000000007
2026-05-29 03:00:00;2;19.5;19.29400000000001;0.20599999999998886
2026-05-29 04:00:00;2;18.8;18.358000000000004;0.4419999999999966
2026-05-29 05:00:00;2;19.0;18.293;0.7070000000000007
2026-05-29 06:00:00;2;20.3;18.62;1.6799999999999997
2026-05-29 07:00:00;2;22.0;21.049999999999997;0.9500000000000028
2026-05-29 08:00:00;2;23.8;22.023000000000007;1.776999999999994
2026-05-29 09:00:00;2;25.8;24.311000000000007;1.4889999999999937
2026-05-29 10:00:00;2;27.6;25.809999999999995;1.7900000000000063
2026-05-29 11:00:00;2;29.2;27.185000000000024;2.0149999999999757
2026-05-29 12:00:00;2;30.9;27.908000000000015;2.991999999999983
2026-05-29 13:00:00;2;31.4;27.905000000000022;3.494999999999976
2026-05-29 14:00:00;2;31.9;27.60400000000002;4.295999999999978
2026-05-29 15:00:00;2;31.8;27.572000000000013;4.227999999999987
2026-05-29 16:00:00;2;31.4;27.516000000000016;3.8839999999999826
2026-05-29 17:00:00;2;31.0;27.36100000000002;3.6389999999999816
2026-05-29 18:00:00;2;30.3;27.33000000000002;2.969999999999981
2026-05-29 19:00:00;2;28.6;26.97700000000002;1.6229999999999798
2026-05-29 20:00:00;2;27.1;27.10400000000002;-0.004000000000019099
2026-05-29 21:00:00;2;26.1;25.870000000000015;0.22999999999998622
2026-05-29 22:00:00;2;24.8;24.352000000000004;0.44799999999999685
2026-05-29 23:00:00;2;23.4;23.77299999999999;-0.37299999999999045
2026-05-30 00:00:00;2;21.5;21.93;-0.4299999999999997
2026-05-30 01:00:00;2;20.5;20.374;0.12600000000000122
2026-05-30 02:00:00;2;19.9;19.41000000000001;0.4899999999999878
2026-05-30 03:00:00;2;19.2;18.879;0.32099999999999795
2026-05-30 04:00:00;2;19.0;18.163;0.8369999999999997
2026-05-30 05:00:00;2;19.6;18.115;1.485000000000003
2026-05-30 06:00:00;2;20.4;18.852999999999998;1.5470000000000006
2026-05-30 07:00:00;2;22.5;21.227999999999994;1.2720000000000056
2026-05-30 08:00:00;2;24.6;22.524000000000004;2.075999999999997
2026-05-30 09:00:00;2;26.4;25.09300000000001;1.306999999999988
2026-05-30 10:00:00;2;28.2;26.53099999999999;1.6690000000000076
2026-05-30 11:00:00;2;29.8;27.557000000000016;2.2429999999999843
2026-05-30 12:00:00;2;31.0;28.16900000000002;2.8309999999999818
2026-05-30 13:00:00;2;31.4;28.147000000000016;3.2529999999999824
2026-05-30 14:00:00;2;31.6;27.961000000000016;3.638999999999985
2026-05-30 15:00:00;2;31.7;27.951000000000025;3.748999999999974
2026-05-30 16:00:00;2;31.5;27.66000000000002;3.8399999999999785
2026-05-30 17:00:00;2;30.8;27.494000000000018;3.305999999999983
2026-05-30 18:00:00;2;30.4;27.48400000000002;2.915999999999979
2026-05-30 19:00:00;2;28.8;27.597000000000016;1.2029999999999852
2026-05-30 20:00:00;2;27.0;27.108000000000025;-0.10800000000002541
2026-05-30 21:00:00;2;25.6;25.739000000000004;-0.1390000000000029
2026-05-30 22:00:00;2;24.6;24.109000000000005;0.4909999999999961
2026-05-30 23:00:00;2;23.1;23.122999999999987;-0.022999999999985477
2026-05-13 00:00:00;3;13.7;13.688000000000004;0.011999999999995126
2026-05-13 01:00:00;3;13.4;13.534799999999995;-0.13479999999999492
2026-05-13 02:00:00;3;13.2;13.158439999999999;0.041560000000000485
2026-05-13 03:00:00;3;12.8;13.050039999999994;-0.25003999999999316
2026-05-13 04:00:00;3;12.4;12.592000000000002;-0.19200000000000195
2026-05-13 05:00:00;3;12.6;12.052360000000007;0.5476399999999924
2026-05-13 06:00:00;3;13.6;13.48008000000001;0.11991999999998981
2026-05-13 07:00:00;3;14.4;15.093560000000007;-0.6935600000000068
2026-05-13 08:00:00;3;15.4;15.489240000000004;-0.08924000000000376
2026-05-13 09:00:00;3;16.9;16.52599999999999;0.37400000000000944
2026-05-13 10:00:00;3;18.0;18.256;-0.2560000000000002
2026-05-13 11:00:00;3;18.8;18.848999999999997;-0.048999999999995936
2026-05-13 12:00:00;3;19.4;19.222999999999995;0.17700000000000315
2026-05-13 13:00:00;3;20.0;19.807999999999993;0.19200000000000728
2026-05-13 14:00:00;3;20.4;20.261000000000003;0.1389999999999958
2026-05-13 15:00:00;3;20.4;20.459999999999994;-0.05999999999999517
2026-05-13 16:00:00;3;20.6;20.04200000000001;0.5579999999999927
2026-05-13 17:00:00;3;20.2;20.208;-0.007999999999999119
2026-05-13 18:00:00;3;19.8;19.498999999999995;0.3010000000000055
2026-05-13 19:00:00;3;18.5;19.094999999999988;-0.5949999999999882
2026-05-13 20:00:00;3;17.8;17.381000000000014;0.4189999999999863
2026-05-13 21:00:00;3;16.9;17.204;-0.30400000000000205
2026-05-13 22:00:00;3;16.3;16.23364000000001;0.06635999999999243
2026-05-13 23:00:00;3;15.9;15.910000000000007;-0.010000000000006892
2026-05-14 00:00:00;3;15.4;15.432360000000001;-0.03236000000000061
2026-05-14 01:00:00;3;14.7;14.937199999999995;-0.23719999999999608
2026-05-14 02:00:00;3;14.1;14.376560000000005;-0.27656000000000525
2026-05-14 03:00:00;3;13.6;13.68703999999999;-0.08703999999999112
2026-05-14 04:00:00;3;13.0;13.328759999999997;-0.3287599999999973
2026-05-14 05:00:00;3;12.9;12.657880000000002;0.24211999999999811
2026-05-14 06:00:00;3;14.2;13.513520000000002;0.6864799999999978
2026-05-14 07:00:00;3;15.0;15.912120000000002;-0.9121200000000016
2026-05-14 08:00:00;3;15.3;16.2038;-0.9038000000000004
2026-05-14 09:00:00;3;15.4;16.482999999999993;-1.082999999999993
2026-05-14 10:00:00;3;15.6;16.318999999999996;-0.7189999999999959
2026-05-14 11:00:00;3;16.5;16.759;-0.25900000000000034
2026-05-14 12:00:00;3;14.7;16.992680000000004;-2.2926800000000043
2026-05-14 13:00:00;3;16.5;15.647320000000004;0.8526799999999959
2026-05-14 14:00:00;3;16.8;16.41403999999999;0.3859600000000114
2026-05-14 15:00:00;3;16.8;16.685;0.11500000000000199
2026-05-14 16:00:00;3;17.2;16.391080000000002;0.808919999999997
2026-05-14 17:00:00;3;17.0;16.58199999999999;0.4180000000000099
2026-05-14 18:00:00;3;16.5;16.24968;0.25031999999999854
2026-05-14 19:00:00;3;15.9;15.916440000000001;-0.01644000000000112
2026-05-14 20:00:00;3;14.6;15.319040000000003;-0.7190400000000032
2026-05-14 21:00:00;3;13.8;13.941000000000004;-0.14100000000000357
2026-05-14 22:00:00;3;13.3;13.191;0.10899999999999999
2026-05-14 23:00:00;3;12.9;12.826039999999992;0.07396000000000846
2026-05-15 00:00:00;3;12.1;12.454399999999996;-0.3543999999999965
2026-05-15 01:00:00;3;11.6;11.628;-0.02800000000000047
2026-05-15 02:00:00;3;11.1;11.32544;-0.22544000000000075
2026-05-15 03:00:00;3;10.9;10.926479999999994;-0.026479999999994064
2026-05-15 04:00:00;3;10.6;10.68788;-0.08788000000000018
2026-05-15 05:00:00;3;10.6;10.478559999999995;0.1214400000000051
2026-05-15 06:00:00;3;11.2;11.331519999999998;-0.1315199999999983
2026-05-15 07:00:00;3;11.8;12.181040000000007;-0.3810400000000058
2026-05-15 08:00:00;3;12.9;12.361040000000004;0.5389599999999959
2026-05-15 09:00:00;3;14.2;13.915559999999996;0.2844400000000036
2026-05-15 10:00:00;3;15.1;15.300000000000002;-0.20000000000000284
2026-05-15 11:00:00;3;16.1;16.196000000000005;-0.09600000000000364
2026-05-15 12:00:00;3;16.1;16.619999999999994;-0.5199999999999925
2026-05-15 13:00:00;3;16.2;16.521999999999995;-0.3219999999999956
2026-05-15 14:00:00;3;16.2;16.014440000000008;0.18555999999999173
2026-05-15 15:00:00;3;16.5;15.849760000000003;0.6502399999999966
2026-05-15 16:00:00;3;15.9;15.788999999999994;0.11100000000000598
2026-05-15 17:00:00;3;15.4;15.140520000000004;0.2594799999999964
2026-05-15 18:00:00;3;14.8;14.621000000000002;0.1789999999999985
2026-05-15 19:00:00;3;13.8;13.979559999999994;-0.17955999999999328
2026-05-15 20:00:00;3;13.0;13.507000000000003;-0.5070000000000032
2026-05-15 21:00:00;3;12.2;12.222999999999999;-0.022999999999999687
2026-05-15 22:00:00;3;11.9;11.719000000000001;0.18099999999999916
2026-05-15 23:00:00;3;11.4;11.65;-0.25
2026-05-16 00:00:00;3;11.3;11.101;0.19899999999999984
2026-05-16 01:00:00;3;11.1;10.951760000000002;0.1482399999999977
2026-05-16 02:00:00;3;10.8;10.733520000000004;0.06647999999999676
2026-05-16 03:00:00;3;10.6;10.54296;0.05703999999999887
2026-05-16 04:00:00;3;10.4;10.474199999999996;-0.07419999999999582
2026-05-16 05:00:00;3;10.4;10.188440000000003;0.21155999999999686
2026-05-16 06:00:00;3;11.4;10.914119999999993;0.485880000000007
2026-05-16 07:00:00;3;12.4;12.614999999999995;-0.21499999999999453
2026-05-16 08:00:00;3;13.4;13.636999999999999;-0.23699999999999832
2026-05-16 09:00:00;3;14.6;14.55899999999999;0.04100000000000925
2026-05-16 10:00:00;3;15.8;15.533159999999995;0.2668400000000055
2026-05-16 11:00:00;3;16.8;16.715999999999998;0.08400000000000318
2026-05-16 12:00:00;3;17.5;17.262000000000004;0.237999999999996
2026-05-16 13:00:00;3;17.7;17.806;-0.10600000000000165
2026-05-16 14:00:00;3;18.1;17.666;0.43400000000000105
2026-05-16 15:00:00;3;18.1;18.170999999999996;-0.0709999999999944
2026-05-16 16:00:00;3;18.0;17.806999999999995;0.19300000000000495
2026-05-16 17:00:00;3;17.5;17.492;0.007999999999999119
2026-05-16 18:00:00;3;17.0;16.51100000000001;0.4889999999999901
2026-05-16 19:00:00;3;16.1;16.221;-0.12099999999999866
2026-05-16 20:00:00;3;15.4;15.173000000000007;0.2269999999999932
2026-05-16 21:00:00;3;14.9;14.664000000000001;0.23599999999999888
2026-05-16 22:00:00;3;14.5;14.345999999999997;0.15400000000000347
2026-05-16 23:00:00;3;14.1;14.103;-0.0030000000000001137
2026-05-17 00:00:00;3;13.6;13.694000000000003;-0.09400000000000297
2026-05-17 01:00:00;3;13.1;13.243000000000002;-0.14300000000000246
2026-05-17 02:00:00;3;12.3;12.536479999999997;-0.2364799999999967
2026-05-17 03:00:00;3;11.9;11.848680000000002;0.0513199999999987
2026-05-17 04:00:00;3;11.5;11.517000000000007;-0.017000000000006565
2026-05-17 05:00:00;3;11.5;11.27788;0.22212000000000032
2026-05-17 06:00:00;3;12.1;12.279120000000002;-0.17912000000000283
2026-05-17 07:00:00;3;13.3;12.947000000000001;0.35299999999999976
2026-05-17 08:00:00;3;14.9;14.299999999999988;0.6000000000000121
2026-05-17 09:00:00;3;16.7;16.233000000000008;0.46699999999999164
2026-05-17 10:00:00;3;18.5;18.255;0.245000000000001
2026-05-17 11:00:00;3;20.0;19.79399999999999;0.20600000000001017
2026-05-17 12:00:00;3;21.1;21.073;0.027000000000001023
2026-05-17 13:00:00;3;20.0;21.375;-1.375
2026-05-17 14:00:00;3;19.1;19.870000000000005;-0.7700000000000031
2026-05-17 15:00:00;3;19.2;18.912;0.28800000000000026
2026-05-17 16:00:00;3;18.4;18.697999999999997;-0.29799999999999827
2026-05-17 17:00:00;3;17.6;17.389000000000003;0.21099999999999852
2026-05-17 18:00:00;3;17.3;16.64200000000001;0.6579999999999906
2026-05-17 19:00:00;3;16.5;16.42000000000001;0.07999999999999119
2026-05-17 20:00:00;3;16.4;15.79564;0.604359999999998
2026-05-17 21:00:00;3;16.2;15.96772;0.23227999999999938
2026-05-17 22:00:00;3;15.9;15.460320000000001;0.4396799999999992
2026-05-17 23:00:00;3;15.6;15.466879999999993;0.133120000000007
2026-05-18 00:00:00;3;14.8;15.110000000000003;-0.3100000000000023
2026-05-18 01:00:00;3;14.4;14.339639999999992;0.060360000000008185
2026-05-18 02:00:00;3;14.1;14.009800000000006;0.09019999999999406
2026-05-18 03:00:00;3;13.2;13.713799999999994;-0.5137999999999945
2026-05-18 04:00:00;3;12.6;13.030119999999995;-0.4301199999999952
2026-05-18 05:00:00;3;13.2;12.223000000000004;0.976999999999995
2026-05-18 06:00:00;3;14.6;14.124159999999993;0.4758400000000069
2026-05-18 07:00:00;3;16.0;16.25759999999999;-0.2575999999999894
2026-05-18 08:00:00;3;17.6;17.272039999999997;0.32796000000000447
2026-05-18 09:00:00;3;18.7;18.598;0.10200000000000031
2026-05-18 10:00:00;3;19.6;19.316000000000006;0.28399999999999537
2026-05-18 11:00:00;3;19.9;20.106000000000016;-0.20600000000001728
2026-05-18 12:00:00;3;20.0;20.195000000000007;-0.1950000000000074
2026-05-18 13:00:00;3;20.6;20.339000000000002;0.26099999999999923
2026-05-18 14:00:00;3;20.1;20.666999999999998;-0.5669999999999966
2026-05-18 15:00:00;3;19.1;20.051999999999992;-0.9519999999999911
2026-05-18 16:00:00;3;18.4;18.308;0.09199999999999875
2026-05-18 17:00:00;3;17.5;17.584000000000007;-0.08400000000000674
2026-05-18 18:00:00;3;17.6;16.712000000000003;0.8879999999999981
2026-05-18 19:00:00;3;16.9;17.055000000000003;-0.1550000000000047
2026-05-18 20:00:00;3;16.6;16.43680000000001;0.16319999999999268
2026-05-18 21:00:00;3;16.5;16.184680000000004;0.31531999999999627
2026-05-18 22:00:00;3;16.2;16.09804;0.10195999999999827
2026-05-18 23:00:00;3;15.9;15.89704000000001;0.00295999999999097
2026-05-19 00:00:00;3;15.7;15.704439999999993;-0.00443999999999356
2026-05-19 01:00:00;3;15.704;15.413799999999998;0.29020000000000223
2026-05-19 02:00:00;3;15.708;15.436240000000005;0.2717599999999951
2026-05-19 03:00:00;3;15.712;15.48344;0.22855999999999987
2026-05-19 04:00:00;3;15.716;15.481479999999998;0.23452000000000162
2026-05-19 05:00:00;3;15.72;15.733079999999994;-0.01307999999999332
2026-05-19 06:00:00;3;15.724;16.23915999999999;-0.515159999999991
2026-05-19 07:00:00;3;15.728;16.301560000000006;-0.5735600000000058
2026-05-19 08:00:00;3;15.732;16.38267999999999;-0.6506799999999906
2026-05-19 09:00:00;3;15.736;16.40799999999999;-0.6719999999999899
2026-05-19 10:00:00;3;15.74;16.360799999999998;-0.6207999999999974
2026-05-19 11:00:00;3;15.744;16.030999999999995;-0.2869999999999955
2026-05-19 12:00:00;3;15.748;15.708119999999997;0.039880000000001914
2026-05-19 13:00:00;3;15.752;16.011319999999998;-0.2593199999999971
2026-05-19 14:00:00;3;15.756;15.9516;-0.19559999999999889
2026-05-19 15:00:00;3;15.76;15.898600000000005;-0.1386000000000056
2026-05-19 16:00:00;3;15.764;15.840400000000011;-0.07640000000001201
2026-05-19 17:00:00;3;15.768;15.626800000000008;0.14119999999999244
2026-05-19 18:00:00;3;15.772;15.545000000000009;0.22699999999999143
2026-05-19 19:00:00;3;15.776;15.415880000000008;0.36011999999999134
2026-05-19 20:00:00;3;15.78;15.46812000000001;0.3118799999999897
2026-05-19 21:00:00;3;15.784;15.48144000000001;0.30255999999999084
2026-05-19 22:00:00;3;15.788;15.462040000000009;0.32595999999999137
2026-05-19 23:00:00;3;15.792;15.470480000000007;0.3215199999999925
2026-05-20 00:00:00;3;15.796;15.432600000000004;0.36339999999999506
2026-05-20 01:00:00;3;15.8;15.470280000000008;0.3297199999999929
2026-05-20 02:00:00;3;15.6;15.429080000000004;0.1709199999999953
2026-05-20 03:00:00;3;15.4;15.378240000000003;0.021759999999996893
2026-05-20 04:00:00;3;15.1;15.026600000000004;0.07339999999999591
2026-05-20 05:00:00;3;15.8;15.254199999999994;0.545800000000007
2026-05-20 06:00:00;3;17.9;17.146839999999997;0.7531600000000012
2026-05-20 07:00:00;3;20.2;19.239000000000008;0.9609999999999914
2026-05-20 08:00:00;3;21.8;21.416999999999984;0.3830000000000169
2026-05-20 09:00:00;3;23.5;22.67599999999999;0.8240000000000087
2026-05-20 10:00:00;3;24.9;24.313000000000002;0.5869999999999962
2026-05-20 11:00:00;3;25.6;25.500000000000014;0.09999999999998721
2026-05-20 12:00:00;3;27.1;26.215000000000014;0.8849999999999874
2026-05-20 13:00:00;3;26.6;27.19700000000002;-0.5970000000000191
2026-05-20 14:00:00;3;26.1;26.016000000000016;0.08399999999998542
2026-05-20 15:00:00;3;25.5;25.310000000000006;0.18999999999999417
2026-05-20 16:00:00;3;24.1;24.239000000000004;-0.1390000000000029
2026-05-20 17:00:00;3;22.5;21.799;0.7010000000000005
2026-05-20 18:00:00;3;22.0;21.077000000000012;0.9229999999999876
2026-05-20 19:00:00;3;20.9;20.758999999999997;0.1410000000000018
2026-05-20 20:00:00;3;20.4;19.86;0.5399999999999991
2026-05-20 21:00:00;3;20.1;19.218;0.8820000000000014
2026-05-20 22:00:00;3;19.6;19.102999999999998;0.49700000000000344
2026-05-20 23:00:00;3;19.3;18.540000000000006;0.7599999999999945
2026-05-21 00:00:00;3;19.0;18.29100000000001;0.708999999999989
2026-05-21 01:00:00;3;17.7;18.159000000000002;-0.4590000000000032
2026-05-21 02:00:00;3;16.3;16.77;-0.46999999999999886
2026-05-21 03:00:00;3;15.5;15.622000000000003;-0.12200000000000344
2026-05-21 04:00:00;3;14.9;14.812000000000001;0.08799999999999919
2026-05-21 05:00:00;3;15.3;14.741999999999987;0.558000000000014
2026-05-21 06:00:00;3;18.1;16.55863999999999;1.5413600000000116
2026-05-21 07:00:00;3;20.0;19.813;0.18700000000000117
2026-05-21 08:00:00;3;21.0;22.102999999999984;-1.1029999999999838
2026-05-21 09:00:00;3;21.4;21.916;-0.5160000000000018
2026-05-21 10:00:00;3;21.7;21.472999999999992;0.22700000000000742
2026-05-21 11:00:00;3;21.8;21.68;0.120000000000001
2026-05-21 12:00:00;3;22.9;21.993000000000006;0.9069999999999929
2026-05-21 13:00:00;3;22.6;22.51700000000001;0.0829999999999913
2026-05-21 14:00:00;3;22.6;22.147999999999996;0.4520000000000053
2026-05-21 15:00:00;3;22.3;22.202999999999996;0.09700000000000486
2026-05-21 16:00:00;3;22.0;21.988000000000003;0.011999999999996902
2026-05-21 17:00:00;3;21.5;21.344000000000005;0.15599999999999525
2026-05-21 18:00:00;3;20.9;20.851999999999997;0.04800000000000182
2026-05-21 19:00:00;3;19.8;20.131;-0.3309999999999995
2026-05-21 20:00:00;3;19.5;18.779;0.7210000000000001
2026-05-21 21:00:00;3;19.4;18.300000000000004;1.0999999999999943
2026-05-21 22:00:00;3;19.0;18.395000000000007;0.6049999999999933
2026-05-21 23:00:00;3;18.4;18.067;0.3329999999999984
2026-05-22 00:00:00;3;17.9;17.592;0.30799999999999983
2026-05-22 01:00:00;3;17.1;17.315999999999992;-0.21599999999999042
2026-05-22 02:00:00;3;16.5;16.49000000000001;0.009999999999990905
2026-05-22 03:00:00;3;16.0;15.785000000000004;0.2149999999999963
2026-05-22 04:00:00;3;15.6;15.548360000000008;0.051639999999991915
2026-05-22 05:00:00;3;16.4;15.738199999999992;0.6618000000000066
2026-05-22 06:00:00;3;19.0;17.605000000000004;1.394999999999996
2026-05-22 07:00:00;3;20.8;19.989999999999995;0.8100000000000058
2026-05-22 08:00:00;3;22.2;21.43800000000001;0.7619999999999898
2026-05-22 09:00:00;3;23.0;23.072000000000003;-0.07200000000000273
2026-05-22 10:00:00;3;23.4;23.33700000000001;0.06299999999998818
2026-05-22 11:00:00;3;23.3;23.246000000000013;0.053999999999987836
2026-05-22 12:00:00;3;23.3;23.011000000000003;0.2889999999999979
2026-05-22 13:00:00;3;22.7;22.752999999999997;-0.05299999999999727
2026-05-22 14:00:00;3;22.5;22.336000000000002;0.16399999999999793
2026-05-22 15:00:00;3;22.1;21.99400000000001;0.10599999999999099
2026-05-22 16:00:00;3;21.9;21.636999999999997;0.2630000000000017
2026-05-22 17:00:00;3;21.5;21.169000000000004;0.33099999999999596
2026-05-22 18:00:00;3;21.0;20.917999999999996;0.08200000000000429
2026-05-22 19:00:00;3;19.8;20.113000000000003;-0.3130000000000024
2026-05-22 20:00:00;3;19.1;18.776;0.3240000000000016
2026-05-22 21:00:00;3;18.9;18.07799999999999;0.8220000000000098
2026-05-22 22:00:00;3;19.0;18.148000000000003;0.8519999999999968
2026-05-22 23:00:00;3;18.9;18.13100000000001;0.7689999999999877
2026-05-23 00:00:00;3;17.9;18.157000000000004;-0.257000000000005
2026-05-23 01:00:00;3;17.5;17.209999999999994;0.29000000000000625
2026-05-23 02:00:00;3;17.2;16.822999999999997;0.37700000000000244
2026-05-23 03:00:00;3;17.1;16.546;0.554000000000002
2026-05-23 04:00:00;3;16.9;16.852;0.047999999999998266
2026-05-23 05:00:00;3;17.5;16.972160000000006;0.5278399999999941
2026-05-23 06:00:00;3;20.0;18.37547999999999;1.624520000000011
2026-05-23 07:00:00;3;22.6;20.382999999999996;2.217000000000006
2026-05-23 08:00:00;3;22.5;22.897000000000002;-0.397000000000002
2026-05-23 09:00:00;3;22.3;22.85;-0.5500000000000007
2026-05-23 10:00:00;3;22.7;22.384000000000018;0.3159999999999812
2026-05-23 11:00:00;3;23.0;23.188000000000002;-0.1880000000000024
2026-05-23 12:00:00;3;24.1;23.056999999999995;1.0430000000000064
2026-05-23 13:00:00;3;24.4;24.27700000000001;0.1229999999999869
2026-05-23 14:00:00;3;24.9;24.66;0.23999999999999844
2026-05-23 15:00:00;3;24.8;24.552999999999994;0.247000000000007
2026-05-23 16:00:00;3;24.3;24.179999999999993;0.1200000000000081
2026-05-23 17:00:00;3;23.1;22.916000000000004;0.1839999999999975
2026-05-23 18:00:00;3;22.0;21.570999999999994;0.4290000000000056
2026-05-23 19:00:00;3;21.4;20.771999999999988;0.6280000000000108
2026-05-23 20:00:00;3;20.7;20.553999999999995;0.14600000000000435
2026-05-23 21:00:00;3;20.3;19.704999999999995;0.595000000000006
2026-05-23 22:00:00;3;19.9;19.543999999999997;0.35600000000000165
2026-05-23 23:00:00;3;19.4;18.799000000000007;0.600999999999992
2026-05-24 00:00:00;3;18.5;18.377000000000013;0.1229999999999869
2026-05-24 01:00:00;3;18.0;17.426;0.5740000000000016
2026-05-24 02:00:00;3;17.1;17.390999999999995;-0.29099999999999326
2026-05-24 03:00:00;3;16.6;16.452;0.1479999999999997
2026-05-24 04:00:00;3;16.1;15.998000000000005;0.10199999999999676
2026-05-24 05:00:00;3;16.6;16.15024;0.44976000000000127
2026-05-24 06:00:00;3;20.1;17.085320000000007;3.014679999999995
2026-05-24 07:00:00;3;23.0;20.939999999999994;2.060000000000006
2026-05-24 08:00:00;3;24.2;23.310000000000006;0.8899999999999935
2026-05-24 09:00:00;3;24.4;24.629;-0.22900000000000276
2026-05-24 10:00:00;3;24.6;24.532999999999994;0.06700000000000728
2026-05-24 11:00:00;3;24.8;24.579;0.22100000000000009
2026-05-24 12:00:00;3;25.5;24.703000000000007;0.7969999999999935
2026-05-24 13:00:00;3;25.4;25.260000000000005;0.13999999999999346
2026-05-24 14:00:00;3;26.3;25.050000000000004;1.2499999999999964
2026-05-24 15:00:00;3;26.4;25.693000000000016;0.706999999999983
2026-05-24 16:00:00;3;26.2;25.603000000000016;0.5969999999999835
2026-05-24 17:00:00;3;25.9;25.35;0.5499999999999972
2026-05-24 18:00:00;3;25.2;24.14400000000002;1.0559999999999796
2026-05-24 19:00:00;3;25.4;23.94400000000001;1.4559999999999889
2026-05-24 20:00:00;3;24.8;24.19800000000001;0.6019999999999897
2026-05-24 21:00:00;3;24.3;23.79699999999999;0.5030000000000108
2026-05-24 22:00:00;3;23.5;23.416000000000004;0.08399999999999608
2026-05-24 23:00:00;3;22.8;22.286999999999992;0.5130000000000088
2026-05-25 00:00:00;3;21.3;21.840000000000014;-0.5400000000000134
2026-05-25 01:00:00;3;20.8;20.323000000000008;0.4769999999999932
2026-05-25 02:00:00;3;20.7;19.910999999999994;0.789000000000005
2026-05-25 03:00:00;3;20.5;19.746999999999993;0.7530000000000072
2026-05-25 04:00:00;3;19.9;19.715;0.18499999999999872
2026-05-25 05:00:00;3;20.5;18.976999999999997;1.5230000000000032
2026-05-25 06:00:00;3;23.5;19.641999999999996;3.858000000000004
2026-05-25 07:00:00;3;26.8;23.243000000000002;3.5569999999999986
2026-05-25 08:00:00;3;28.1;26.63699999999999;1.4630000000000116
2026-05-25 09:00:00;3;27.0;27.263;-0.2630000000000017
2026-05-25 10:00:00;3;26.7;26.265;0.4349999999999987
2026-05-25 11:00:00;3;26.8;25.44499999999999;1.355000000000011
2026-05-25 12:00:00;3;27.5;25.60499999999999;1.8950000000000102
2026-05-25 13:00:00;3;27.2;26.462;0.7379999999999995
2026-05-25 14:00:00;3;27.4;26.265000000000008;1.134999999999991
2026-05-25 15:00:00;3;27.7;26.707000000000008;0.9929999999999914
2026-05-25 16:00:00;3;27.9;26.837000000000003;1.0629999999999953
2026-05-25 17:00:00;3;27.8;26.90500000000002;0.8949999999999818
2026-05-25 18:00:00;3;27.1;26.594000000000015;0.505999999999986
2026-05-25 19:00:00;3;26.1;26.132000000000016;-0.03200000000001424
2026-05-25 20:00:00;3;26.0;24.638999999999996;1.3610000000000042
2026-05-25 21:00:00;3;25.4;24.653;0.7469999999999999
2026-05-25 22:00:00;3;24.6;24.395;0.20500000000000185
2026-05-25 23:00:00;3;23.8;23.788999999999998;0.011000000000002785
2026-05-26 00:00:00;3;22.2;22.140000000000004;0.05999999999999517
2026-05-26 01:00:00;3;21.4;21.024999999999995;0.37500000000000355
2026-05-26 02:00:00;3;20.8;20.536000000000005;0.2639999999999958
2026-05-26 03:00:00;3;20.2;19.87100000000001;0.32899999999998997
2026-05-26 04:00:00;3;19.5;19.455;0.045000000000001705
2026-05-26 05:00:00;3;20.2;18.444000000000003;1.7559999999999967
2026-05-26 06:00:00;3;23.6;19.673000000000002;3.9269999999999996
2026-05-26 07:00:00;3;26.2;23.059999999999995;3.140000000000004
2026-05-26 08:00:00;3;27.2;26.087;1.1129999999999995
2026-05-26 09:00:00;3;27.5;26.726999999999997;0.7730000000000032
2026-05-26 10:00:00;3;27.5;26.66;0.8399999999999999
2026-05-26 11:00:00;3;27.0;26.456;0.5440000000000005
2026-05-26 12:00:00;3;27.8;26.270000000000003;1.5299999999999976
2026-05-26 13:00:00;3;27.5;26.697;0.8030000000000008
2026-05-26 14:00:00;3;27.5;26.526;0.9740000000000002
2026-05-26 15:00:00;3;27.7;26.725;0.9749999999999979
2026-05-26 16:00:00;3;27.3;26.621000000000002;0.6789999999999985
2026-05-26 17:00:00;3;26.3;26.270000000000014;0.029999999999986926
2026-05-26 18:00:00;3;25.3;24.16700000000001;1.132999999999992
2026-05-26 19:00:00;3;24.0;23.978999999999992;0.0210000000000079
2026-05-26 20:00:00;3;23.8;22.846000000000004;0.9539999999999971
2026-05-26 21:00:00;3;23.5;22.095000000000006;1.404999999999994
2026-05-26 22:00:00;3;23.1;22.326000000000004;0.7739999999999974
2026-05-26 23:00:00;3;22.5;22.127000000000013;0.3729999999999869
2026-05-27 00:00:00;3;21.1;21.07;0.030000000000001137
2026-05-27 01:00:00;3;21.2;19.856000000000005;1.343999999999994
2026-05-27 02:00:00;3;20.8;20.13;0.6700000000000017
2026-05-27 03:00:00;3;20.1;19.764000000000006;0.33599999999999497
2026-05-27 04:00:00;3;19.8;19.328000000000003;0.47199999999999775
2026-05-27 05:00:00;3;20.2;18.947000000000006;1.252999999999993
2026-05-27 06:00:00;3;22.1;19.626;2.474
2026-05-27 07:00:00;3;24.0;21.89500000000001;2.1049999999999898
2026-05-27 08:00:00;3;24.8;24.154999999999994;0.6450000000000067
2026-05-27 09:00:00;3;25.1;24.586;0.5140000000000029
2026-05-27 10:00:00;3;25.0;23.90900000000001;1.0909999999999904
2026-05-27 11:00:00;3;24.9;23.828000000000007;1.071999999999992
2026-05-27 12:00:00;3;26.6;24.537;2.0630000000000024
2026-05-27 13:00:00;3;26.5;25.493999999999996;1.0060000000000038
2026-05-27 14:00:00;3;26.3;25.200999999999993;1.0990000000000073
2026-05-27 15:00:00;3;25.5;24.849999999999987;0.6500000000000128
2026-05-27 16:00:00;3;25.1;24.61300000000001;0.4869999999999912
2026-05-27 17:00:00;3;24.8;24.335000000000004;0.4649999999999963
2026-05-27 18:00:00;3;24.4;23.978999999999996;0.4210000000000029
2026-05-27 19:00:00;3;23.5;23.217000000000006;0.28299999999999415
2026-05-27 20:00:00;3;22.8;22.048000000000012;0.7519999999999882
2026-05-27 21:00:00;3;22.2;20.754999999999995;1.4450000000000038
2026-05-27 22:00:00;3;21.8;20.87399999999999;0.926000000000009
2026-05-27 23:00:00;3;21.1;20.250000000000007;0.8499999999999943
2026-05-28 00:00:00;3;19.2;19.560000000000006;-0.36000000000000654
2026-05-28 01:00:00;3;18.5;17.928;0.5719999999999992
2026-05-28 02:00:00;3;18.5;17.455000000000005;1.0449999999999946
2026-05-28 03:00:00;3;19.4;17.733000000000004;1.6669999999999945
2026-05-28 04:00:00;3;19.5;18.886000000000003;0.6139999999999972
2026-05-28 05:00:00;3;20.1;18.87;1.2300000000000004
2026-05-28 06:00:00;3;21.8;19.749;2.051000000000002
2026-05-28 07:00:00;3;24.3;21.756999999999998;2.543000000000003
2026-05-28 08:00:00;3;24.0;23.962999999999997;0.037000000000002586
2026-05-28 09:00:00;3;23.9;23.416999999999994;0.4830000000000041
2026-05-28 10:00:00;3;24.8;23.525;1.2750000000000021
2026-05-28 11:00:00;3;25.8;24.654000000000007;1.1459999999999937
2026-05-28 12:00:00;3;27.5;24.999999999999996;2.5000000000000036
2026-05-28 13:00:00;3;27.4;26.428000000000008;0.9719999999999906
2026-05-28 14:00:00;3;27.2;26.218000000000004;0.9819999999999958
2026-05-28 15:00:00;3;26.0;26.041000000000007;-0.041000000000007475
2026-05-28 16:00:00;3;25.3;24.465999999999987;0.8340000000000138
2026-05-28 17:00:00;3;24.1;23.336;0.7640000000000029
2026-05-28 18:00:00;3;23.9;21.40999999999999;2.490000000000009
2026-05-28 19:00:00;3;23.0;21.141;1.8590000000000018
2026-05-28 20:00:00;3;21.7;20.047999999999988;1.6520000000000117
2026-05-28 21:00:00;3;20.8;20.158;0.6419999999999995
2026-05-28 22:00:00;3;20.5;19.161000000000012;1.338999999999988
2026-05-28 23:00:00;3;21.0;18.86600000000001;2.1339999999999897
2026-05-29 00:00:00;3;20.6;19.574;1.0259999999999998
2026-05-29 01:00:00;3;20.2;19.182000000000002;1.0179999999999971
2026-05-29 02:00:00;3;19.6;18.804999999999996;0.7950000000000053
2026-05-29 03:00:00;3;19.8;18.689000000000007;1.1109999999999935
2026-05-29 04:00:00;3;19.5;18.976000000000003;0.5239999999999974
2026-05-29 05:00:00;3;20.0;18.555000000000003;1.4449999999999967
2026-05-29 06:00:00;3;21.8;19.047000000000004;2.7529999999999966
2026-05-29 07:00:00;3;24.2;21.592;2.6080000000000005
2026-05-29 08:00:00;3;26.0;24.238000000000003;1.761999999999997
2026-05-29 09:00:00;3;25.6;25.68500000000001;-0.08500000000000796
2026-05-29 10:00:00;3;25.8;24.688000000000002;1.1119999999999983
2026-05-29 11:00:00;3;25.9;24.58499999999999;1.3150000000000084
2026-05-29 12:00:00;3;26.1;24.764999999999986;1.335000000000015
2026-05-29 13:00:00;3;27.0;24.982999999999983;2.0170000000000172
2026-05-29 14:00:00;3;26.5;25.998000000000005;0.5019999999999953
2026-05-29 15:00:00;3;25.9;25.028000000000002;0.8719999999999963
2026-05-29 16:00:00;3;25.6;24.504999999999985;1.0950000000000166
2026-05-29 17:00:00;3;25.0;23.93399999999999;1.0660000000000096
2026-05-29 18:00:00;3;23.9;23.24699999999999;0.6530000000000094
2026-05-29 19:00:00;3;23.0;21.771;1.2289999999999992
2026-05-29 20:00:00;3;22.5;21.686999999999994;0.8130000000000059
2026-05-29 21:00:00;3;22.2;21.225999999999996;0.9740000000000038
2026-05-29 22:00:00;3;22.3;21.02399999999999;1.2760000000000105
2026-05-29 23:00:00;3;22.5;21.05599999999999;1.4440000000000097
2026-05-30 00:00:00;3;21.6;21.070999999999998;0.5290000000000035
2026-05-30 01:00:00;3;21.2;20.359000000000016;0.8409999999999833
2026-05-30 02:00:00;3;20.6;19.626000000000005;0.9739999999999966
2026-05-30 03:00:00;3;20.0;19.117000000000008;0.882999999999992
2026-05-30 04:00:00;3;19.4;18.851000000000003;0.5489999999999959
2026-05-30 05:00:00;3;20.0;18.402000000000005;1.5979999999999954
2026-05-30 06:00:00;3;22.9;19.30700000000001;3.5929999999999893
2026-05-30 07:00:00;3;24.8;22.662999999999993;2.1370000000000076
2026-05-30 08:00:00;3;25.4;24.208999999999993;1.191000000000006
2026-05-30 09:00:00;3;25.8;24.545000000000012;1.2549999999999883
2026-05-30 10:00:00;3;26.0;25.074999999999996;0.9250000000000043
2026-05-30 11:00:00;3;26.1;25.22;0.8800000000000026
2026-05-30 12:00:00;3;27.3;24.895999999999987;2.404000000000014
2026-05-30 13:00:00;3;27.5;26.084000000000007;1.4159999999999933
2026-05-30 14:00:00;3;27.3;26.317000000000007;0.9829999999999934
2026-05-30 15:00:00;3;27.1;26.133000000000006;0.9669999999999952
2026-05-30 16:00:00;3;26.6;26.008000000000017;0.5919999999999845
2026-05-30 17:00:00;3;25.5;25.21499999999999;0.2850000000000108
2026-05-30 18:00:00;3;24.8;23.451000000000004;1.3489999999999966
2026-05-30 19:00:00;3;24.0;22.87199999999999;1.1280000000000108
2026-05-30 20:00:00;3;23.3;21.567999999999998;1.7320000000000029
2026-05-30 21:00:00;3;22.5;20.82399999999999;1.676000000000009
2026-05-30 22:00:00;3;21.7;19.998999999999995;1.701000000000004
2026-05-30 23:00:00;3;21.4;20.029000000000003;1.3709999999999951
2026-05-13 00:00:00;4;12.4;12.118960000000005;0.2810399999999955
2026-05-13 01:00:00;4;11.9;12.057880000000004;-0.15788000000000402
2026-05-13 02:00:00;4;11.9;11.551639999999999;0.34836000000000134
2026-05-13 03:00:00;4;11.8;11.7958;0.00420000000000087
2026-05-13 04:00:00;4;11.2;11.671080000000009;-0.4710800000000095
2026-05-13 05:00:00;4;10.8;11.05728;-0.25727999999999973
2026-05-13 06:00:00;4;11.5;11.328079999999998;0.17192000000000185
2026-05-13 07:00:00;4;12.5;12.426039999999993;0.07396000000000669
2026-05-13 08:00:00;4;13.4;13.444839999999997;-0.044839999999997104
2026-05-13 09:00:00;4;14.6;14.613999999999992;-0.013999999999992241
2026-05-13 10:00:00;4;14.9;15.456439999999995;-0.5564399999999949
2026-05-13 11:00:00;4;14.9;15.653600000000013;-0.7536000000000129
2026-05-13 12:00:00;4;16.1;15.516000000000009;0.5839999999999925
2026-05-13 13:00:00;4;16.7;16.534999999999997;0.1650000000000027
2026-05-13 14:00:00;4;17.1;16.836000000000002;0.26399999999999935
2026-05-13 15:00:00;4;17.5;17.057999999999996;0.4420000000000037
2026-05-13 16:00:00;4;17.0;17.29;-0.28999999999999915
2026-05-13 17:00:00;4;16.5;16.355000000000004;0.14499999999999602
2026-05-13 18:00:00;4;15.7;15.672720000000002;0.02727999999999753
2026-05-13 19:00:00;4;14.6;14.683000000000007;-0.08300000000000729
2026-05-13 20:00:00;4;13.6;13.736000000000004;-0.13600000000000456
2026-05-13 21:00:00;4;12.7;12.950880000000002;-0.2508800000000022
2026-05-13 22:00:00;4;12.0;12.253999999999998;-0.2539999999999978
2026-05-13 23:00:00;4;11.4;11.643999999999995;-0.24399999999999444
2026-05-14 00:00:00;4;11.2;11.145999999999999;0.05400000000000027
2026-05-14 01:00:00;4;10.9;11.04208;-0.14207999999999998
2026-05-14 02:00:00;4;10.6;10.657120000000003;-0.057120000000002946
2026-05-14 03:00:00;4;10.4;10.50172;-0.10172000000000025
2026-05-14 04:00:00;4;10.4;10.214039999999997;0.18596000000000323
2026-05-14 05:00:00;4;10.6;10.331160000000004;0.2688399999999955
2026-05-14 06:00:00;4;11.4;11.303679999999996;0.09632000000000396
2026-05-14 07:00:00;4;10.7;12.35027999999999;-1.6502799999999915
2026-05-14 08:00:00;4;10.1;10.513200000000001;-0.41320000000000157
2026-05-14 09:00:00;4;11.6;10.217360000000003;1.3826399999999968
2026-05-14 10:00:00;4;12.6;13.244000000000007;-0.6440000000000072
2026-05-14 11:00:00;4;12.4;13.392119999999995;-0.9921199999999946
2026-05-14 12:00:00;4;12.5;12.903520000000004;-0.4035200000000039
2026-05-14 13:00:00;4;13.1;12.769359999999995;0.33064000000000426
2026-05-14 14:00:00;4;15.1;12.990599999999995;2.1094000000000044
2026-05-14 15:00:00;4;13.7;15.244999999999997;-1.5449999999999982
2026-05-14 16:00:00;4;13.4;13.273280000000007;0.1267199999999935
2026-05-14 17:00:00;4;11.2;12.525279999999993;-1.325279999999994
2026-05-14 18:00:00;4;10.9;10.523000000000001;0.3769999999999989
2026-05-14 19:00:00;4;10.2;10.453999999999994;-0.25399999999999423
2026-05-14 20:00:00;4;9.7;9.806239999999997;-0.10623999999999789
2026-05-14 21:00:00;4;9.4;9.443999999999996;-0.043999999999995154
2026-05-14 22:00:00;4;9.3;9.098239999999999;0.20176000000000194
2026-05-14 23:00:00;4;9.1;9.143919999999994;-0.04391999999999463
2026-05-15 00:00:00;4;8.8;8.985280000000003;-0.18528000000000233
2026-05-15 01:00:00;4;8.4;8.58944;-0.1894399999999994
2026-05-15 02:00:00;4;8.4;8.18116;0.21884000000000015
2026-05-15 03:00:00;4;8.0;8.25272;-0.25272000000000006
2026-05-15 04:00:00;4;7.8;7.782679999999995;0.01732000000000511
2026-05-15 05:00:00;4;7.8;7.5761600000000024;0.22383999999999737
2026-05-15 06:00:00;4;7.9;8.169720000000003;-0.26972000000000307
2026-05-15 07:00:00;4;8.4;8.3722;0.027800000000000935
2026-05-15 08:00:00;4;9.4;9.186;0.2140000000000004
2026-05-15 09:00:00;4;10.4;10.615;-0.21499999999999986
2026-05-15 10:00:00;4;11.2;11.302;-0.10200000000000031
2026-05-15 11:00:00;4;11.7;12.327000000000005;-0.627000000000006
2026-05-15 12:00:00;4;13.1;12.139039999999998;0.9609600000000018
2026-05-15 13:00:00;4;12.4;13.528999999999996;-1.128999999999996
2026-05-15 14:00:00;4;13.4;12.712920000000002;0.6870799999999981
2026-05-15 15:00:00;4;13.8;12.909160000000002;0.890839999999999
2026-05-15 16:00:00;4;13.7;13.792999999999992;-0.09299999999999287
2026-05-15 17:00:00;4;12.8;13.085120000000003;-0.2851200000000027
2026-05-15 18:00:00;4;12.1;11.953;0.14700000000000024
2026-05-15 19:00:00;4;10.4;11.26;-0.8599999999999994
2026-05-15 20:00:00;4;9.8;9.697000000000003;0.10299999999999798
2026-05-15 21:00:00;4;9.2;9.411;-0.2110000000000003
2026-05-15 22:00:00;4;8.9;8.719999999999999;0.1800000000000015
2026-05-15 23:00:00;4;8.6;8.705999999999998;-0.1059999999999981
2026-05-16 00:00:00;4;7.9;8.29812;-0.3981200000000005
2026-05-16 01:00:00;4;8.0;7.541160000000002;0.4588399999999977
2026-05-16 02:00:00;4;7.6;7.844239999999998;-0.24423999999999868
2026-05-16 03:00:00;4;6.9;7.302239999999997;-0.4022399999999964
2026-05-16 04:00:00;4;7.1;6.505999999999998;0.5940000000000021
2026-05-16 05:00:00;4;7.5;6.917800000000003;0.5821999999999967
2026-05-16 06:00:00;4;8.4;8.134999999999998;0.26500000000000234
2026-05-16 07:00:00;4;8.8;9.425919999999998;-0.6259199999999971
2026-05-16 08:00:00;4;10.1;9.693200000000001;0.4067999999999987
2026-05-16 09:00:00;4;10.2;11.219000000000001;-1.019000000000002
2026-05-16 10:00:00;4;12.4;10.63012;1.7698800000000006
2026-05-16 11:00:00;4;13.6;13.780000000000005;-0.18000000000000504
2026-05-16 12:00:00;4;12.8;14.383000000000004;-1.5830000000000037
2026-05-16 13:00:00;4;13.7;12.99691999999999;0.7030800000000088
2026-05-16 14:00:00;4;14.8;13.763;1.0370000000000008
2026-05-16 15:00:00;4;13.1;14.918999999999997;-1.8189999999999973
2026-05-16 16:00:00;4;13.9;12.746560000000002;1.153439999999998
2026-05-16 17:00:00;4;14.1;13.118999999999994;0.9810000000000052
2026-05-16 18:00:00;4;13.0;13.462120000000004;-0.4621200000000041
2026-05-16 19:00:00;4;12.5;11.745000000000003;0.7549999999999972
2026-05-16 20:00:00;4;11.6;11.716000000000003;-0.11600000000000321
2026-05-16 21:00:00;4;11.6;11.042999999999997;0.5570000000000022
2026-05-16 22:00:00;4;11.6;11.04735999999999;0.5526400000000091
2026-05-16 23:00:00;4;11.3;11.392000000000001;-0.09200000000000053
2026-05-17 00:00:00;4;10.6;11.030159999999997;-0.4301599999999972
2026-05-17 01:00:00;4;10.3;10.189999999999998;0.11000000000000298
2026-05-17 02:00:00;4;9.9;9.830920000000006;0.06907999999999426
2026-05-17 03:00:00;4;9.6;9.574999999999996;0.025000000000003908
2026-05-17 04:00:00;4;9.1;9.278519999999997;-0.17851999999999713
2026-05-17 05:00:00;4;8.8;8.8564;-0.056400000000000006
2026-05-17 06:00:00;4;10.1;9.511079999999998;0.5889200000000017
2026-05-17 07:00:00;4;11.8;11.333999999999998;0.46600000000000286
2026-05-17 08:00:00;4;13.2;13.204999999999993;-0.004999999999993676
2026-05-17 09:00:00;4;14.6;14.564000000000005;0.03599999999999426
2026-05-17 10:00:00;4;15.8;15.35792000000001;0.44207999999999004
2026-05-17 11:00:00;4;15.9;16.572999999999993;-0.6729999999999929
2026-05-17 12:00:00;4;17.0;16.267560000000003;0.7324399999999969
2026-05-17 13:00:00;4;17.9;17.547000000000004;0.35299999999999443
2026-05-17 14:00:00;4;18.5;18.177999999999994;0.3220000000000063
2026-05-17 15:00:00;4;18.8;18.772000000000002;0.027999999999998693
2026-05-17 16:00:00;4;15.7;18.44599999999999;-2.7459999999999916
2026-05-17 17:00:00;4;15.9;14.767999999999999;1.1320000000000014
2026-05-17 18:00:00;4;15.1;15.001000000000008;0.09899999999999132
2026-05-17 19:00:00;4;14.0;13.992000000000004;0.007999999999995566
2026-05-17 20:00:00;4;12.9;13.227000000000006;-0.3270000000000053
2026-05-17 21:00:00;4;12.3;12.186000000000002;0.11399999999999899
2026-05-17 22:00:00;4;11.8;11.8256;-0.025599999999998957
2026-05-17 23:00:00;4;11.5;11.215999999999998;0.2840000000000025
2026-05-18 00:00:00;4;11.5;11.177679999999999;0.32232000000000127
2026-05-18 01:00:00;4;11.2;11.251560000000007;-0.05156000000000738
2026-05-18 02:00:00;4;10.4;10.966640000000002;-0.5666400000000014
2026-05-18 03:00:00;4;10.1;9.986000000000006;0.11399999999999366
2026-05-18 04:00:00;4;9.5;9.871000000000004;-0.371000000000004
2026-05-18 05:00:00;4;9.5;9.099999999999998;0.40000000000000213
2026-05-18 06:00:00;4;10.6;10.405959999999999;0.1940400000000011
2026-05-18 07:00:00;4;11.4;12.264800000000005;-0.8648000000000042
2026-05-18 08:00:00;4;12.5;12.632640000000002;-0.1326400000000021
2026-05-18 09:00:00;4;13.6;13.668919999999993;-0.06891999999999321
2026-05-18 10:00:00;4;14.2;14.409000000000006;-0.20900000000000674
2026-05-18 11:00:00;4;15.6;14.94800000000001;0.6519999999999904
2026-05-18 12:00:00;4;16.4;16.151;0.24899999999999878
2026-05-18 13:00:00;4;17.1;17.140999999999995;-0.040999999999993264
2026-05-18 14:00:00;4;18.1;17.452;0.6479999999999997
2026-05-18 15:00:00;4;18.3;18.347000000000005;-0.04700000000000415
2026-05-18 16:00:00;4;18.2;18.01199999999999;0.1880000000000095
2026-05-18 17:00:00;4;17.9;17.346999999999998;0.5530000000000008
2026-05-18 18:00:00;4;17.1;17.109999999999996;-0.009999999999994458
2026-05-18 19:00:00;4;15.8;15.993999999999993;-0.19399999999999196
2026-05-18 20:00:00;4;15.2;14.740000000000009;0.4599999999999902
2026-05-18 21:00:00;4;14.8;14.351999999999997;0.44800000000000395
2026-05-18 22:00:00;4;14.5;13.95;0.5500000000000007
2026-05-18 23:00:00;4;13.9;13.996800000000007;-0.0968000000000071
2026-05-19 00:00:00;4;13.9;13.23;0.6699999999999999
2026-05-19 01:00:00;4;13.928;13.451880000000003;0.4761199999999981
2026-05-19 02:00:00;4;13.956;13.657680000000003;0.2983199999999968
2026-05-19 03:00:00;4;13.984;13.738880000000002;0.24511999999999823
2026-05-19 04:00:00;4;14.012;13.773520000000001;0.23847999999999914
2026-05-19 05:00:00;4;14.04;13.957439999999995;0.08256000000000441
2026-05-19 06:00:00;4;14.068;14.580680000000006;-0.5126800000000067
2026-05-19 07:00:00;4;14.096;14.597200000000003;-0.5012000000000025
2026-05-19 08:00:00;4;14.124;14.667;-0.5429999999999993
2026-05-19 09:00:00;4;14.152;14.56792;-0.4159200000000016
2026-05-19 10:00:00;4;14.18;14.563440000000003;-0.3834400000000038
2026-05-19 11:00:00;4;14.208;14.318240000000001;-0.110240000000001
2026-05-19 12:00:00;4;14.236;14.243399999999998;-0.0073999999999969646
2026-05-19 13:00:00;4;14.264;14.294000000000004;-0.03000000000000469
2026-05-19 14:00:00;4;14.292;14.380040000000003;-0.088040000000003
2026-05-19 15:00:00;4;14.32;14.404599999999995;-0.08459999999999468
2026-05-19 16:00:00;4;14.348;14.334279999999996;0.013720000000004617
2026-05-19 17:00:00;4;14.376;13.886;0.4900000000000002
2026-05-19 18:00:00;4;14.404;13.923919999999999;0.48008000000000095
2026-05-19 19:00:00;4;14.432;13.812720000000002;0.619279999999998
2026-05-19 20:00:00;4;14.46;13.771600000000003;0.6883999999999979
2026-05-19 21:00:00;4;14.488;13.807600000000004;0.6803999999999952
2026-05-19 22:00:00;4;14.516;13.834400000000006;0.6815999999999942
2026-05-19 23:00:00;4;14.544;13.815600000000003;0.728399999999997
2026-05-20 00:00:00;4;14.572;13.883800000000003;0.6881999999999966
2026-05-20 01:00:00;4;14.6;13.905600000000007;0.6943999999999928
2026-05-20 02:00:00;4;14.1;13.89212;0.2078799999999994
2026-05-20 03:00:00;4;13.6;13.60496;-0.0049600000000005195
2026-05-20 04:00:00;4;13.4;13.38368;0.016320000000000334
2026-05-20 05:00:00;4;14.1;13.207640000000003;0.8923599999999965
2026-05-20 06:00:00;4;15.1;14.186800000000005;0.9131999999999945
2026-05-20 07:00:00;4;16.6;16.01663999999999;0.5833600000000096
2026-05-20 08:00:00;4;18.2;17.707040000000003;0.4929599999999965
2026-05-20 09:00:00;4;19.8;19.542999999999996;0.257000000000005
2026-05-20 10:00:00;4;20.9;20.218;0.6819999999999986
2026-05-20 11:00:00;4;22.4;21.379999999999995;1.0200000000000031
2026-05-20 12:00:00;4;23.9;22.724999999999994;1.1750000000000043
2026-05-20 13:00:00;4;24.0;24.06000000000001;-0.06000000000000938
2026-05-20 14:00:00;4;23.8;23.53699999999998;0.26300000000001944
2026-05-20 15:00:00;4;24.0;22.734000000000005;1.2659999999999947
2026-05-20 16:00:00;4;24.0;23.332000000000004;0.6679999999999957
2026-05-20 17:00:00;4;23.8;22.989999999999995;0.8100000000000058
2026-05-20 18:00:00;4;23.0;21.43799999999999;1.5620000000000083
2026-05-20 19:00:00;4;20.9;20.798999999999996;0.10100000000000264
2026-05-20 20:00:00;4;19.5;19.330000000000013;0.1699999999999875
2026-05-20 21:00:00;4;18.2;18.276;-0.07600000000000051
2026-05-20 22:00:00;4;17.4;17.19000000000001;0.2099999999999902
2026-05-20 23:00:00;4;16.5;16.506999999999994;-0.006999999999994344
2026-05-21 00:00:00;4;15.4;15.576999999999996;-0.17699999999999605
2026-05-21 01:00:00;4;14.9;14.64000000000001;0.2599999999999909
2026-05-21 02:00:00;4;14.4;14.59;-0.1899999999999995
2026-05-21 03:00:00;4;13.9;14.037;-0.13700000000000045
2026-05-21 04:00:00;4;13.4;13.380999999999993;0.019000000000007233
2026-05-21 05:00:00;4;13.4;13.222679999999999;0.1773200000000017
2026-05-21 06:00:00;4;14.9;14.16531999999999;0.7346800000000098
2026-05-21 07:00:00;4;17.4;15.991239999999996;1.4087600000000027
2026-05-21 08:00:00;4;20.0;19.512999999999998;0.4870000000000019
2026-05-21 09:00:00;4;22.4;21.418999999999997;0.9810000000000016
2026-05-21 10:00:00;4;24.0;23.384999999999987;0.6150000000000126
2026-05-21 11:00:00;4;25.4;24.871;0.5289999999999999
2026-05-21 12:00:00;4;27.0;25.015000000000008;1.9849999999999923
2026-05-21 13:00:00;4;28.0;26.477999999999998;1.522000000000002
2026-05-21 14:00:00;4;28.5;27.063000000000002;1.4369999999999976
2026-05-21 15:00:00;4;28.5;27.322000000000013;1.1779999999999866
2026-05-21 16:00:00;4;28.2;27.187000000000015;1.012999999999984
2026-05-21 17:00:00;4;27.5;26.99800000000003;0.5019999999999705
2026-05-21 18:00:00;4;26.8;26.139000000000014;0.6609999999999872
2026-05-21 19:00:00;4;25.1;24.995000000000008;0.10499999999999332
2026-05-21 20:00:00;4;23.9;22.715999999999987;1.1840000000000117
2026-05-21 21:00:00;4;22.3;21.549;0.7510000000000012
2026-05-21 22:00:00;4;21.4;20.627;0.7729999999999997
2026-05-21 23:00:00;4;20.0;20.443000000000012;-0.44300000000001205
2026-05-22 00:00:00;4;19.1;18.810000000000006;0.2899999999999956
2026-05-22 01:00:00;4;18.1;18.04;0.060000000000002274
2026-05-22 02:00:00;4;17.3;17.214999999999996;0.0850000000000044
2026-05-22 03:00:00;4;16.5;16.46900000000001;0.0309999999999917
2026-05-22 04:00:00;4;15.9;15.818999999999996;0.08100000000000485
2026-05-22 05:00:00;4;15.7;15.515279999999995;0.184720000000004
2026-05-22 06:00:00;4;17.4;16.319;1.0809999999999995
2026-05-22 07:00:00;4;20.2;17.736;2.4639999999999986
2026-05-22 08:00:00;4;23.1;21.66399999999999;1.4360000000000106
2026-05-22 09:00:00;4;25.5;23.956000000000003;1.543999999999997
2026-05-22 10:00:00;4;27.5;25.540000000000013;1.9599999999999866
2026-05-22 11:00:00;4;28.9;26.788000000000007;2.111999999999991
2026-05-22 12:00:00;4;30.4;27.752000000000013;2.6479999999999855
2026-05-22 13:00:00;4;31.0;28.236000000000008;2.7639999999999922
2026-05-22 14:00:00;4;31.1;27.922000000000008;3.1779999999999937
2026-05-22 15:00:00;4;31.0;27.55500000000001;3.4449999999999896
2026-05-22 16:00:00;4;30.6;27.47000000000001;3.129999999999992
2026-05-22 17:00:00;4;30.0;27.63800000000002;2.3619999999999806
2026-05-22 18:00:00;4;29.4;27.64000000000002;1.7599999999999802
2026-05-22 19:00:00;4;27.4;27.024000000000022;0.37599999999997635
2026-05-22 20:00:00;4;25.1;25.842000000000017;-0.7420000000000151
2026-05-22 21:00:00;4;23.2;23.772;-0.5719999999999992
2026-05-22 22:00:00;4;22.4;22.10900000000002;0.29099999999997905
2026-05-22 23:00:00;4;21.3;20.971000000000004;0.3289999999999971
2026-05-23 00:00:00;4;20.0;20.222000000000005;-0.22200000000000486
2026-05-23 01:00:00;4;18.1;18.851999999999997;-0.7519999999999953
2026-05-23 02:00:00;4;17.3;17.110999999999994;0.18900000000000716
2026-05-23 03:00:00;4;16.5;16.48800000000001;0.011999999999989797
2026-05-23 04:00:00;4;15.8;15.746999999999996;0.05300000000000438
2026-05-23 05:00:00;4;15.7;15.74396;-0.04396000000000022
2026-05-23 06:00:00;4;17.8;16.564719999999994;1.2352800000000066
2026-05-23 07:00:00;4;20.2;19.521999999999988;0.6780000000000115
2026-05-23 08:00:00;4;22.9;21.714999999999986;1.185000000000013
2026-05-23 09:00:00;4;25.5;24.125000000000004;1.3749999999999964
2026-05-23 10:00:00;4;27.6;26.124000000000006;1.4759999999999955
2026-05-23 11:00:00;4;29.0;28.043000000000024;0.9569999999999759
2026-05-23 12:00:00;4;30.1;28.456000000000014;1.6439999999999877
2026-05-23 13:00:00;4;30.6;28.345000000000017;2.254999999999985
2026-05-23 14:00:00;4;30.7;27.722;2.977999999999998
2026-05-23 15:00:00;4;30.5;27.33800000000001;3.1619999999999884
2026-05-23 16:00:00;4;30.2;27.246000000000013;2.9539999999999864
2026-05-23 17:00:00;4;29.8;27.093000000000014;2.7069999999999865
2026-05-23 18:00:00;4;29.4;27.065000000000023;2.334999999999976
2026-05-23 19:00:00;4;27.9;26.88100000000002;1.018999999999977
2026-05-23 20:00:00;4;26.1;26.42000000000001;-0.3200000000000074
2026-05-23 21:00:00;4;24.4;24.158999999999995;0.2410000000000032
2026-05-23 22:00:00;4;23.0;22.105000000000004;0.894999999999996
2026-05-23 23:00:00;4;22.1;21.82100000000001;0.2789999999999928
2026-05-24 00:00:00;4;20.3;20.75599999999999;-0.45599999999998886
2026-05-24 01:00:00;4;19.5;19.211000000000002;0.2889999999999979
2026-05-24 02:00:00;4;18.8;18.460000000000008;0.33999999999999275
2026-05-24 03:00:00;4;17.9;17.825999999999993;0.07400000000000517
2026-05-24 04:00:00;4;17.0;17.88799999999999;-0.887999999999991
2026-05-24 05:00:00;4;17.0;16.769000000000005;0.23099999999999454
2026-05-24 06:00:00;4;19.0;17.087000000000003;1.9129999999999967
2026-05-24 07:00:00;4;22.0;19.626999999999995;2.3730000000000047
2026-05-24 08:00:00;4;25.1;21.896000000000008;3.2039999999999935
2026-05-24 09:00:00;4;27.9;25.348999999999997;2.551000000000002
2026-05-24 10:00:00;4;29.6;27.02300000000001;2.576999999999991
2026-05-24 11:00:00;4;30.8;27.62100000000001;3.1789999999999914
2026-05-24 12:00:00;4;32.2;27.932000000000013;4.26799999999999
2026-05-24 13:00:00;4;32.3;27.73900000000001;4.560999999999986
2026-05-24 14:00:00;4;32.5;27.663000000000007;4.836999999999993
2026-05-24 15:00:00;4;32.2;27.628000000000007;4.571999999999996
2026-05-24 16:00:00;4;31.8;27.503;4.297000000000001
2026-05-24 17:00:00;4;30.8;27.064000000000014;3.7359999999999864
2026-05-24 18:00:00;4;29.5;26.822000000000017;2.677999999999983
2026-05-24 19:00:00;4;27.6;26.82600000000001;0.7739999999999903
2026-05-24 20:00:00;4;26.1;26.020000000000014;0.07999999999998764
2026-05-24 21:00:00;4;24.4;24.175;0.22499999999999787
2026-05-24 22:00:00;4;23.4;22.991000000000014;0.4089999999999847
2026-05-24 23:00:00;4;22.5;22.157000000000007;0.34299999999999287
2026-05-25 00:00:00;4;20.9;21.205000000000005;-0.3050000000000068
2026-05-25 01:00:00;4;19.5;19.85000000000002;-0.3500000000000192
2026-05-25 02:00:00;4;18.4;18.41400000000001;-0.014000000000010004
2026-05-25 03:00:00;4;17.5;17.518999999999995;-0.0189999999999948
2026-05-25 04:00:00;4;17.4;16.727000000000004;0.6729999999999947
2026-05-25 05:00:00;4;18.0;17.377999999999997;0.6220000000000034
2026-05-25 06:00:00;4;20.1;18.890999999999988;1.2090000000000138
2026-05-25 07:00:00;4;22.5;20.446999999999992;2.053000000000008
2026-05-25 08:00:00;4;25.1;22.551;2.549000000000003
2026-05-25 09:00:00;4;27.3;25.482999999999997;1.8170000000000037
2026-05-25 10:00:00;4;29.3;26.533000000000005;2.766999999999996
2026-05-25 11:00:00;4;31.0;27.415000000000013;3.5849999999999866
2026-05-25 12:00:00;4;32.3;27.74900000000001;4.550999999999988
2026-05-25 13:00:00;4;32.7;27.50400000000001;5.195999999999994
2026-05-25 14:00:00;4;32.7;27.511000000000013;5.188999999999989
2026-05-25 15:00:00;4;32.4;27.47700000000001;4.922999999999988
2026-05-25 16:00:00;4;31.8;27.410000000000014;4.389999999999986
2026-05-25 17:00:00;4;30.6;27.19800000000002;3.4019999999999797
2026-05-25 18:00:00;4;29.1;26.985000000000024;2.114999999999977
2026-05-25 19:00:00;4;26.9;26.83500000000002;0.06499999999997996
2026-05-25 20:00:00;4;24.9;25.128;-0.22800000000000153
2026-05-25 21:00:00;4;23.3;23.339999999999986;-0.039999999999984936
2026-05-25 22:00:00;4;22.1;22.015000000000004;0.0849999999999973
2026-05-25 23:00:00;4;21.5;20.711;0.7890000000000015
2026-05-26 00:00:00;4;20.9;20.547000000000008;0.3529999999999909
2026-05-26 01:00:00;4;20.6;20.137;0.46300000000000097
2026-05-26 02:00:00;4;20.2;19.706000000000003;0.4939999999999962
2026-05-26 03:00:00;4;20.0;19.480000000000004;0.519999999999996
2026-05-26 04:00:00;4;19.4;19.204000000000004;0.1959999999999944
2026-05-26 05:00:00;4;19.0;18.498;0.5019999999999989
2026-05-26 06:00:00;4;20.9;18.493;2.407
2026-05-26 07:00:00;4;23.5;21.393;2.1069999999999993
2026-05-26 08:00:00;4;26.1;23.597;2.503
2026-05-26 09:00:00;4;28.5;26.39;2.1099999999999994
2026-05-26 10:00:00;4;30.5;27.914000000000016;2.5859999999999843
2026-05-26 11:00:00;4;31.9;27.884000000000018;4.0159999999999805
2026-05-26 12:00:00;4;32.8;27.69900000000002;5.100999999999978
2026-05-26 13:00:00;4;33.1;27.652000000000022;5.447999999999979
2026-05-26 14:00:00;4;33.5;27.67800000000002;5.821999999999981
2026-05-26 15:00:00;4;33.3;27.708000000000016;5.591999999999981
2026-05-26 16:00:00;4;32.8;27.64200000000001;5.157999999999987
2026-05-26 17:00:00;4;31.7;27.369000000000014;4.330999999999985
2026-05-26 18:00:00;4;30.4;27.340000000000014;3.0599999999999845
2026-05-26 19:00:00;4;28.0;26.917000000000016;1.0829999999999842
2026-05-26 20:00:00;4;26.1;26.393000000000015;-0.29300000000001347
2026-05-26 21:00:00;4;24.8;24.703000000000003;0.09699999999999775
2026-05-26 22:00:00;4;23.8;23.671999999999997;0.12800000000000367
2026-05-26 23:00:00;4;22.8;22.461000000000002;0.33899999999999864
2026-05-27 00:00:00;4;20.9;21.781999999999996;-0.8819999999999979
2026-05-27 01:00:00;4;19.5;19.917000000000016;-0.4170000000000158
2026-05-27 02:00:00;4;18.5;18.310000000000006;0.18999999999999417
2026-05-27 03:00:00;4;17.7;17.72;-0.019999999999999574
2026-05-27 04:00:00;4;17.0;17.106000000000005;-0.1060000000000052
2026-05-27 05:00:00;4;16.9;16.993000000000002;-0.09300000000000352
2026-05-27 06:00:00;4;18.8;16.595840000000006;2.2041599999999946
2026-05-27 07:00:00;4;22.0;19.818999999999996;2.1810000000000045
2026-05-27 08:00:00;4;24.9;22.099000000000004;2.800999999999995
2026-05-27 09:00:00;4;27.5;25.631999999999994;1.8680000000000057
2026-05-27 10:00:00;4;29.6;27.882000000000016;1.7179999999999858
2026-05-27 11:00:00;4;31.1;28.382000000000012;2.7179999999999893
2026-05-27 12:00:00;4;32.7;28.330000000000027;4.369999999999976
2026-05-27 13:00:00;4;33.2;28.117000000000026;5.082999999999977
2026-05-27 14:00:00;4;33.3;27.785000000000018;5.514999999999979
2026-05-27 15:00:00;4;33.3;27.698000000000015;5.6019999999999825
2026-05-27 16:00:00;4;32.8;27.664000000000016;5.1359999999999815
2026-05-27 17:00:00;4;32.3;27.39200000000001;4.907999999999987
2026-05-27 18:00:00;4;32.0;27.69900000000002;4.300999999999981
2026-05-27 19:00:00;4;30.6;27.057000000000027;3.5429999999999744
2026-05-27 20:00:00;4;29.5;27.110000000000024;2.3899999999999757
2026-05-27 21:00:00;4;28.4;27.126000000000023;1.273999999999976
2026-05-27 22:00:00;4;27.3;27.036000000000016;0.26399999999998514
2026-05-27 23:00:00;4;25.9;26.01800000000001;-0.11800000000001276
2026-05-28 00:00:00;4;23.8;23.95499999999999;-0.15499999999999048
2026-05-28 01:00:00;4;22.7;20.972;1.727999999999998
2026-05-28 02:00:00;4;22.2;20.337000000000003;1.862999999999996
2026-05-28 03:00:00;4;22.0;19.993;2.0070000000000014
2026-05-28 04:00:00;4;21.4;19.999999999999996;1.4000000000000021
2026-05-28 05:00:00;4;21.2;19.803000000000008;1.3969999999999914
2026-05-28 06:00:00;4;22.0;19.639999999999997;2.360000000000003
2026-05-28 07:00:00;4;24.1;21.105999999999995;2.994000000000007
2026-05-28 08:00:00;4;26.5;23.040999999999993;3.4590000000000067
2026-05-28 09:00:00;4;28.8;25.817999999999998;2.982000000000003
2026-05-28 10:00:00;4;31.0;27.570000000000007;3.4299999999999926
2026-05-28 11:00:00;4;32.5;27.940000000000012;4.559999999999988
2026-05-28 12:00:00;4;33.8;27.800000000000022;5.999999999999975
2026-05-28 13:00:00;4;34.0;27.76100000000002;6.2389999999999795
2026-05-28 14:00:00;4;34.3;27.759000000000018;6.540999999999979
2026-05-28 15:00:00;4;34.4;27.711000000000016;6.688999999999982
2026-05-28 16:00:00;4;34.1;27.542000000000016;6.557999999999986
2026-05-28 17:00:00;4;33.0;27.38800000000002;5.611999999999981
2026-05-28 18:00:00;4;32.0;27.236000000000022;4.763999999999978
2026-05-28 19:00:00;4;30.9;27.289000000000016;3.610999999999983
2026-05-28 20:00:00;4;29.4;27.184000000000022;2.215999999999976
2026-05-28 21:00:00;4;27.7;27.039000000000023;0.6609999999999765
2026-05-28 22:00:00;4;25.7;25.98300000000001;-0.2830000000000119
2026-05-28 23:00:00;4;24.2;24.066;0.13400000000000034
2026-05-29 00:00:00;4;22.5;22.796;-0.2959999999999994
2026-05-29 01:00:00;4;21.5;21.169;0.3309999999999995
2026-05-29 02:00:00;4;20.7;20.430000000000003;0.269999999999996
2026-05-29 03:00:00;4;20.0;19.360000000000003;0.639999999999997
2026-05-29 04:00:00;4;19.2;18.933000000000003;0.2669999999999959
2026-05-29 05:00:00;4;19.2;18.259000000000004;0.9409999999999954
2026-05-29 06:00:00;4;20.7;18.258000000000003;2.4419999999999966
2026-05-29 07:00:00;4;23.0;21.408000000000005;1.5919999999999952
2026-05-29 08:00:00;4;25.4;22.992999999999984;2.4070000000000142
2026-05-29 09:00:00;4;27.7;25.699000000000005;2.000999999999994
2026-05-29 10:00:00;4;29.6;27.18600000000002;2.41399999999998
2026-05-29 11:00:00;4;31.0;28.386000000000017;2.613999999999983
2026-05-29 12:00:00;4;31.9;28.317000000000025;3.5829999999999735
2026-05-29 13:00:00;4;32.5;28.137000000000025;4.362999999999975
2026-05-29 14:00:00;4;32.8;27.80600000000002;4.9939999999999785
2026-05-29 15:00:00;4;32.7;27.706000000000017;4.993999999999986
2026-05-29 16:00:00;4;32.4;27.733000000000025;4.666999999999973
2026-05-29 17:00:00;4;32.0;27.78300000000002;4.216999999999981
2026-05-29 18:00:00;4;31.1;27.765000000000022;3.3349999999999795
2026-05-29 19:00:00;4;29.4;27.602000000000018;1.7979999999999805
2026-05-29 20:00:00;4;28.0;27.053000000000015;0.946999999999985
2026-05-29 21:00:00;4;26.5;26.437000000000012;0.06299999999998818
2026-05-29 22:00:00;4;25.0;24.695999999999998;0.30400000000000205
2026-05-29 23:00:00;4;24.1;23.862999999999996;0.23700000000000543
2026-05-30 00:00:00;4;23.4;22.717000000000006;0.6829999999999927
2026-05-30 01:00:00;4;22.5;21.843000000000007;0.6569999999999929
2026-05-30 02:00:00;4;20.8;19.694999999999997;1.105000000000004
2026-05-30 03:00:00;4;19.5;18.909000000000013;0.5909999999999869
2026-05-30 04:00:00;4;18.8;18.255000000000006;0.5449999999999946
2026-05-30 05:00:00;4;18.1;17.697;0.40300000000000225
2026-05-30 06:00:00;4;18.3;17.934999999999995;0.36500000000000554
2026-05-30 07:00:00;4;19.4;18.405999999999995;0.9940000000000033
2026-05-30 08:00:00;4;20.8;19.797000000000004;1.0029999999999966
2026-05-30 09:00:00;4;22.3;21.754;0.5459999999999994
2026-05-30 10:00:00;4;24.0;21.810999999999993;2.189000000000007
2026-05-30 11:00:00;4;25.2;23.753;1.4469999999999992
2026-05-30 12:00:00;4;24.6;24.305000000000014;0.2949999999999875
2026-05-30 13:00:00;4;26.0;24.277;1.722999999999999
2026-05-30 14:00:00;4;27.0;25.00399999999999;1.9960000000000093
2026-05-30 15:00:00;4;27.5;26.164;1.3359999999999985
2026-05-30 16:00:00;4;27.4;26.241000000000007;1.1589999999999918
2026-05-30 17:00:00;4;26.8;26.130000000000017;0.6699999999999839
2026-05-30 18:00:00;4;24.0;24.897000000000002;-0.897000000000002
2026-05-30 19:00:00;4;23.2;21.267999999999997;1.9320000000000022
2026-05-30 20:00:00;4;22.4;20.37499999999999;2.0250000000000092
2026-05-30 21:00:00;4;22.0;20.508000000000003;1.4919999999999973
2026-05-30 22:00:00;4;21.0;19.923000000000002;1.0769999999999982
2026-05-30 23:00:00;4;19.5;19.506000000000007;-0.006000000000007333
2026-05-13 00:00:00;5;12.1;11.899479999999999;0.20052000000000092
2026-05-13 01:00:00;5;12.1;11.703159999999999;0.39684000000000097
2026-05-13 02:00:00;5;12.2;11.683399999999999;0.5166000000000004
2026-05-13 03:00:00;5;12.2;12.002880000000003;0.1971199999999964
2026-05-13 04:00:00;5;12.1;12.020200000000004;0.07979999999999521
2026-05-13 05:00:00;5;12.2;11.803919999999996;0.3960800000000031
2026-05-13 06:00:00;5;12.2;12.467760000000007;-0.267760000000008
2026-05-13 07:00:00;5;13.1;12.835120000000007;0.2648799999999927
2026-05-13 08:00:00;5;14.2;14.074240000000005;0.12575999999999432
2026-05-13 09:00:00;5;14.8;15.290999999999991;-0.4909999999999908
2026-05-13 10:00:00;5;15.8;15.435719999999998;0.3642800000000026
2026-05-13 11:00:00;5;17.0;16.496;0.5040000000000013
2026-05-13 12:00:00;5;17.4;17.392999999999997;0.0070000000000014495
2026-05-13 13:00:00;5;17.2;17.641999999999996;-0.4419999999999966
2026-05-13 14:00:00;5;17.3;17.228000000000005;0.07199999999999562
2026-05-13 15:00:00;5;17.0;17.249999999999996;-0.24999999999999645
2026-05-13 16:00:00;5;16.5;16.727999999999998;-0.22799999999999798
2026-05-13 17:00:00;5;15.8;15.931159999999995;-0.13115999999999417
2026-05-13 18:00:00;5;14.6;14.924000000000005;-0.3240000000000052
2026-05-13 19:00:00;5;13.8;13.795000000000005;0.0049999999999954525
2026-05-13 20:00:00;5;12.9;13.149880000000012;-0.24988000000001165
2026-05-13 21:00:00;5;12.6;12.154999999999998;0.44500000000000206
2026-05-13 22:00:00;5;12.4;12.122000000000003;0.2779999999999969
2026-05-13 23:00:00;5;11.9;12.070160000000012;-0.17016000000001164
2026-05-14 00:00:00;5;12.2;11.632599999999998;0.567400000000001
2026-05-14 01:00:00;5;11.4;11.940000000000005;-0.5400000000000045
2026-05-14 02:00:00;5;10.6;10.97892;-0.3789200000000008
2026-05-14 03:00:00;5;10.6;10.228000000000002;0.3719999999999981
2026-05-14 04:00:00;5;10.3;10.45176;-0.15175999999999945
2026-05-14 05:00:00;5;10.1;10.063599999999996;0.036400000000003985
2026-05-14 06:00:00;5;10.6;10.706959999999999;-0.10695999999999906
2026-05-14 07:00:00;5;11.8;11.629079999999998;0.1709200000000024
2026-05-14 08:00:00;5;12.2;13.102;-0.902000000000001
2026-05-14 09:00:00;5;12.4;12.851919999999996;-0.4519199999999959
2026-05-14 10:00:00;5;13.6;12.995440000000004;0.6045599999999958
2026-05-14 11:00:00;5;13.6;14.416000000000002;-0.8160000000000025
2026-05-14 12:00:00;5;13.6;13.854000000000003;-0.2540000000000031
2026-05-14 13:00:00;5;14.6;13.813039999999999;0.7869600000000005
2026-05-14 14:00:00;5;13.8;14.969000000000003;-1.1690000000000023
2026-05-14 15:00:00;5;12.6;13.461720000000005;-0.8617200000000054
2026-05-14 16:00:00;5;12.3;12.231399999999999;0.06860000000000177
2026-05-14 17:00:00;5;11.9;12.038200000000007;-0.13820000000000654
2026-05-14 18:00:00;5;10.4;11.590039999999998;-1.190039999999998
2026-05-14 19:00:00;5;9.9;9.698;0.20199999999999996
2026-05-14 20:00:00;5;9.8;9.414000000000003;0.38599999999999746
2026-05-14 21:00:00;5;9.8;9.386600000000003;0.41339999999999755
2026-05-14 22:00:00;5;9.7;9.387240000000002;0.31275999999999726
2026-05-14 23:00:00;5;9.4;9.262039999999995;0.13796000000000497
2026-05-15 00:00:00;5;9.0;9.242239999999995;-0.24223999999999535
2026-05-15 01:00:00;5;8.4;8.875039999999998;-0.47503999999999813
2026-05-15 02:00:00;5;8.1;8.08848;0.011519999999999087
2026-05-15 03:00:00;5;7.8;7.916640000000001;-0.11664000000000119
2026-05-15 04:00:00;5;7.2;7.451640000000001;-0.251640000000001
2026-05-15 05:00:00;5;6.9;6.914;-0.013999999999999346
2026-05-15 06:00:00;5;7.7;8.003;-0.30299999999999994
2026-05-15 07:00:00;5;8.9;8.738160000000004;0.1618399999999962
2026-05-15 08:00:00;5;10.4;10.275999999999994;0.12400000000000588
2026-05-15 09:00:00;5;11.6;11.864000000000003;-0.2640000000000029
2026-05-15 10:00:00;5;12.6;12.815;-0.21499999999999986
2026-05-15 11:00:00;5;13.6;13.477759999999998;0.12224000000000146
2026-05-15 12:00:00;5;13.6;14.057999999999998;-0.4579999999999984
2026-05-15 13:00:00;5;12.6;13.978760000000007;-1.3787600000000069
2026-05-15 14:00:00;5;14.6;13.050799999999995;1.5492000000000044
2026-05-15 15:00:00;5;14.6;14.483999999999998;0.11600000000000144
2026-05-15 16:00:00;5;14.6;14.358999999999991;0.24100000000000854
2026-05-15 17:00:00;5;13.8;14.167;-0.3669999999999991
2026-05-15 18:00:00;5;13.2;12.869000000000003;0.33099999999999596
2026-05-15 19:00:00;5;12.2;12.187000000000001;0.012999999999998124
2026-05-15 20:00:00;5;11.2;11.479000000000006;-0.279000000000007
2026-05-15 21:00:00;5;10.3;10.573999999999998;-0.27399999999999736
2026-05-15 22:00:00;5;9.9;9.738000000000003;0.16199999999999726
2026-05-15 23:00:00;5;9.6;9.529000000000005;0.0709999999999944
2026-05-16 00:00:00;5;9.9;9.337920000000006;0.5620799999999946
2026-05-16 01:00:00;5;9.4;9.685800000000004;-0.2858000000000036
2026-05-16 02:00:00;5;9.6;9.038;0.5619999999999994
2026-05-16 03:00:00;5;9.2;9.559120000000005;-0.3591200000000061
2026-05-16 04:00:00;5;8.3;8.86932;-0.5693199999999994
2026-05-16 05:00:00;5;8.4;7.855399999999998;0.5446000000000026
2026-05-16 06:00:00;5;10.1;9.139680000000004;0.9603199999999958
2026-05-16 07:00:00;5;11.4;11.908999999999999;-0.5089999999999986
2026-05-16 08:00:00;5;11.4;12.795000000000007;-1.3950000000000067
2026-05-16 09:00:00;5;12.4;12.28656;0.11344000000000065
2026-05-16 10:00:00;5;13.8;13.348999999999998;0.4510000000000023
2026-05-16 11:00:00;5;14.6;14.314000000000004;0.28599999999999604
2026-05-16 12:00:00;5;14.4;15.391999999999994;-0.9919999999999938
2026-05-16 13:00:00;5;14.7;15.367000000000003;-0.6670000000000034
2026-05-16 14:00:00;5;15.0;14.800999999999998;0.19900000000000162
2026-05-16 15:00:00;5;15.4;14.748000000000001;0.6519999999999992
2026-05-16 16:00:00;5;15.1;15.221800000000004;-0.1218000000000039
2026-05-16 17:00:00;5;14.4;14.130999999999995;0.26900000000000546
2026-05-16 18:00:00;5;13.6;13.525000000000002;0.07499999999999751
2026-05-16 19:00:00;5;12.8;12.635000000000009;0.16499999999999204
2026-05-16 20:00:00;5;12.4;12.290720000000004;0.10927999999999649
2026-05-16 21:00:00;5;12.2;11.909400000000003;0.290599999999996
2026-05-16 22:00:00;5;12.0;11.935799999999999;0.06420000000000137
2026-05-16 23:00:00;5;11.4;11.689999999999998;-0.28999999999999737
2026-05-17 00:00:00;5;11.1;11.10916;-0.009159999999999613
2026-05-17 01:00:00;5;11.1;10.9074;0.19259999999999877
2026-05-17 02:00:00;5;10.7;10.896880000000003;-0.19688000000000372
2026-05-17 03:00:00;5;10.8;10.407280000000004;0.39271999999999707
2026-05-17 04:00:00;5;10.2;10.469160000000004;-0.26916000000000473
2026-05-17 05:00:00;5;10.2;10.061240000000002;0.13875999999999777
2026-05-17 06:00:00;5;11.5;10.64936;0.8506400000000003
2026-05-17 07:00:00;5;13.3;12.698000000000002;0.6019999999999985
2026-05-17 08:00:00;5;14.9;14.855999999999995;0.04400000000000581
2026-05-17 09:00:00;5;16.2;15.997999999999996;0.2020000000000035
2026-05-17 10:00:00;5;16.4;17.132;-0.7320000000000029
2026-05-17 11:00:00;5;16.8;16.859000000000005;-0.059000000000004604
2026-05-17 12:00:00;5;17.9;17.018000000000004;0.8819999999999943
2026-05-17 13:00:00;5;17.1;18.308000000000007;-1.2080000000000055
2026-05-17 14:00:00;5;17.9;17.320000000000004;0.5799999999999947
2026-05-17 15:00:00;5;17.7;17.850999999999996;-0.15099999999999625
2026-05-17 16:00:00;5;16.8;17.413999999999998;-0.6139999999999972
2026-05-17 17:00:00;5;16.0;15.817999999999998;0.18200000000000216
2026-05-17 18:00:00;5;15.1;14.942000000000013;0.15799999999998704
2026-05-17 19:00:00;5;14.0;14.309999999999997;-0.30999999999999694
2026-05-17 20:00:00;5;12.7;13.210000000000003;-0.5100000000000033
2026-05-17 21:00:00;5;12.2;11.997999999999996;0.2020000000000035
2026-05-17 22:00:00;5;11.8;11.727999999999994;0.07200000000000628
2026-05-17 23:00:00;5;11.3;11.364999999999998;-0.06499999999999773
2026-05-18 00:00:00;5;11.1;10.999079999999998;0.10092000000000212
2026-05-18 01:00:00;5;10.6;10.936200000000003;-0.3362000000000034
2026-05-18 02:00:00;5;10.2;10.191319999999997;0.008680000000001797
2026-05-18 03:00:00;5;10.4;9.858839999999997;0.5411600000000032
2026-05-18 04:00:00;5;10.4;10.18668;0.2133199999999995
2026-05-18 05:00:00;5;10.8;10.307520000000004;0.4924799999999969
2026-05-18 06:00:00;5;11.9;11.348359999999998;0.5516400000000026
2026-05-18 07:00:00;5;12.9;13.166999999999998;-0.2669999999999977
2026-05-18 08:00:00;5;14.1;14.153999999999996;-0.05399999999999672
2026-05-18 09:00:00;5;15.0;15.427760000000008;-0.42776000000000813
2026-05-18 10:00:00;5;15.9;15.70340000000001;0.19659999999999123
2026-05-18 11:00:00;5;17.0;16.549999999999997;0.45000000000000284
2026-05-18 12:00:00;5;16.6;17.530999999999995;-0.9309999999999938
2026-05-18 13:00:00;5;17.4;16.611000000000004;0.7889999999999944
2026-05-18 14:00:00;5;17.8;17.595000000000002;0.2049999999999983
2026-05-18 15:00:00;5;18.0;17.811;0.18900000000000006
2026-05-18 16:00:00;5;17.6;17.751000000000005;-0.15100000000000335
2026-05-18 17:00:00;5;16.8;16.761999999999997;0.03800000000000381
2026-05-18 18:00:00;5;16.2;15.765;0.4349999999999987
2026-05-18 19:00:00;5;14.9;15.205;-0.3049999999999997
2026-05-18 20:00:00;5;13.4;14.005000000000004;-0.605000000000004
2026-05-18 21:00:00;5;12.9;12.759999999999993;0.14000000000000767
2026-05-18 22:00:00;5;12.6;12.311000000000002;0.2889999999999979
2026-05-18 23:00:00;5;12.6;12.005400000000002;0.594599999999998
2026-05-19 00:00:00;5;13.1;12.415960000000007;0.6840399999999924
2026-05-19 01:00:00;5;13.132;12.710519999999992;0.42148000000000785
2026-05-19 02:00:00;5;13.164;12.896800000000002;0.2671999999999972
2026-05-19 03:00:00;5;13.196;12.891760000000001;0.3042399999999983
2026-05-19 04:00:00;5;13.228;12.897160000000001;0.33083999999999847
2026-05-19 05:00:00;5;13.26;13.09656;0.16343999999999959
2026-05-19 06:00:00;5;13.292;13.788159999999998;-0.49615999999999794
2026-05-19 07:00:00;5;13.324;13.6996;-0.3756000000000004
2026-05-19 08:00:00;5;13.356;13.303159999999997;0.05284000000000333
2026-05-19 09:00:00;5;13.388;13.5218;-0.1338000000000008
2026-05-19 10:00:00;5;13.42;13.724600000000002;-0.3046000000000024
2026-05-19 11:00:00;5;13.452;13.791440000000007;-0.33944000000000685
2026-05-19 12:00:00;5;13.484;13.969280000000005;-0.4852800000000048
2026-05-19 13:00:00;5;13.516;13.964400000000001;-0.44840000000000124
2026-05-19 14:00:00;5;13.548;13.651119999999999;-0.10311999999999877
2026-05-19 15:00:00;5;13.58;13.375959999999997;0.20404000000000266
2026-05-19 16:00:00;5;13.612;13.397079999999994;0.21492000000000644
2026-05-19 17:00:00;5;13.644;13.437960000000002;0.206039999999998
2026-05-19 18:00:00;5;13.676;13.447520000000004;0.2284799999999958
2026-05-19 19:00:00;5;13.708;13.440720000000004;0.26727999999999597
2026-05-19 20:00:00;5;13.74;13.424080000000004;0.31591999999999665
2026-05-19 21:00:00;5;13.772;13.428400000000005;0.343599999999995
2026-05-19 22:00:00;5;13.804;13.481080000000004;0.3229199999999963
2026-05-19 23:00:00;5;13.836;13.48296;0.35304
2026-05-20 00:00:00;5;13.868;13.591720000000002;0.2762799999999981
2026-05-20 01:00:00;5;13.9;13.61948;0.280520000000001
2026-05-20 02:00:00;5;13.5;13.600120000000004;-0.10012000000000398
2026-05-20 03:00:00;5;13.3;13.13592;0.16408000000000023
2026-05-20 04:00:00;5;13.4;13.062479999999995;0.3375200000000049
2026-05-20 05:00:00;5;13.7;13.139800000000005;0.5601999999999947
2026-05-20 06:00:00;5;14.3;13.874600000000001;0.4253999999999998
2026-05-20 07:00:00;5;15.6;14.769400000000008;0.8305999999999916
2026-05-20 08:00:00;5;16.9;16.327399999999997;0.5726000000000013
2026-05-20 09:00:00;5;17.9;17.644000000000002;0.2559999999999967
2026-05-20 10:00:00;5;18.5;18.51899999999999;-0.018999999999991246
2026-05-20 11:00:00;5;19.5;19.007999999999996;0.49200000000000443
2026-05-20 12:00:00;5;19.5;19.603999999999996;-0.10399999999999565
2026-05-20 13:00:00;5;20.8;19.552999999999983;1.2470000000000176
2026-05-20 14:00:00;5;21.3;20.748;0.5519999999999996
2026-05-20 15:00:00;5;21.8;21.019999999999985;0.7800000000000153
2026-05-20 16:00:00;5;21.5;21.25;0.25
2026-05-20 17:00:00;5;21.3;21.246999999999993;0.05300000000000793
2026-05-20 18:00:00;5;21.2;20.075000000000003;1.1249999999999964
2026-05-20 19:00:00;5;19.5;19.563000000000013;-0.06300000000001305
2026-05-20 20:00:00;5;18.5;18.216;0.2839999999999989
2026-05-20 21:00:00;5;17.2;17.395000000000003;-0.19500000000000384
2026-05-20 22:00:00;5;16.1;16.302000000000003;-0.20200000000000173
2026-05-20 23:00:00;5;15.6;15.395;0.20500000000000007
2026-05-21 00:00:00;5;14.5;14.903999999999998;-0.40399999999999814
2026-05-21 01:00:00;5;13.9;13.936599999999991;-0.036599999999991084
2026-05-21 02:00:00;5;13.4;13.061000000000005;0.3389999999999951
2026-05-21 03:00:00;5;13.1;13.215639999999999;-0.11563999999999908
2026-05-21 04:00:00;5;12.8;12.8144;-0.014399999999998414
2026-05-21 05:00:00;5;12.7;12.628800000000007;0.07119999999999216
2026-05-21 06:00:00;5;14.1;13.818720000000006;0.28127999999999354
2026-05-21 07:00:00;5;16.0;15.91063999999999;0.08936000000000988
2026-05-21 08:00:00;5;18.5;17.62112;0.8788799999999988
2026-05-21 09:00:00;5;21.0;19.882;1.1179999999999986
2026-05-21 10:00:00;5;22.7;22.20500000000001;0.49499999999999034
2026-05-21 11:00:00;5;23.9;23.389;0.5109999999999992
2026-05-21 12:00:00;5;25.7;24.308000000000007;1.3919999999999924
2026-05-21 13:00:00;5;26.4;25.681000000000004;0.7189999999999941
2026-05-21 14:00:00;5;27.0;26.114000000000004;0.8859999999999957
2026-05-21 15:00:00;5;27.2;26.28600000000001;0.9139999999999908
2026-05-21 16:00:00;5;27.1;26.21600000000002;0.8839999999999826
2026-05-21 17:00:00;5;26.5;26.193000000000026;0.30699999999997374
2026-05-21 18:00:00;5;26.2;24.377000000000002;1.8229999999999968
2026-05-21 19:00:00;5;24.3;24.263999999999996;0.03600000000000492
2026-05-21 20:00:00;5;22.6;21.709999999999994;0.8900000000000077
2026-05-21 21:00:00;5;21.6;20.771;0.8290000000000006
2026-05-21 22:00:00;5;20.5;19.924000000000003;0.575999999999997
2026-05-21 23:00:00;5;19.4;18.719000000000005;0.6809999999999938
2026-05-22 00:00:00;5;18.6;18.126000000000005;0.47399999999999665
2026-05-22 01:00:00;5;17.8;17.409999999999997;0.3900000000000041
2026-05-22 02:00:00;5;17.1;17.156999999999993;-0.0569999999999915
2026-05-22 03:00:00;5;16.6;16.23800000000001;0.3619999999999912
2026-05-22 04:00:00;5;16.2;16.046000000000003;0.15399999999999636
2026-05-22 05:00:00;5;16.2;15.831799999999994;0.3682000000000052
2026-05-22 06:00:00;5;17.6;16.62335999999999;0.9766400000000104
2026-05-22 07:00:00;5;19.9;17.505999999999993;2.3940000000000055
2026-05-22 08:00:00;5;22.2;21.53299999999998;0.6670000000000194
2026-05-22 09:00:00;5;24.6;20.292;4.308
2026-05-22 10:00:00;5;26.9;24.053999999999995;2.8460000000000036
2026-05-22 11:00:00;5;28.4;26.450999999999993;1.9490000000000052
2026-05-22 12:00:00;5;30.1;27.552000000000007;2.5479999999999947
2026-05-22 13:00:00;5;30.5;27.546000000000006;2.9539999999999935
2026-05-22 14:00:00;5;30.9;27.34300000000001;3.556999999999988
2026-05-22 15:00:00;5;30.9;27.21200000000002;3.6879999999999775
2026-05-22 16:00:00;5;30.5;27.155000000000015;3.3449999999999847
2026-05-22 17:00:00;5;29.9;26.952000000000016;2.9479999999999826
2026-05-22 18:00:00;5;28.9;26.974000000000014;1.9259999999999842
2026-05-22 19:00:00;5;26.9;27.064000000000018;-0.16400000000001924
2026-05-22 20:00:00;5;25.2;24.992000000000004;0.20799999999999486
2026-05-22 21:00:00;5;23.8;22.642999999999986;1.1570000000000142
2026-05-22 22:00:00;5;22.6;21.249000000000002;1.350999999999999
2026-05-22 23:00:00;5;21.6;20.369999999999994;1.2300000000000075
2026-05-23 00:00:00;5;20.0;19.936000000000007;0.06399999999999295
2026-05-23 01:00:00;5;19.1;18.384000000000004;0.7159999999999975
2026-05-23 02:00:00;5;18.1;17.939000000000004;0.1609999999999978
2026-05-23 03:00:00;5;17.5;17.486999999999988;0.013000000000012335
2026-05-23 04:00:00;5;16.9;16.377;0.5229999999999997
2026-05-23 05:00:00;5;16.5;16.295000000000005;0.20499999999999474
2026-05-23 06:00:00;5;17.5;16.095480000000002;1.404519999999998
2026-05-23 07:00:00;5;19.5;17.264999999999997;2.235000000000003
2026-05-23 08:00:00;5;22.0;20.480999999999998;1.519000000000002
2026-05-23 09:00:00;5;24.5;22.795;1.7049999999999983
2026-05-23 10:00:00;5;26.8;24.149000000000004;2.6509999999999962
2026-05-23 11:00:00;5;28.5;26.480999999999998;2.019000000000002
2026-05-23 12:00:00;5;30.4;27.863000000000007;2.536999999999992
2026-05-23 13:00:00;5;30.9;28.268;2.631999999999998
2026-05-23 14:00:00;5;31.2;28.076000000000004;3.1239999999999952
2026-05-23 15:00:00;5;31.4;27.909000000000006;3.4909999999999926
2026-05-23 16:00:00;5;31.2;27.80800000000001;3.391999999999989
2026-05-23 17:00:00;5;30.6;27.585000000000008;3.0149999999999935
2026-05-23 18:00:00;5;29.4;27.21900000000002;2.1809999999999796
2026-05-23 19:00:00;5;27.4;27.01900000000002;0.3809999999999789
2026-05-23 20:00:00;5;25.2;26.277;-1.0770000000000017
2026-05-23 21:00:00;5;24.1;22.95099999999999;1.1490000000000116
2026-05-23 22:00:00;5;23.4;21.87100000000001;1.5289999999999893
2026-05-23 23:00:00;5;22.5;21.574;0.9259999999999984
2026-05-24 00:00:00;5;20.2;20.105999999999998;0.0940000000000012
2026-05-24 01:00:00;5;19.5;18.672000000000008;0.8279999999999923
2026-05-24 02:00:00;5;18.8;18.240000000000002;0.5599999999999987
2026-05-24 03:00:00;5;17.9;17.701999999999995;0.19800000000000395
2026-05-24 04:00:00;5;17.4;17.773999999999997;-0.3739999999999988
2026-05-24 05:00:00;5;17.2;16.794000000000004;0.40599999999999525
2026-05-24 06:00:00;5;18.4;17.036;1.3639999999999972
2026-05-24 07:00:00;5;20.6;18.667999999999996;1.9320000000000057
2026-05-24 08:00:00;5;23.5;21.311000000000003;2.1889999999999965
2026-05-24 09:00:00;5;26.2;22.929000000000006;3.2709999999999937
2026-05-24 10:00:00;5;28.6;26.112;2.488000000000003
2026-05-24 11:00:00;5;30.5;27.66900000000001;2.830999999999989
2026-05-24 12:00:00;5;32.2;27.771000000000008;4.428999999999995
2026-05-24 13:00:00;5;32.7;27.576000000000004;5.123999999999999
2026-05-24 14:00:00;5;33.0;27.939;5.061
2026-05-24 15:00:00;5;33.3;27.81600000000001;5.4839999999999876
2026-05-24 16:00:00;5;33.0;27.548000000000016;5.451999999999984
2026-05-24 17:00:00;5;32.2;27.337000000000018;4.862999999999985
2026-05-24 18:00:00;5;31.3;26.957000000000015;4.342999999999986
2026-05-24 19:00:00;5;29.2;26.928000000000015;2.2719999999999843
2026-05-24 20:00:00;5;27.7;27.02400000000001;0.6759999999999877
2026-05-24 21:00:00;5;26.9;26.276000000000003;0.6239999999999952
2026-05-24 22:00:00;5;24.9;25.021;-0.12100000000000222
2026-05-24 23:00:00;5;23.7;22.71599999999999;0.9840000000000089
2026-05-25 00:00:00;5;23.3;21.590000000000003;1.7099999999999973
2026-05-25 01:00:00;5;22.6;21.475;1.125
2026-05-25 02:00:00;5;21.6;20.419999999999995;1.1800000000000068
2026-05-25 03:00:00;5;21.0;19.964000000000006;1.0359999999999943
2026-05-25 04:00:00;5;20.5;19.550000000000008;0.9499999999999922
2026-05-25 05:00:00;5;19.9;19.275000000000002;0.6249999999999964
2026-05-25 06:00:00;5;20.9;18.584999999999994;2.315000000000005
2026-05-25 07:00:00;5;22.5;21.141000000000012;1.3589999999999876
2026-05-25 08:00:00;5;24.5;21.506;2.9939999999999998
2026-05-25 09:00:00;5;26.6;24.570000000000004;2.0299999999999976
2026-05-25 10:00:00;5;28.6;25.942999999999998;2.6570000000000036
2026-05-25 11:00:00;5;30.1;27.441000000000013;2.6589999999999883
2026-05-25 12:00:00;5;31.5;27.498000000000005;4.001999999999995
2026-05-25 13:00:00;5;32.3;27.41100000000001;4.888999999999989
2026-05-25 14:00:00;5;32.9;27.36300000000001;5.536999999999988
2026-05-25 15:00:00;5;33.3;27.41800000000001;5.881999999999987
2026-05-25 16:00:00;5;33.5;27.788000000000007;5.711999999999993
2026-05-25 17:00:00;5;32.5;26.93800000000003;5.561999999999969
2026-05-25 18:00:00;5;31.2;27.01500000000003;4.18499999999997
2026-05-25 19:00:00;5;29.6;26.89900000000002;2.7009999999999827
2026-05-25 20:00:00;5;28.3;27.018000000000015;1.2819999999999858
2026-05-25 21:00:00;5;27.4;26.992000000000026;0.40799999999997283
2026-05-25 22:00:00;5;26.2;26.05800000000001;0.1419999999999888
2026-05-25 23:00:00;5;24.9;24.342999999999993;0.5570000000000057
2026-05-26 00:00:00;5;23.1;23.14599999999999;-0.04599999999998872
2026-05-26 01:00:00;5;21.9;21.432999999999993;0.46700000000000585
2026-05-26 02:00:00;5;20.9;20.715999999999998;0.18400000000000105
2026-05-26 03:00:00;5;20.0;19.723;0.277000000000001
2026-05-26 04:00:00;5;19.1;18.656999999999996;0.44300000000000495
2026-05-26 05:00:00;5;18.8;18.174000000000007;0.6259999999999941
2026-05-26 06:00:00;5;20.1;18.171999999999997;1.9280000000000044
2026-05-26 07:00:00;5;22.0;20.13499999999999;1.865000000000009
2026-05-26 08:00:00;5;24.1;21.800000000000008;2.2999999999999936
2026-05-26 09:00:00;5;26.2;24.892000000000003;1.3079999999999963
2026-05-26 10:00:00;5;28.2;26.139999999999997;2.0600000000000023
2026-05-26 11:00:00;5;29.8;27.60800000000001;2.1919999999999895
2026-05-26 12:00:00;5;31.9;28.286000000000012;3.6139999999999866
2026-05-26 13:00:00;5;32.3;28.03600000000001;4.263999999999989
2026-05-26 14:00:00;5;32.8;27.430000000000017;5.36999999999998
2026-05-26 15:00:00;5;33.1;27.388000000000016;5.7119999999999855
2026-05-26 16:00:00;5;33.0;27.27100000000002;5.728999999999981
2026-05-26 17:00:00;5;32.5;26.993000000000023;5.506999999999977
2026-05-26 18:00:00;5;31.7;27.007000000000026;4.692999999999973
2026-05-26 19:00:00;5;29.9;26.89200000000002;3.007999999999978
2026-05-26 20:00:00;5;28.4;27.008000000000017;1.3919999999999817
2026-05-26 21:00:00;5;27.0;27.029000000000018;-0.02900000000001768
2026-05-26 22:00:00;5;25.8;25.852000000000007;-0.05200000000000671
2026-05-26 23:00:00;5;24.7;23.910999999999994;0.789000000000005
2026-05-27 00:00:00;5;23.1;22.888999999999996;0.21100000000000563
2026-05-27 01:00:00;5;22.5;21.535999999999994;0.9640000000000057
2026-05-27 02:00:00;5;21.6;20.894000000000005;0.705999999999996
2026-05-27 03:00:00;5;20.7;20.601000000000013;0.09899999999998599
2026-05-27 04:00:00;5;19.9;19.346999999999998;0.5530000000000008
2026-05-27 05:00:00;5;19.4;18.65299999999999;0.747000000000007
2026-05-27 06:00:00;5;20.2;18.321000000000012;1.8789999999999871
2026-05-27 07:00:00;5;22.0;20.080000000000002;1.9199999999999982
2026-05-27 08:00:00;5;24.4;21.74600000000001;2.6539999999999893
2026-05-27 09:00:00;5;27.0;24.93700000000001;2.0629999999999917
2026-05-27 10:00:00;5;29.4;26.521000000000004;2.8789999999999942
2026-05-27 11:00:00;5;31.4;27.640000000000015;3.759999999999984
2026-05-27 12:00:00;5;33.7;28.502000000000006;5.197999999999997
2026-05-27 13:00:00;5;34.4;28.27500000000001;6.124999999999989
2026-05-27 14:00:00;5;34.8;28.377000000000017;6.4229999999999805
2026-05-27 15:00:00;5;34.8;28.317000000000018;6.482999999999979
2026-05-27 16:00:00;5;34.5;28.277000000000015;6.222999999999985
2026-05-27 17:00:00;5;34.0;28.074000000000016;5.925999999999984
2026-05-27 18:00:00;5;33.2;28.068000000000012;5.131999999999991
2026-05-27 19:00:00;5;31.0;27.116000000000028;3.883999999999972
2026-05-27 20:00:00;5;29.2;27.143000000000015;2.0569999999999844
2026-05-27 21:00:00;5;27.6;27.17400000000002;0.4259999999999806
2026-05-27 22:00:00;5;26.4;26.262000000000008;0.13799999999999102
2026-05-27 23:00:00;5;25.1;24.517999999999997;0.5820000000000043
2026-05-28 00:00:00;5;22.9;22.71099999999999;0.18900000000000716
2026-05-28 01:00:00;5;22.4;20.570999999999994;1.8290000000000042
2026-05-28 02:00:00;5;21.5;19.879999999999995;1.6200000000000045
2026-05-28 03:00:00;5;20.9;19.923000000000005;0.9769999999999932
2026-05-28 04:00:00;5;20.4;19.517000000000003;0.8829999999999956
2026-05-28 05:00:00;5;20.5;18.682000000000006;1.8179999999999943
2026-05-28 06:00:00;5;21.6;18.731000000000005;2.868999999999996
2026-05-28 07:00:00;5;24.2;19.479000000000006;4.720999999999993
2026-05-28 08:00:00;5;27.0;23.390999999999995;3.6090000000000053
2026-05-28 09:00:00;5;29.9;26.598000000000006;3.3019999999999925
2026-05-28 10:00:00;5;32.4;27.731000000000012;4.668999999999986
2026-05-28 11:00:00;5;34.0;28.487999999999996;5.512000000000004
2026-05-28 12:00:00;5;35.0;28.326000000000004;6.673999999999996
2026-05-28 13:00:00;5;34.4;28.253000000000007;6.146999999999991
2026-05-28 14:00:00;5;34.5;28.243000000000002;6.256999999999998
2026-05-28 15:00:00;5;34.7;28.347000000000012;6.352999999999991
2026-05-28 16:00:00;5;34.5;28.006000000000007;6.493999999999993
2026-05-28 17:00:00;5;34.0;27.672000000000015;6.327999999999985
2026-05-28 18:00:00;5;33.2;27.59100000000001;5.608999999999991
2026-05-28 19:00:00;5;31.1;27.055000000000017;4.044999999999984
2026-05-28 20:00:00;5;29.6;27.103000000000012;2.4969999999999892
2026-05-28 21:00:00;5;28.4;27.094000000000015;1.3059999999999832
2026-05-28 22:00:00;5;27.1;27.050000000000008;0.049999999999993605
2026-05-28 23:00:00;5;26.0;25.87600000000001;0.12399999999999167
2026-05-29 00:00:00;5;24.2;24.028;0.1720000000000006
2026-05-29 01:00:00;5;23.1;22.15000000000001;0.9499999999999922
2026-05-29 02:00:00;5;22.5;21.306999999999988;1.193000000000012
2026-05-29 03:00:00;5;21.6;20.866999999999994;0.7330000000000076
2026-05-29 04:00:00;5;20.9;20.27300000000001;0.6269999999999882
2026-05-29 05:00:00;5;20.5;19.503000000000004;0.9969999999999963
2026-05-29 06:00:00;5;21.2;18.897000000000002;2.3029999999999973
2026-05-29 07:00:00;5;23.0;21.12600000000001;1.8739999999999917
2026-05-29 08:00:00;5;25.5;22.264999999999983;3.235000000000017
2026-05-29 09:00:00;5;28.0;25.092000000000013;2.907999999999987
2026-05-29 10:00:00;5;30.1;27.324000000000016;2.7759999999999856
2026-05-29 11:00:00;5;31.9;27.85200000000001;4.047999999999988
2026-05-29 12:00:00;5;32.9;28.400000000000006;4.499999999999993
2026-05-29 13:00:00;5;33.7;28.311000000000003;5.388999999999999
2026-05-29 14:00:00;5;34.0;28.419000000000015;5.580999999999985
2026-05-29 15:00:00;5;33.8;28.359000000000016;5.440999999999981
2026-05-29 16:00:00;5;32.0;27.195000000000018;4.804999999999982
2026-05-29 17:00:00;5;29.6;26.771000000000022;2.8289999999999793
2026-05-29 18:00:00;5;27.5;26.88900000000002;0.6109999999999793
2026-05-29 19:00:00;5;25.8;25.958000000000016;-0.15800000000001546
2026-05-29 20:00:00;5;23.0;23.528999999999986;-0.5289999999999857
2026-05-29 21:00:00;5;21.6;19.764999999999993;1.835000000000008
2026-05-29 22:00:00;5;20.5;19.79;0.7100000000000009
2026-05-29 23:00:00;5;19.7;18.64500000000001;1.054999999999989
2026-05-30 00:00:00;5;19.0;18.201;0.7989999999999995
2026-05-30 01:00:00;5;18.7;17.50800000000001;1.1919999999999895
2026-05-30 02:00:00;5;18.5;17.392;1.1080000000000005
2026-05-30 03:00:00;5;18.4;17.244;1.1559999999999988
2026-05-30 04:00:00;5;18.1;17.988000000000003;0.11199999999999832
2026-05-30 05:00:00;5;18.2;18.009999999999994;0.19000000000000483
2026-05-30 06:00:00;5;18.9;18.185999999999996;0.7140000000000022
2026-05-30 07:00:00;5;20.0;19.001;0.9989999999999988
2026-05-30 08:00:00;5;21.9;20.759999999999994;1.1400000000000041
2026-05-30 09:00:00;5;23.4;21.567000000000007;1.8329999999999913
2026-05-30 10:00:00;5;24.8;22.05400000000001;2.7459999999999916
2026-05-30 11:00:00;5;26.0;23.987999999999996;2.012000000000004
2026-05-30 12:00:00;5;24.8;25.561999999999998;-0.7619999999999969
2026-05-30 13:00:00;5;25.0;23.701000000000008;1.2989999999999924
2026-05-30 14:00:00;5;25.1;23.34500000000001;1.754999999999992
2026-05-30 15:00:00;5;24.7;23.341000000000008;1.358999999999991
2026-05-30 16:00:00;5;23.9;22.804000000000002;1.0959999999999965
2026-05-30 17:00:00;5;22.8;20.970999999999993;1.8290000000000077
2026-05-30 18:00:00;5;20.6;19.926999999999992;0.6730000000000089
2026-05-30 19:00:00;5;19.8;18.87100000000001;0.9289999999999914
2026-05-30 20:00:00;5;19.6;18.577;1.0229999999999997
2026-05-30 21:00:00;5;19.5;18.456000000000003;1.043999999999997
2026-05-30 22:00:00;5;19.2;18.473;0.7270000000000003
2026-05-30 23:00:00;5;19.0;18.036000000000005;0.9639999999999951
2026-05-13 00:00:00;6;9.4;9.212959999999997;0.1870400000000032
2026-05-13 01:00:00;6;9.4;9.345400000000001;0.05459999999999887
2026-05-13 02:00:00;6;9.4;9.246640000000003;0.1533599999999975
2026-05-13 03:00:00;6;8.1;9.254480000000001;-1.1544800000000013
2026-05-13 04:00:00;6;8.1;7.659000000000004;0.4409999999999954
2026-05-13 05:00:00;6;8.4;7.784400000000004;0.6155999999999962
2026-05-13 06:00:00;6;9.6;9.181759999999999;0.41824000000000083
2026-05-13 07:00:00;6;11.1;10.835000000000004;0.26499999999999524
2026-05-13 08:00:00;6;9.4;12.576999999999996;-3.176999999999996
2026-05-13 09:00:00;6;10.2;9.54392;0.6560799999999993
2026-05-13 10:00:00;6;11.4;10.846919999999997;0.5530800000000031
2026-05-13 11:00:00;6;13.7;12.607999999999999;1.0920000000000005
2026-05-13 12:00:00;6;12.8;15.137;-2.3369999999999997
2026-05-13 13:00:00;6;12.8;13.104439999999997;-0.30443999999999605
2026-05-13 14:00:00;6;12.9;13.161679999999997;-0.2616799999999966
2026-05-13 15:00:00;6;11.9;12.706159999999995;-0.8061599999999949
2026-05-13 16:00:00;6;11.2;11.690240000000003;-0.49024000000000356
2026-05-13 17:00:00;6;11.1;10.914999999999997;0.18500000000000227
2026-05-13 18:00:00;6;10.0;10.56716;-0.5671599999999994
2026-05-13 19:00:00;6;9.0;9.375999999999998;-0.37599999999999767
2026-05-13 20:00:00;6;8.4;8.251000000000003;0.14899999999999736
2026-05-13 21:00:00;6;7.9;7.8936;0.006400000000000183
2026-05-13 22:00:00;6;7.3;7.544440000000001;-0.24444000000000088
2026-05-13 23:00:00;6;7.1;6.855040000000002;0.24495999999999807
2026-05-14 00:00:00;6;6.8;6.880960000000001;-0.08096000000000103
2026-05-14 01:00:00;6;6.2;6.689920000000001;-0.4899200000000006
2026-05-14 02:00:00;6;6.1;5.766319999999997;0.33368000000000286
2026-05-14 03:00:00;6;6.0;5.723919999999998;0.2760800000000021
2026-05-14 04:00:00;6;5.8;5.7156400000000005;0.08435999999999932
2026-05-14 05:00:00;6;6.2;5.585919999999999;0.6140800000000013
2026-05-14 06:00:00;6;7.6;7.501999999999996;0.09800000000000342
2026-05-14 07:00:00;6;8.7;9.424000000000001;-0.724000000000002
2026-05-14 08:00:00;6;9.3;9.763999999999998;-0.46399999999999686
2026-05-14 09:00:00;6;10.4;10.131999999999998;0.26800000000000246
2026-05-14 10:00:00;6;11.1;11.329999999999998;-0.22999999999999865
2026-05-14 11:00:00;6;11.4;12.00480000000001;-0.6048000000000098
2026-05-14 12:00:00;6;10.9;12.030279999999998;-1.1302799999999973
2026-05-14 13:00:00;6;10.6;11.59436;-0.9943600000000004
2026-05-14 14:00:00;6;9.9;10.5814;-0.6814
2026-05-14 15:00:00;6;10.6;9.776639999999997;0.8233600000000028
2026-05-14 16:00:00;6;10.4;10.58248;-0.18247999999999998
2026-05-14 17:00:00;6;9.9;10.138759999999998;-0.23875999999999742
2026-05-14 18:00:00;6;9.3;9.368919999999997;-0.06891999999999676
2026-05-14 19:00:00;6;8.4;8.749;-0.3490000000000002
2026-05-14 20:00:00;6;7.3;7.724000000000001;-0.42400000000000126
2026-05-14 21:00:00;6;7.1;6.728;0.3719999999999999
2026-05-14 22:00:00;6;6.6;6.475000000000003;0.12499999999999645
2026-05-14 23:00:00;6;5.8;6.153000000000002;-0.3530000000000024
2026-05-15 00:00:00;6;5.2;5.392000000000003;-0.19200000000000284
2026-05-15 01:00:00;6;4.7;4.669000000000002;0.030999999999997918
2026-05-15 02:00:00;6;4.3;4.204080000000001;0.09591999999999867
2026-05-15 03:00:00;6;4.2;4.021559999999999;0.17844000000000104
2026-05-15 04:00:00;6;4.4;3.9404800000000013;0.45951999999999904
2026-05-15 05:00:00;6;4.8;4.20652;0.5934799999999996
2026-05-15 06:00:00;6;6.4;5.660999999999999;0.7390000000000017
2026-05-15 07:00:00;6;8.4;8.267999999999995;0.132000000000005
2026-05-15 08:00:00;6;9.6;9.919000000000004;-0.3190000000000044
2026-05-15 09:00:00;6;9.9;10.914999999999996;-1.0149999999999952
2026-05-15 10:00:00;6;10.1;10.725000000000005;-0.6250000000000053
2026-05-15 11:00:00;6;10.1;10.894519999999998;-0.7945199999999986
2026-05-15 12:00:00;6;11.4;10.43136;0.9686400000000006
2026-05-15 13:00:00;6;11.8;11.734000000000002;0.06599999999999895
2026-05-15 14:00:00;6;10.6;12.007919999999991;-1.4079199999999918
2026-05-15 15:00:00;6;11.4;10.525600000000004;0.8743999999999961
2026-05-15 16:00:00;6;11.4;11.329239999999997;0.07076000000000349
2026-05-15 17:00:00;6;10.8;11.244999999999996;-0.44499999999999496
2026-05-15 18:00:00;6;9.8;9.963000000000001;-0.16300000000000026
2026-05-15 19:00:00;6;9.1;8.896;0.20399999999999885
2026-05-15 20:00:00;6;8.0;8.475000000000001;-0.4750000000000014
2026-05-15 21:00:00;6;7.3;7.271;0.028999999999999915
2026-05-15 22:00:00;6;6.7;6.666999999999999;0.03300000000000125
2026-05-15 23:00:00;6;6.3;6.058880000000001;0.24111999999999867
2026-05-16 00:00:00;6;6.2;5.83964;0.36036
2026-05-16 01:00:00;6;5.3;5.66532;-0.36532000000000053
2026-05-16 02:00:00;6;4.9;4.967999999999996;-0.06799999999999606
2026-05-16 03:00:00;6;5.4;4.612999999999999;0.7870000000000017
2026-05-16 04:00:00;6;4.6;5.142479999999999;-0.5424799999999994
2026-05-16 05:00:00;6;5.2;4.297040000000001;0.9029599999999993
2026-05-16 06:00:00;6;7.3;6.564999999999999;0.7350000000000012
2026-05-16 07:00:00;6;9.1;9.364000000000003;-0.2640000000000029
2026-05-16 08:00:00;6;9.8;10.484999999999992;-0.6849999999999916
2026-05-16 09:00:00;6;11.1;10.739000000000006;0.36099999999999355
2026-05-16 10:00:00;6;12.2;12.222999999999999;-0.022999999999999687
2026-05-16 11:00:00;6;13.4;13.106999999999998;0.2930000000000028
2026-05-16 12:00:00;6;12.4;13.765;-1.3650000000000002
2026-05-16 13:00:00;6;13.4;12.858519999999999;0.5414800000000017
2026-05-16 14:00:00;6;13.4;13.096000000000004;0.3039999999999967
2026-05-16 15:00:00;6;13.4;13.040999999999997;0.35900000000000354
2026-05-16 16:00:00;6;12.9;12.815399999999997;0.08460000000000356
2026-05-16 17:00:00;6;12.9;12.286000000000001;0.613999999999999
2026-05-16 18:00:00;6;12.2;12.312999999999999;-0.11299999999999955
2026-05-16 19:00:00;6;11.2;11.452;-0.25200000000000067
2026-05-16 20:00:00;6;10.8;10.246999999999998;0.5530000000000026
2026-05-16 21:00:00;6;10.5;10.232999999999999;0.26700000000000124
2026-05-16 22:00:00;6;10.1;10.146359999999998;-0.04635999999999818
2026-05-16 23:00:00;6;9.9;9.916000000000006;-0.016000000000005343
2026-05-17 00:00:00;6;9.9;9.739999999999997;0.1600000000000037
2026-05-17 01:00:00;6;9.9;9.771;0.12899999999999956
2026-05-17 02:00:00;6;9.9;9.822719999999999;0.07728000000000179
2026-05-17 03:00:00;6;9.9;9.81036;0.08964000000000105
2026-05-17 04:00:00;6;9.9;9.79548;0.10452000000000083
2026-05-17 05:00:00;6;10.1;9.809199999999993;0.29080000000000616
2026-05-17 06:00:00;6;10.5;10.612839999999997;-0.11283999999999672
2026-05-17 07:00:00;6;11.1;11.066000000000004;0.03399999999999537
2026-05-17 08:00:00;6;12.7;12.082999999999995;0.6170000000000044
2026-05-17 09:00:00;6;13.7;14.311999999999994;-0.6119999999999948
2026-05-17 10:00:00;6;14.4;14.405000000000005;-0.005000000000004334
2026-05-17 11:00:00;6;15.4;14.825999999999997;0.5740000000000034
2026-05-17 12:00:00;6;14.7;14.881999999999996;-0.18199999999999683
2026-05-17 13:00:00;6;15.1;14.977000000000007;0.12299999999999223
2026-05-17 14:00:00;6;12.9;14.761999999999995;-1.8619999999999948
2026-05-17 15:00:00;6;14.4;12.24000000000001;2.1599999999999895
2026-05-17 16:00:00;6;12.6;13.960079999999994;-1.3600799999999946
2026-05-17 17:00:00;6;12.2;12.500239999999994;-0.3002399999999952
2026-05-17 18:00:00;6;12.6;11.595;1.004999999999999
2026-05-17 19:00:00;6;11.8;11.980760000000005;-0.1807600000000047
2026-05-17 20:00:00;6;11.1;11.222999999999999;-0.12299999999999933
2026-05-17 21:00:00;6;10.4;10.644;-0.24399999999999977
2026-05-17 22:00:00;6;9.8;9.935000000000002;-0.13500000000000156
2026-05-17 23:00:00;6;9.2;9.445000000000004;-0.24500000000000455
2026-05-18 00:00:00;6;9.4;8.931359999999996;0.46864000000000416
2026-05-18 01:00:00;6;9.1;9.309440000000002;-0.2094400000000025
2026-05-18 02:00:00;6;8.8;8.882239999999998;-0.08223999999999698
2026-05-18 03:00:00;6;8.3;8.542999999999997;-0.24299999999999677
2026-05-18 04:00:00;6;7.7;8.103280000000002;-0.4032800000000014
2026-05-18 05:00:00;6;8.1;7.281199999999999;0.8188000000000004
2026-05-18 06:00:00;6;9.6;9.187960000000006;0.41203999999999397
2026-05-18 07:00:00;6;10.6;11.287;-0.6870000000000012
2026-05-18 08:00:00;6;12.1;11.765000000000004;0.3349999999999955
2026-05-18 09:00:00;6;12.4;13.434000000000003;-1.0340000000000025
2026-05-18 10:00:00;6;13.1;12.939919999999995;0.16008000000000422
2026-05-18 11:00:00;6;12.9;13.458999999999998;-0.5589999999999975
2026-05-18 12:00:00;6;11.4;13.111159999999998;-1.7111599999999978
2026-05-18 13:00:00;6;13.0;11.599199999999998;1.400800000000002
2026-05-18 14:00:00;6;14.6;13.338520000000003;1.261479999999997
2026-05-18 15:00:00;6;13.1;14.870999999999999;-1.770999999999999
2026-05-18 16:00:00;6;13.9;12.834639999999997;1.0653600000000036
2026-05-18 17:00:00;6;14.1;13.349999999999998;0.7500000000000018
2026-05-18 18:00:00;6;13.4;13.62299999999999;-0.2229999999999901
2026-05-18 19:00:00;6;12.1;12.427000000000003;-0.3270000000000035
2026-05-18 20:00:00;6;10.7;11.309;-0.609
2026-05-18 21:00:00;6;9.9;9.824000000000002;0.07599999999999874
2026-05-18 22:00:00;6;9.4;9.427000000000005;-0.027000000000004576
2026-05-18 23:00:00;6;9.2;9.066;0.13399999999999856
2026-05-19 00:00:00;6;9.2;9.075520000000004;0.12447999999999482
2026-05-19 01:00:00;6;9.328;8.858759999999997;0.46924000000000277
2026-05-19 02:00:00;6;9.456;9.194560000000003;0.2614399999999968
2026-05-19 03:00:00;6;9.584;9.320880000000002;0.26311999999999713
2026-05-19 04:00:00;6;9.712;9.551399999999996;0.16060000000000407
2026-05-19 05:00:00;6;9.84;9.637599999999999;0.2024000000000008
2026-05-19 06:00:00;6;9.968;10.112399999999997;-0.14439999999999742
2026-05-19 07:00:00;6;10.096;10.447159999999995;-0.3511599999999948
2026-05-19 08:00:00;6;10.224;10.436679999999999;-0.21267999999999887
2026-05-19 09:00:00;6;10.352;10.477759999999998;-0.12575999999999787
2026-05-19 10:00:00;6;10.48;10.567680000000003;-0.08768000000000242
2026-05-19 11:00:00;6;10.608;10.718200000000007;-0.11020000000000607
2026-05-19 12:00:00;6;10.736;10.898799999999994;-0.16279999999999362
2026-05-19 13:00:00;6;10.864;10.958519999999998;-0.0945199999999975
2026-05-19 14:00:00;6;10.992;10.38912;0.6028800000000007
2026-05-19 15:00:00;6;11.12;10.170959999999996;0.9490400000000037
2026-05-19 16:00:00;6;11.248;10.729599999999996;0.5184000000000033
2026-05-19 17:00:00;6;11.376;11.161999999999995;0.21400000000000396
2026-05-19 18:00:00;6;11.504;11.008800000000003;0.495199999999997
2026-05-19 19:00:00;6;11.632;11.31524;0.3167600000000004
2026-05-19 20:00:00;6;11.76;11.456399999999997;0.303600000000003
2026-05-19 21:00:00;6;11.888;11.598159999999996;0.28984000000000343
2026-05-19 22:00:00;6;12.016;11.72944;0.2865599999999997
2026-05-19 23:00:00;6;12.144;11.788519999999998;0.3554800000000018
2026-05-20 00:00:00;6;12.272;11.895639999999998;0.3763600000000018
2026-05-20 01:00:00;6;12.4;11.896280000000008;0.5037199999999924
2026-05-20 02:00:00;6;12.1;11.996280000000008;0.10371999999999204
2026-05-20 03:00:00;6;12.0;11.736240000000002;0.2637599999999978
2026-05-20 04:00:00;6;11.9;11.75612;0.14388000000000112
2026-05-20 05:00:00;6;12.2;11.757879999999998;0.44212000000000096
2026-05-20 06:00:00;6;12.4;12.328319999999998;0.07168000000000241
2026-05-20 07:00:00;6;13.5;12.746560000000004;0.7534399999999959
2026-05-20 08:00:00;6;13.8;14.725;-0.9249999999999989
2026-05-20 09:00:00;6;14.9;14.376;0.5240000000000009
2026-05-20 10:00:00;6;15.5;15.309000000000003;0.19099999999999717
2026-05-20 11:00:00;6;16.6;16.159000000000002;0.44099999999999895
2026-05-20 12:00:00;6;17.2;17.139;0.06099999999999994
2026-05-20 13:00:00;6;17.5;17.56300000000001;-0.06300000000000949
2026-05-20 14:00:00;6;17.1;17.498;-0.3979999999999997
2026-05-20 15:00:00;6;16.0;16.713999999999995;-0.7139999999999951
2026-05-20 16:00:00;6;17.0;15.137240000000004;1.8627599999999962
2026-05-20 17:00:00;6;16.0;16.037;-0.036999999999999034
2026-05-20 18:00:00;6;15.4;15.123000000000001;0.27699999999999925
2026-05-20 19:00:00;6;14.9;14.5902;0.30980000000000096
2026-05-20 20:00:00;6;13.9;14.331999999999995;-0.43199999999999505
2026-05-20 21:00:00;6;13.2;13.12352;0.0764800000000001
2026-05-20 22:00:00;6;12.6;12.645439999999986;-0.045439999999986824
2026-05-20 23:00:00;6;11.9;12.111840000000008;-0.21184000000000758
2026-05-21 00:00:00;6;11.2;11.699999999999996;-0.49999999999999645
2026-05-21 01:00:00;6;10.6;10.93308;-0.3330800000000007
2026-05-21 02:00:00;6;10.2;10.170000000000003;0.029999999999995808
2026-05-21 03:00:00;6;9.9;9.94784;-0.047839999999998994
2026-05-21 04:00:00;6;9.6;9.620720000000007;-0.020720000000007843
2026-05-21 05:00:00;6;10.2;9.36832;0.8316799999999986
2026-05-21 06:00:00;6;12.0;11.036639999999995;0.9633600000000051
2026-05-21 07:00:00;6;14.0;13.770999999999997;0.22900000000000276
2026-05-21 08:00:00;6;15.9;15.890000000000004;0.009999999999996234
2026-05-21 09:00:00;6;17.3;17.288;0.012000000000000455
2026-05-21 10:00:00;6;18.8;18.115;0.6850000000000023
2026-05-21 11:00:00;6;19.4;19.486;-0.08600000000000207
2026-05-21 12:00:00;6;20.0;20.18700000000001;-0.18700000000000827
2026-05-21 13:00:00;6;20.6;20.282000000000004;0.31799999999999784
2026-05-21 14:00:00;6;20.4;20.685;-0.28500000000000014
2026-05-21 15:00:00;6;20.9;20.168999999999986;0.7310000000000123
2026-05-21 16:00:00;6;20.9;20.50900000000001;0.3909999999999876
2026-05-21 17:00:00;6;21.0;20.113000000000007;0.8869999999999933
2026-05-21 18:00:00;6;20.0;19.535000000000007;0.46499999999999275
2026-05-21 19:00:00;6;18.2;18.662;-0.46199999999999974
2026-05-21 20:00:00;6;16.7;17.078000000000003;-0.37800000000000367
2026-05-21 21:00:00;6;16.0;15.748999999999997;0.251000000000003
2026-05-21 22:00:00;6;15.1;14.979;0.12100000000000044
2026-05-21 23:00:00;6;14.4;14.317000000000002;0.08299999999999841
2026-05-22 00:00:00;6;13.4;13.747599999999998;-0.34759999999999813
2026-05-22 01:00:00;6;12.9;13.002280000000008;-0.10228000000000748
2026-05-22 02:00:00;6;12.4;12.37896;0.021040000000001058
2026-05-22 03:00:00;6;12.1;11.954999999999998;0.14500000000000135
2026-05-22 04:00:00;6;11.8;11.8018;-0.0017999999999993577
2026-05-22 05:00:00;6;12.5;11.512440000000002;0.9875599999999984
2026-05-22 06:00:00;6;14.7;13.399639999999993;1.3003600000000066
2026-05-22 07:00:00;6;16.9;16.56599999999999;0.3340000000000103
2026-05-22 08:00:00;6;19.5;18.33700000000001;1.1629999999999896
2026-05-22 09:00:00;6;21.8;21.243000000000002;0.5569999999999986
2026-05-22 10:00:00;6;22.8;23.156;-0.3559999999999981
2026-05-22 11:00:00;6;23.6;23.383000000000006;0.2169999999999952
2026-05-22 12:00:00;6;24.8;23.78200000000001;1.01799999999999
2026-05-22 13:00:00;6;25.3;24.52799999999999;0.7720000000000091
2026-05-22 14:00:00;6;25.5;24.458999999999993;1.0410000000000075
2026-05-22 15:00:00;6;25.6;24.510999999999996;1.0890000000000057
2026-05-22 16:00:00;6;25.5;24.618999999999996;0.8810000000000038
2026-05-22 17:00:00;6;25.1;23.849999999999994;1.250000000000007
2026-05-22 18:00:00;6;24.7;23.068000000000012;1.6319999999999872
2026-05-22 19:00:00;6;22.7;22.650000000000006;0.049999999999993605
2026-05-22 20:00:00;6;20.9;20.792999999999992;0.10700000000000642
2026-05-22 21:00:00;6;19.6;19.268000000000008;0.33199999999999363
2026-05-22 22:00:00;6;18.6;18.233999999999995;0.36600000000000676
2026-05-22 23:00:00;6;18.0;17.483999999999988;0.5160000000000124
2026-05-23 00:00:00;6;16.9;17.128;-0.22800000000000153
2026-05-23 01:00:00;6;16.4;15.953999999999994;0.44600000000000506
2026-05-23 02:00:00;6;16.0;15.715000000000002;0.28499999999999837
2026-05-23 03:00:00;6;15.8;15.305000000000007;0.4949999999999939
2026-05-23 04:00:00;6;15.6;15.11700000000001;0.4829999999999899
2026-05-23 05:00:00;6;16.2;15.503;0.6969999999999992
2026-05-23 06:00:00;6;18.2;16.70991999999999;1.4900800000000096
2026-05-23 07:00:00;6;20.2;19.100999999999992;1.0990000000000073
2026-05-23 08:00:00;6;22.8;21.60099999999999;1.1990000000000123
2026-05-23 09:00:00;6;25.0;23.546999999999997;1.453000000000003
2026-05-23 10:00:00;6;26.5;24.995;1.504999999999999
2026-05-23 11:00:00;6;27.4;26.388000000000005;1.0119999999999933
2026-05-23 12:00:00;6;28.5;26.63299999999999;1.8670000000000115
2026-05-23 13:00:00;6;28.9;27.585000000000004;1.3149999999999942
2026-05-23 14:00:00;6;29.2;27.535000000000004;1.6649999999999956
2026-05-23 15:00:00;6;29.3;27.443000000000005;1.8569999999999958
2026-05-23 16:00:00;6;29.2;27.340000000000014;1.8599999999999852
2026-05-23 17:00:00;6;28.8;27.079000000000022;1.7209999999999788
2026-05-23 18:00:00;6;27.8;27.01500000000002;0.7849999999999824
2026-05-23 19:00:00;6;25.6;26.175000000000015;-0.5750000000000135
2026-05-23 20:00:00;6;23.0;23.44199999999999;-0.4419999999999895
2026-05-23 21:00:00;6;20.4;20.172999999999988;0.22700000000001097
2026-05-23 22:00:00;6;19.0;18.645000000000003;0.3549999999999969
2026-05-23 23:00:00;6;18.1;17.653;0.44700000000000273
2026-05-24 00:00:00;6;17.1;17.013;0.08699999999999974
2026-05-24 01:00:00;6;16.5;16.220000000000013;0.2799999999999869
2026-05-24 02:00:00;6;16.0;15.635999999999997;0.36400000000000254
2026-05-24 03:00:00;6;15.5;15.35444;0.1455599999999997
2026-05-24 04:00:00;6;15.1;15.04000000000001;0.05999999999998984
2026-05-24 05:00:00;6;15.7;14.90499999999999;0.7950000000000088
2026-05-24 06:00:00;6;17.7;16.645639999999993;1.0543600000000062
2026-05-24 07:00:00;6;20.0;17.773999999999997;2.2260000000000026
2026-05-24 08:00:00;6;22.4;21.990999999999982;0.4090000000000167
2026-05-24 09:00:00;6;24.6;22.319999999999997;2.2800000000000047
2026-05-24 10:00:00;6;26.2;24.569000000000006;1.6309999999999931
2026-05-24 11:00:00;6;27.5;26.322999999999993;1.1770000000000067
2026-05-24 12:00:00;6;28.7;26.93500000000001;1.76499999999999
2026-05-24 13:00:00;6;29.6;27.688000000000006;1.9119999999999955
2026-05-24 14:00:00;6;30.0;27.676000000000002;2.323999999999998
2026-05-24 15:00:00;6;30.2;27.443000000000016;2.7569999999999837
2026-05-24 16:00:00;6;29.8;27.27100000000001;2.5289999999999893
2026-05-24 17:00:00;6;29.0;26.990000000000013;2.0099999999999874
2026-05-24 18:00:00;6;28.4;26.948000000000015;1.451999999999984
2026-05-24 19:00:00;6;26.9;26.899000000000015;0.0009999999999834586
2026-05-24 20:00:00;6;25.5;25.028000000000002;0.47199999999999775
2026-05-24 21:00:00;6;24.6;23.418999999999997;1.1810000000000045
2026-05-24 22:00:00;6;23.2;22.442999999999998;0.7570000000000014
2026-05-24 23:00:00;6;22.0;21.477000000000004;0.5229999999999961
2026-05-25 00:00:00;6;20.9;20.774999999999995;0.12500000000000355
2026-05-25 01:00:00;6;20.2;19.822000000000003;0.37799999999999656
2026-05-25 02:00:00;6;19.5;18.79499999999999;0.705000000000009
2026-05-25 03:00:00;6;18.6;18.20500000000001;0.39499999999999247
2026-05-25 04:00:00;6;18.0;18.038999999999994;-0.03899999999999437
2026-05-25 05:00:00;6;18.5;18.170999999999992;0.32900000000000773
2026-05-25 06:00:00;6;20.4;18.744000000000003;1.6559999999999953
2026-05-25 07:00:00;6;22.6;21.589000000000002;1.0109999999999992
2026-05-25 08:00:00;6;25.2;22.701999999999998;2.498000000000001
2026-05-25 09:00:00;6;27.5;25.836;1.6640000000000015
2026-05-25 10:00:00;6;28.5;26.95900000000001;1.5409999999999897
2026-05-25 11:00:00;6;29.4;27.726000000000013;1.6739999999999853
2026-05-25 12:00:00;6;30.4;27.699000000000005;2.7009999999999934
2026-05-25 13:00:00;6;30.8;27.980000000000004;2.8199999999999967
2026-05-25 14:00:00;6;31.0;27.911000000000005;3.088999999999995
2026-05-25 15:00:00;6;31.0;27.893000000000008;3.106999999999992
2026-05-25 16:00:00;6;30.7;27.811000000000014;2.888999999999985
2026-05-25 17:00:00;6;30.0;27.624000000000013;2.375999999999987
2026-05-25 18:00:00;6;29.0;27.585000000000015;1.414999999999985
2026-05-25 19:00:00;6;27.5;27.07300000000002;0.4269999999999783
2026-05-25 20:00:00;6;25.9;26.318000000000012;-0.41800000000001347
2026-05-25 21:00:00;6;24.5;24.31699999999999;0.1830000000000105
2026-05-25 22:00:00;6;23.4;23.12500000000001;0.2749999999999879
2026-05-25 23:00:00;6;22.4;22.252000000000002;0.14799999999999613
2026-05-26 00:00:00;6;21.0;21.081000000000014;-0.08100000000001373
2026-05-26 01:00:00;6;19.9;19.802000000000007;0.09799999999999187
2026-05-26 02:00:00;6;18.8;18.644999999999996;0.1550000000000047
2026-05-26 03:00:00;6;17.8;17.778;0.022000000000002018
2026-05-26 04:00:00;6;17.0;17.868999999999993;-0.8689999999999927
2026-05-26 05:00:00;6;17.5;16.72956;0.7704400000000007
2026-05-26 06:00:00;6;20.0;17.464999999999996;2.5350000000000037
2026-05-26 07:00:00;6;22.5;20.01599999999999;2.484000000000009
2026-05-26 08:00:00;6;25.5;22.587999999999997;2.9120000000000026
2026-05-26 09:00:00;6;27.5;26.141;1.3590000000000018
2026-05-26 10:00:00;6;28.7;28.23000000000002;0.46999999999997755
2026-05-26 11:00:00;6;29.9;28.63000000000001;1.269999999999989
2026-05-26 12:00:00;6;30.7;28.63300000000001;2.0669999999999895
2026-05-26 13:00:00;6;31.0;28.33900000000001;2.6609999999999907
2026-05-26 14:00:00;6;31.4;28.22200000000001;3.17799999999999
2026-05-26 15:00:00;6;31.5;28.160000000000014;3.3399999999999856
2026-05-26 16:00:00;6;31.2;28.101000000000017;3.0989999999999824
2026-05-26 17:00:00;6;30.8;27.883000000000017;2.916999999999984
2026-05-26 18:00:00;6;30.0;27.598000000000017;2.4019999999999833
2026-05-26 19:00:00;6;28.5;27.595000000000017;0.9049999999999834
2026-05-26 20:00:00;6;26.5;27.28100000000002;-0.7810000000000201
2026-05-26 21:00:00;6;25.0;24.91800000000001;0.08199999999999008
2026-05-26 22:00:00;6;23.2;23.163;0.036999999999999034
2026-05-26 23:00:00;6;22.0;21.502999999999993;0.497000000000007
2026-05-27 00:00:00;6;20.6;20.841999999999995;-0.24199999999999378
2026-05-27 01:00:00;6;19.9;19.353999999999996;0.5460000000000029
2026-05-27 02:00:00;6;19.0;18.484;0.5159999999999982
2026-05-27 03:00:00;6;18.3;17.951999999999995;0.3480000000000061
2026-05-27 04:00:00;6;17.6;18.478999999999996;-0.8789999999999942
2026-05-27 05:00:00;6;18.2;17.221999999999994;0.9780000000000051
2026-05-27 06:00:00;6;20.0;18.827999999999992;1.1720000000000077
2026-05-27 07:00:00;6;21.9;19.884999999999998;2.0150000000000006
2026-05-27 08:00:00;6;23.6;21.838;1.7620000000000005
2026-05-27 09:00:00;6;25.6;24.017999999999997;1.5820000000000043
2026-05-27 10:00:00;6;27.5;25.698000000000008;1.8019999999999925
2026-05-27 11:00:00;6;28.8;26.798000000000005;2.0019999999999953
2026-05-27 12:00:00;6;29.8;27.60400000000001;2.195999999999991
2026-05-27 13:00:00;6;30.0;27.62100000000001;2.3789999999999907
2026-05-27 14:00:00;6;30.2;27.370000000000015;2.829999999999984
2026-05-27 15:00:00;6;29.8;27.24100000000002;2.5589999999999797
2026-05-27 16:00:00;6;29.1;27.085000000000022;2.0149999999999793
2026-05-27 17:00:00;6;28.3;26.793000000000024;1.5069999999999766
2026-05-27 18:00:00;6;27.6;26.880000000000027;0.719999999999974
2026-05-27 19:00:00;6;26.6;26.067000000000018;0.5329999999999835
2026-05-27 20:00:00;6;25.2;24.943999999999992;0.25600000000000733
2026-05-27 21:00:00;6;23.7;23.586999999999993;0.11300000000000665
2026-05-27 22:00:00;6;22.4;21.756000000000004;0.6439999999999948
2026-05-27 23:00:00;6;21.4;21.09900000000001;0.3009999999999877
2026-05-28 00:00:00;6;20.0;20.56400000000001;-0.5640000000000107
2026-05-28 01:00:00;6;19.0;18.971000000000004;0.028999999999996362
2026-05-28 02:00:00;6;18.2;17.998999999999995;0.20100000000000406
2026-05-28 03:00:00;6;17.6;17.633999999999997;-0.03399999999999537
2026-05-28 04:00:00;6;17.0;16.877;0.12300000000000111
2026-05-28 05:00:00;6;17.1;16.81;0.2900000000000027
2026-05-28 06:00:00;6;18.5;17.254;1.2459999999999987
2026-05-28 07:00:00;6;20.1;19.342999999999993;0.7570000000000086
2026-05-28 08:00:00;6;22.4;21.48799999999999;0.9120000000000097
2026-05-28 09:00:00;6;24.8;23.243;1.5570000000000022
2026-05-28 10:00:00;6;26.8;25.420999999999996;1.3790000000000049
2026-05-28 11:00:00;6;28.1;26.359999999999992;1.740000000000009
2026-05-28 12:00:00;6;29.4;27.36700000000001;2.032999999999987
2026-05-28 13:00:00;6;30.0;27.729000000000006;2.2709999999999937
2026-05-28 14:00:00;6;30.6;27.656000000000002;2.943999999999999
2026-05-28 15:00:00;6;30.2;27.349000000000018;2.8509999999999813
2026-05-28 16:00:00;6;30.2;27.255000000000017;2.9449999999999825
2026-05-28 17:00:00;6;29.7;26.972000000000023;2.7279999999999767
2026-05-28 18:00:00;6;28.6;26.896000000000022;1.7039999999999793
2026-05-28 19:00:00;6;27.3;26.930000000000017;0.36999999999998323
2026-05-28 20:00:00;6;26.0;25.91500000000001;0.0849999999999902
2026-05-28 21:00:00;6;25.4;24.048999999999992;1.3510000000000062
2026-05-28 22:00:00;6;24.2;23.425000000000004;0.774999999999995
2026-05-28 23:00:00;6;23.3;21.76;1.5399999999999991
2026-05-29 00:00:00;6;22.3;20.583000000000002;1.7169999999999987
2026-05-29 01:00:00;6;22.0;19.958999999999993;2.0410000000000075
2026-05-29 02:00:00;6;21.5;19.861999999999995;1.6380000000000052
2026-05-29 03:00:00;6;21.4;19.82800000000001;1.5719999999999885
2026-05-29 04:00:00;6;21.1;19.78100000000001;1.318999999999992
2026-05-29 05:00:00;6;21.6;19.596000000000007;2.0039999999999942
2026-05-29 06:00:00;6;23.1;20.31300000000001;2.786999999999992
2026-05-29 07:00:00;6;24.9;21.119999999999994;3.7800000000000047
2026-05-29 08:00:00;6;26.5;23.880000000000006;2.619999999999994
2026-05-29 09:00:00;6;27.2;25.639999999999997;1.5600000000000023
2026-05-29 10:00:00;6;29.1;26.218000000000004;2.881999999999998
2026-05-29 11:00:00;6;30.6;27.533000000000012;3.0669999999999895
2026-05-29 12:00:00;6;30.9;27.270000000000014;3.629999999999985
2026-05-29 13:00:00;6;29.1;27.215000000000014;1.8849999999999874
2026-05-29 14:00:00;6;25.8;27.058000000000014;-1.2580000000000133
2026-05-29 15:00:00;6;25.2;24.118999999999986;1.0810000000000137
2026-05-29 16:00:00;6;23.5;22.98300000000001;0.5169999999999888
2026-05-29 17:00:00;6;24.1;20.746999999999993;3.3530000000000086
2026-05-29 18:00:00;6;24.0;21.463999999999995;2.536000000000005
2026-05-29 19:00:00;6;23.5;21.355999999999995;2.1440000000000055
2026-05-29 20:00:00;6;22.8;20.691999999999993;2.1080000000000076
2026-05-29 21:00:00;6;20.9;19.923999999999985;0.9760000000000133
2026-05-29 22:00:00;6;19.6;19.403000000000006;0.19699999999999562
2026-05-29 23:00:00;6;20.0;18.575000000000003;1.4249999999999972
2026-05-30 00:00:00;6;20.2;18.592000000000006;1.6079999999999934
2026-05-30 01:00:00;6;19.4;18.735000000000003;0.6649999999999956
2026-05-30 02:00:00;6;18.6;18.439000000000004;0.1609999999999978
2026-05-30 03:00:00;6;18.0;17.811000000000003;0.1889999999999965
2026-05-30 04:00:00;6;17.5;18.120999999999995;-0.6209999999999951
2026-05-30 05:00:00;6;17.7;17.281999999999993;0.41800000000000637
2026-05-30 06:00:00;6;17.8;17.523;0.277000000000001
2026-05-30 07:00:00;6;20.1;18.624000000000002;1.475999999999999
2026-05-30 08:00:00;6;19.7;21.14999999999999;-1.4499999999999922
2026-05-30 09:00:00;6;20.8;19.054000000000006;1.7459999999999951
2026-05-30 10:00:00;6;23.8;20.688;3.112000000000002
2026-05-30 11:00:00;6;25.6;22.696000000000005;2.9039999999999964
2026-05-30 12:00:00;6;26.0;25.257;0.7429999999999986
2026-05-30 13:00:00;6;27.3;25.462000000000007;1.8379999999999939
2026-05-30 14:00:00;6;24.1;26.17600000000001;-2.0760000000000076
2026-05-30 15:00:00;6;23.8;21.794999999999995;2.005000000000006
2026-05-30 16:00:00;6;24.6;20.822999999999997;3.7770000000000046
2026-05-30 17:00:00;6;24.6;22.314999999999994;2.2850000000000072
2026-05-30 18:00:00;6;21.2;22.142999999999994;-0.9429999999999943
2026-05-30 19:00:00;6;20.3;19.419000000000008;0.8809999999999931
2026-05-30 20:00:00;6;19.7;18.783;0.916999999999998
2026-05-30 21:00:00;6;19.4;18.463;0.9369999999999976
2026-05-30 22:00:00;6;19.5;18.279000000000007;1.220999999999993
2026-05-30 23:00:00;6;18.8;18.590000000000003;0.2099999999999973
2026-05-13 00:00:00;7;7.1;6.267000000000001;0.8329999999999984
2026-05-13 01:00:00;7;6.3;6.822600000000002;-0.5226000000000024
2026-05-13 02:00:00;7;6.1;6.0395600000000025;0.06043999999999716
2026-05-13 03:00:00;7;6.6;5.6435200000000005;0.9564799999999991
2026-05-13 04:00:00;7;6.0;6.5601600000000015;-0.5601600000000015
2026-05-13 05:00:00;7;6.6;5.8219600000000025;0.7780399999999972
2026-05-13 06:00:00;7;7.3;7.48376;-0.18376000000000037
2026-05-13 07:00:00;7;9.4;8.458;0.9420000000000002
2026-05-13 08:00:00;7;11.4;11.098999999999998;0.30100000000000193
2026-05-13 09:00:00;7;12.4;13.151000000000003;-0.751000000000003
2026-05-13 10:00:00;7;12.8;13.360000000000007;-0.5600000000000058
2026-05-13 11:00:00;7;14.4;12.991439999999997;1.4085600000000031
2026-05-13 12:00:00;7;14.1;15.197999999999993;-1.0979999999999936
2026-05-13 13:00:00;7;14.4;14.529000000000003;-0.1290000000000031
2026-05-13 14:00:00;7;14.9;14.440880000000007;0.4591199999999933
2026-05-13 15:00:00;7;13.1;14.653999999999998;-1.5539999999999985
2026-05-13 16:00:00;7;11.7;12.672000000000004;-0.9720000000000049
2026-05-13 17:00:00;7;11.7;11.063000000000002;0.6369999999999969
2026-05-13 18:00:00;7;10.8;10.990999999999994;-0.19099999999999362
2026-05-13 19:00:00;7;10.1;10.206999999999997;-0.10699999999999754
2026-05-13 20:00:00;7;9.5;9.476999999999999;0.023000000000001464
2026-05-13 21:00:00;7;8.3;9.054999999999996;-0.7549999999999955
2026-05-13 22:00:00;7;7.9;7.717000000000001;0.18299999999999894
2026-05-13 23:00:00;7;8.1;7.417000000000001;0.6829999999999989
2026-05-14 00:00:00;7;7.8;7.962839999999995;-0.16283999999999477
2026-05-14 01:00:00;7;7.2;7.485559999999998;-0.2855599999999976
2026-05-14 02:00:00;7;7.4;6.771999999999997;0.6280000000000037
2026-05-14 03:00:00;7;7.1;7.2229199999999985;-0.12291999999999881
2026-05-14 04:00:00;7;6.8;6.805239999999997;-0.005239999999997025
2026-05-14 05:00:00;7;7.2;6.600920000000002;0.5990799999999981
2026-05-14 06:00:00;7;8.2;7.997920000000005;0.20207999999999426
2026-05-14 07:00:00;7;9.6;9.565999999999997;0.03400000000000247
2026-05-14 08:00:00;7;10.6;10.921;-0.32099999999999973
2026-05-14 09:00:00;7;11.6;11.610999999999999;-0.010999999999999233
2026-05-14 10:00:00;7;12.1;12.575000000000005;-0.475000000000005
2026-05-14 11:00:00;7;11.4;12.829999999999993;-1.4299999999999926
2026-05-14 12:00:00;7;12.5;12.050040000000001;0.449959999999999
2026-05-14 13:00:00;7;13.2;13.002759999999999;0.19724000000000075
2026-05-14 14:00:00;7;13.9;13.449399999999995;0.450600000000005
2026-05-14 15:00:00;7;12.1;13.893000000000002;-1.7930000000000028
2026-05-14 16:00:00;7;11.8;11.948239999999998;-0.1482399999999977
2026-05-14 17:00:00;7;11.8;11.255999999999998;0.5440000000000023
2026-05-14 18:00:00;7;10.5;11.102279999999997;-0.6022799999999968
2026-05-14 19:00:00;7;8.3;9.698;-1.3979999999999997
2026-05-14 20:00:00;7;7.9;7.591000000000003;0.3089999999999975
2026-05-14 21:00:00;7;8.1;7.350000000000003;0.7499999999999964
2026-05-14 22:00:00;7;7.8;7.81428;-0.014280000000000292
2026-05-14 23:00:00;7;7.3;7.408040000000007;-0.10804000000000702
2026-05-15 00:00:00;7;6.7;6.9705200000000005;-0.2705200000000003
2026-05-15 01:00:00;7;6.9;6.114000000000001;0.7859999999999996
2026-05-15 02:00:00;7;6.4;6.8677199999999985;-0.46771999999999814
2026-05-15 03:00:00;7;5.8;6.163280000000001;-0.3632800000000014
2026-05-15 04:00:00;7;5.7;5.496200000000001;0.20379999999999932
2026-05-15 05:00:00;7;6.2;5.437879999999999;0.7621200000000012
2026-05-15 06:00:00;7;7.3;7.594999999999995;-0.2949999999999955
2026-05-15 07:00:00;7;8.6;8.860999999999997;-0.26099999999999746
2026-05-15 08:00:00;7;9.8;9.977999999999994;-0.17799999999999372
2026-05-15 09:00:00;7;10.9;10.762000000000006;0.13799999999999457
2026-05-15 10:00:00;7;11.7;11.873199999999997;-0.1731999999999978
2026-05-15 11:00:00;7;11.9;12.544;-0.6440000000000001
2026-05-15 12:00:00;7;10.8;12.487360000000002;-1.6873600000000017
2026-05-15 13:00:00;7;12.6;11.386199999999999;1.2138000000000009
2026-05-15 14:00:00;7;12.8;12.990599999999997;-0.19059999999999633
2026-05-15 15:00:00;7;13.1;12.81288;0.2871199999999998
2026-05-15 16:00:00;7;12.7;12.860880000000002;-0.16088000000000235
2026-05-15 17:00:00;7;10.8;12.180880000000004;-1.380880000000003
2026-05-15 18:00:00;7;10.9;9.619;1.2810000000000006
2026-05-15 19:00:00;7;9.6;10.197;-0.5969999999999995
2026-05-15 20:00:00;7;9.2;8.818000000000003;0.3819999999999961
2026-05-15 21:00:00;7;7.9;8.819000000000003;-0.9190000000000023
2026-05-15 22:00:00;7;7.0;7.271000000000002;-0.2710000000000017
2026-05-15 23:00:00;7;6.6;6.405;0.1949999999999994
2026-05-16 00:00:00;7;6.2;5.970320000000003;0.22967999999999744
2026-05-16 01:00:00;7;5.8;5.644;0.1559999999999997
2026-05-16 02:00:00;7;5.6;5.305599999999999;0.29440000000000044
2026-05-16 03:00:00;7;5.8;5.199679999999998;0.6003200000000017
2026-05-16 04:00:00;7;5.3;5.5488800000000005;-0.24888000000000066
2026-05-16 05:00:00;7;6.1;4.92456;1.17544
2026-05-16 06:00:00;7;7.0;7.416999999999999;-0.4169999999999989
2026-05-16 07:00:00;7;8.3;8.331999999999997;-0.031999999999996476
2026-05-16 08:00:00;7;9.6;9.804999999999996;-0.20499999999999652
2026-05-16 09:00:00;7;10.6;11.045000000000002;-0.44500000000000206
2026-05-16 10:00:00;7;11.6;11.578999999999999;0.021000000000000796
2026-05-16 11:00:00;7;12.1;12.514;-0.4139999999999997
2026-05-16 12:00:00;7;13.5;12.704000000000002;0.7959999999999976
2026-05-16 13:00:00;7;13.2;13.743;-0.543000000000001
2026-05-16 14:00:00;7;13.8;13.485;0.3150000000000013
2026-05-16 15:00:00;7;14.1;13.795599999999997;0.3044000000000029
2026-05-16 16:00:00;7;13.9;14.013999999999987;-0.11399999999998656
2026-05-16 17:00:00;7;13.6;13.135000000000002;0.4649999999999981
2026-05-16 18:00:00;7;12.8;12.809000000000001;-0.009000000000000341
2026-05-16 19:00:00;7;10.6;12.107000000000001;-1.5070000000000014
2026-05-16 20:00:00;7;9.8;9.721000000000005;0.0789999999999953
2026-05-16 21:00:00;7;9.1;9.253999999999998;-0.15399999999999814
2026-05-16 22:00:00;7;8.4;8.457;-0.057000000000000384
2026-05-16 23:00:00;7;8.1;7.7840000000000025;0.31599999999999717
2026-05-17 00:00:00;7;7.6;7.867000000000002;-0.2670000000000021
2026-05-17 01:00:00;7;7.4;7.077000000000002;0.3229999999999986
2026-05-17 02:00:00;7;7.2;7.162200000000004;0.03779999999999628
2026-05-17 03:00:00;7;7.1;6.884359999999996;0.21564000000000405
2026-05-17 04:00:00;7;6.9;6.825719999999999;0.07428000000000168
2026-05-17 05:00:00;7;6.9;6.705160000000001;0.19483999999999924
2026-05-17 06:00:00;7;8.1;7.799000000000002;0.3009999999999975
2026-05-17 07:00:00;7;9.6;9.680000000000007;-0.08000000000000718
2026-05-17 08:00:00;7;11.8;11.132;0.668000000000001
2026-05-17 09:00:00;7;13.6;13.570000000000002;0.029999999999997584
2026-05-17 10:00:00;7;14.6;14.998999999999993;-0.3989999999999938
2026-05-17 11:00:00;7;14.9;15.399999999999999;-0.4999999999999982
2026-05-17 12:00:00;7;16.5;15.48;1.0199999999999996
2026-05-17 13:00:00;7;16.9;17.338999999999988;-0.4389999999999894
2026-05-17 14:00:00;7;17.4;17.208;0.19200000000000017
2026-05-17 15:00:00;7;17.2;17.37;-0.1700000000000017
2026-05-17 16:00:00;7;17.0;16.845000000000002;0.15499999999999758
2026-05-17 17:00:00;7;16.8;16.331000000000003;0.46899999999999764
2026-05-17 18:00:00;7;16.1;16.042999999999996;0.05700000000000571
2026-05-17 19:00:00;7;14.6;14.670999999999994;-0.0709999999999944
2026-05-17 20:00:00;7;13.7;13.333999999999996;0.3660000000000032
2026-05-17 21:00:00;7;12.8;12.781;0.019000000000000128
2026-05-17 22:00:00;7;12.4;12.121000000000002;0.27899999999999814
2026-05-17 23:00:00;7;12.1;11.705400000000004;0.3945999999999952
2026-05-18 00:00:00;7;11.1;11.576199999999996;-0.47619999999999685
2026-05-18 01:00:00;7;10.5;10.779999999999998;-0.2799999999999976
2026-05-18 02:00:00;7;10.0;9.859000000000002;0.14099999999999824
2026-05-18 03:00:00;7;9.8;9.572000000000001;0.22799999999999976
2026-05-18 04:00:00;7;9.4;9.287000000000003;0.11299999999999777
2026-05-18 05:00:00;7;9.4;9.110559999999992;0.2894400000000079
2026-05-18 06:00:00;7;10.0;10.423719999999994;-0.4237199999999941
2026-05-18 07:00:00;7;10.9;10.923759999999998;-0.02375999999999756
2026-05-18 08:00:00;7;13.1;11.932960000000001;1.1670399999999983
2026-05-18 09:00:00;7;14.8;15.046000000000001;-0.24600000000000044
2026-05-18 10:00:00;7;15.9;16.135759999999998;-0.2357599999999973
2026-05-18 11:00:00;7;16.1;16.553000000000004;-0.45300000000000296
2026-05-18 12:00:00;7;15.8;16.253839999999997;-0.453839999999996
2026-05-18 13:00:00;7;15.0;15.907000000000016;-0.907000000000016
2026-05-18 14:00:00;7;15.6;15.026000000000002;0.5739999999999981
2026-05-18 15:00:00;7;16.3;15.485;0.8150000000000013
2026-05-18 16:00:00;7;14.9;16.22559999999999;-1.325599999999989
2026-05-18 17:00:00;7;13.4;13.911999999999988;-0.511999999999988
2026-05-18 18:00:00;7;11.7;12.61;-0.9100000000000001
2026-05-18 19:00:00;7;11.4;10.840000000000002;0.5599999999999987
2026-05-18 20:00:00;7;11.1;10.774000000000001;0.32599999999999874
2026-05-18 21:00:00;7;10.2;10.791559999999999;-0.5915599999999994
2026-05-18 22:00:00;7;10.2;9.77792;0.42207999999999934
2026-05-18 23:00:00;7;9.4;9.968679999999997;-0.568679999999997
2026-05-19 00:00:00;7;9.8;9.186999999999998;0.6130000000000031
2026-05-19 01:00:00;7;9.92;9.4084;0.5115999999999996
2026-05-19 02:00:00;7;10.04;9.8328;0.2071999999999985
2026-05-19 03:00:00;7;10.16;9.991999999999997;0.1680000000000028
2026-05-19 04:00:00;7;10.28;10.144920000000003;0.13507999999999676
2026-05-19 05:00:00;7;10.4;10.231160000000003;0.16883999999999766
2026-05-19 06:00:00;7;10.52;10.698360000000003;-0.17836000000000318
2026-05-19 07:00:00;7;10.64;10.845080000000003;-0.20508000000000237
2026-05-19 08:00:00;7;10.760000000000002;11.011280000000001;-0.2512799999999995
2026-05-19 09:00:00;7;10.88;10.97764;-0.0976399999999984
2026-05-19 10:00:00;7;11.0;10.979880000000001;0.020119999999998583
2026-05-19 11:00:00;7;11.12;11.24012;-0.12012
2026-05-19 12:00:00;7;11.24;11.154759999999996;0.0852400000000042
2026-05-19 13:00:00;7;11.36;10.971839999999991;0.38816000000000805
2026-05-19 14:00:00;7;11.48;10.688639999999994;0.7913600000000063
2026-05-19 15:00:00;7;11.6;11.434440000000002;0.1655599999999975
2026-05-19 16:00:00;7;11.72;11.535999999999996;0.1840000000000046
2026-05-19 17:00:00;7;11.84;11.420760000000007;0.4192399999999932
2026-05-19 18:00:00;7;11.96;11.693760000000003;0.26623999999999803
2026-05-19 19:00:00;7;12.08;11.759319999999997;0.32068000000000296
2026-05-19 20:00:00;7;12.2;11.724599999999993;0.4754000000000058
2026-05-19 21:00:00;7;12.32;11.937560000000001;0.382439999999999
2026-05-19 22:00:00;7;12.44;12.034600000000005;0.4053999999999949
2026-05-19 23:00:00;7;12.56;12.04536000000001;0.5146399999999911
2026-05-20 00:00:00;7;12.68;12.247679999999994;0.43232000000000603
2026-05-20 01:00:00;7;12.8;12.36388;0.43612000000000073
2026-05-20 02:00:00;7;12.1;12.454839999999999;-0.3548399999999994
2026-05-20 03:00:00;7;11.9;11.645559999999998;0.25444000000000244
2026-05-20 04:00:00;7;11.6;11.507;0.09299999999999997
2026-05-20 05:00:00;7;12.2;11.41988;0.7801200000000001
2026-05-20 06:00:00;7;13.4;12.403120000000001;0.9968799999999991
2026-05-20 07:00:00;7;14.6;14.0646;0.5353999999999992
2026-05-20 08:00:00;7;15.9;15.025000000000002;0.8749999999999982
2026-05-20 09:00:00;7;17.4;16.79;0.6099999999999994
2026-05-20 10:00:00;7;18.3;18.17199999999999;0.12800000000001077
2026-05-20 11:00:00;7;18.1;19.021;-0.9209999999999994
2026-05-20 12:00:00;7;18.9;18.542;0.357999999999997
2026-05-20 13:00:00;7;18.8;18.942999999999994;-0.14299999999999358
2026-05-20 14:00:00;7;19.3;18.658;0.6419999999999995
2026-05-20 15:00:00;7;19.4;19.245000000000008;0.15499999999999048
2026-05-20 16:00:00;7;19.4;19.22300000000001;0.17699999999998894
2026-05-20 17:00:00;7;18.8;18.577999999999985;0.22200000000001552
2026-05-20 18:00:00;7;18.0;17.81999999999999;0.18000000000001037
2026-05-20 19:00:00;7;16.6;16.843000000000007;-0.24300000000000566
2026-05-20 20:00:00;7;15.6;15.636000000000006;-0.03600000000000669
2026-05-20 21:00:00;7;14.9;15.018999999999998;-0.118999999999998
2026-05-20 22:00:00;7;14.2;14.294999999999998;-0.09499999999999886
2026-05-20 23:00:00;7;13.3;13.559000000000001;-0.25900000000000034
2026-05-21 00:00:00;7;13.2;12.855040000000004;0.34495999999999505
2026-05-21 01:00:00;7;12.3;12.894680000000001;-0.5946800000000003
2026-05-21 02:00:00;7;11.8;11.951680000000003;-0.15168000000000248
2026-05-21 03:00:00;7;11.1;11.407440000000001;-0.3074400000000015
2026-05-21 04:00:00;7;10.9;10.87892;0.021079999999999544
2026-05-21 05:00:00;7;11.6;10.600640000000004;0.9993599999999958
2026-05-21 06:00:00;7;13.9;13.254920000000002;0.6450799999999983
2026-05-21 07:00:00;7;16.1;16.04099999999999;0.05900000000001171
2026-05-21 08:00:00;7;18.0;17.737000000000013;0.26299999999998747
2026-05-21 09:00:00;7;19.2;19.334999999999994;-0.13499999999999446
2026-05-21 10:00:00;7;20.1;20.211000000000006;-0.1110000000000042
2026-05-21 11:00:00;7;21.3;20.208999999999996;1.0910000000000046
2026-05-21 12:00:00;7;22.5;21.995;0.504999999999999
2026-05-21 13:00:00;7;23.1;22.816999999999997;0.2830000000000048
2026-05-21 14:00:00;7;23.1;23.011000000000003;0.08899999999999864
2026-05-21 15:00:00;7;23.0;22.621999999999993;0.3780000000000072
2026-05-21 16:00:00;7;22.3;22.221999999999998;0.07800000000000296
2026-05-21 17:00:00;7;21.4;21.463;-0.06300000000000239
2026-05-21 18:00:00;7;20.5;20.369;0.13100000000000023
2026-05-21 19:00:00;7;19.1;19.156000000000002;-0.05600000000000094
2026-05-21 20:00:00;7;18.0;18.096999999999994;-0.0969999999999942
2026-05-21 21:00:00;7;16.5;16.94000000000001;-0.4400000000000084
2026-05-21 22:00:00;7;15.8;15.348999999999995;0.45100000000000584
2026-05-21 23:00:00;7;15.0;14.961999999999996;0.03800000000000381
2026-05-22 00:00:00;7;14.1;14.164999999999996;-0.06499999999999595
2026-05-22 01:00:00;7;13.4;13.505000000000003;-0.1050000000000022
2026-05-22 02:00:00;7;12.9;12.951080000000001;-0.05108000000000068
2026-05-22 03:00:00;7;12.2;12.307960000000001;-0.10796000000000205
2026-05-22 04:00:00;7;11.6;11.820039999999999;-0.22003999999999913
2026-05-22 05:00:00;7;12.2;11.333999999999996;0.8660000000000032
2026-05-22 06:00:00;7;13.9;13.418280000000006;0.48171999999999393
2026-05-22 07:00:00;7;15.9;16.078999999999986;-0.17899999999998606
2026-05-22 08:00:00;7;18.3;17.899999999999995;0.4000000000000057
2026-05-22 09:00:00;7;20.5;20.197;0.3030000000000008
2026-05-22 10:00:00;7;22.5;22.133000000000006;0.3669999999999938
2026-05-22 11:00:00;7;24.1;23.60399999999999;0.4960000000000129
2026-05-22 12:00:00;7;25.8;25.078000000000007;0.7219999999999942
2026-05-22 13:00:00;7;26.2;25.963000000000008;0.23699999999999122
2026-05-22 14:00:00;7;26.4;26.122000000000003;0.27799999999999514
2026-05-22 15:00:00;7;26.2;25.592000000000006;0.6079999999999934
2026-05-22 16:00:00;7;25.5;25.370000000000008;0.1299999999999919
2026-05-22 17:00:00;7;24.5;23.631000000000007;0.8689999999999927
2026-05-22 18:00:00;7;23.5;22.34399999999999;1.1560000000000095
2026-05-22 19:00:00;7;22.0;21.627;0.3730000000000011
2026-05-22 20:00:00;7;20.9;20.592999999999993;0.3070000000000057
2026-05-22 21:00:00;7;19.8;19.727999999999998;0.07200000000000273
2026-05-22 22:00:00;7;18.3;18.428;-0.1280000000000001
2026-05-22 23:00:00;7;17.4;16.999999999999996;0.40000000000000213
2026-05-23 00:00:00;7;16.5;16.46900000000001;0.0309999999999917
2026-05-23 01:00:00;7;15.8;15.609999999999992;0.19000000000000838
2026-05-23 02:00:00;7;14.8;15.120999999999999;-0.32099999999999795
2026-05-23 03:00:00;7;14.0;14.363000000000005;-0.3630000000000049
2026-05-23 04:00:00;7;13.4;13.421000000000008;-0.0210000000000079
2026-05-23 05:00:00;7;14.1;13.002799999999997;1.0972000000000026
2026-05-23 06:00:00;7;15.2;15.060239999999999;0.13976000000000077
2026-05-23 07:00:00;7;17.4;17.143999999999995;0.2560000000000038
2026-05-23 08:00:00;7;20.1;19.60999999999999;0.49000000000001265
2026-05-23 09:00:00;7;22.6;21.657000000000007;0.9429999999999943
2026-05-23 10:00:00;7;24.9;23.92299999999999;0.9770000000000074
2026-05-23 11:00:00;7;26.5;25.487999999999996;1.012000000000004
2026-05-23 12:00:00;7;28.1;26.826000000000004;1.2739999999999974
2026-05-23 13:00:00;7;28.7;27.484000000000016;1.2159999999999833
2026-05-23 14:00:00;7;29.0;27.63600000000002;1.3639999999999795
2026-05-23 15:00:00;7;28.9;27.43300000000001;1.466999999999988
2026-05-23 16:00:00;7;28.4;27.160000000000014;1.2399999999999842
2026-05-23 17:00:00;7;27.4;26.90900000000002;0.49099999999997834
2026-05-23 18:00:00;7;26.5;26.04200000000002;0.45799999999998064
2026-05-23 19:00:00;7;24.9;24.604000000000006;0.29599999999999227
2026-05-23 20:00:00;7;23.6;22.93099999999999;0.6690000000000111
2026-05-23 21:00:00;7;22.8;21.839000000000002;0.9609999999999985
2026-05-23 22:00:00;7;21.7;21.576000000000004;0.12399999999999523
2026-05-23 23:00:00;7;21.0;20.72000000000001;0.2799999999999905
2026-05-24 00:00:00;7;19.1;19.812;-0.7119999999999997
2026-05-24 01:00:00;7;18.1;17.898;0.20200000000000173
2026-05-24 02:00:00;7;17.5;17.145999999999994;0.3540000000000063
2026-05-24 03:00:00;7;16.8;16.70600000000001;0.09399999999999054
2026-05-24 04:00:00;7;16.4;15.907999999999998;0.4920000000000009
2026-05-24 05:00:00;7;17.0;16.242000000000004;0.7579999999999956
2026-05-24 06:00:00;7;18.0;17.073840000000008;0.9261599999999923
2026-05-24 07:00:00;7;19.9;18.896999999999995;1.0030000000000037
2026-05-24 08:00:00;7;22.2;21.431999999999988;0.7680000000000113
2026-05-24 09:00:00;7;24.6;22.770000000000003;1.8299999999999983
2026-05-24 10:00:00;7;26.9;25.054000000000002;1.8459999999999965
2026-05-24 11:00:00;7;28.6;26.434;2.1660000000000004
2026-05-24 12:00:00;7;30.1;27.59400000000001;2.505999999999993
2026-05-24 13:00:00;7;30.4;27.545000000000005;2.8549999999999933
2026-05-24 14:00:00;7;30.5;27.40900000000001;3.0909999999999904
2026-05-24 15:00:00;7;30.1;27.27500000000002;2.8249999999999815
2026-05-24 16:00:00;7;29.7;27.133000000000017;2.5669999999999824
2026-05-24 17:00:00;7;28.5;26.920000000000023;1.579999999999977
2026-05-24 18:00:00;7;27.8;26.85100000000002;0.9489999999999803
2026-05-24 19:00:00;7;26.1;26.01200000000001;0.08799999999999031
2026-05-24 20:00:00;7;24.9;24.086;0.8140000000000001
2026-05-24 21:00:00;7;24.0;23.107999999999997;0.892000000000003
2026-05-24 22:00:00;7;22.6;22.138;0.46199999999999974
2026-05-24 23:00:00;7;22.1;21.477000000000004;0.6229999999999976
2026-05-25 00:00:00;7;21.4;20.791999999999994;0.6080000000000041
2026-05-25 01:00:00;7;20.2;20.37700000000001;-0.17700000000001026
2026-05-25 02:00:00;7;19.5;19.023;0.4770000000000003
2026-05-25 03:00:00;7;18.7;18.391000000000002;0.3089999999999975
2026-05-25 04:00:00;7;18.0;17.977999999999998;0.022000000000002018
2026-05-25 05:00:00;7;18.2;18.142999999999986;0.05700000000001282
2026-05-25 06:00:00;7;19.3;18.349999999999994;0.9500000000000064
2026-05-25 07:00:00;7;20.6;19.144;1.456000000000003
2026-05-25 08:00:00;7;22.5;21.263;1.2369999999999983
2026-05-25 09:00:00;7;24.4;21.923999999999992;2.476000000000006
2026-05-25 10:00:00;7;26.0;24.834;1.1660000000000004
2026-05-25 11:00:00;7;27.4;25.814000000000007;1.5859999999999914
2026-05-25 12:00:00;7;29.1;26.473;2.6270000000000024
2026-05-25 13:00:00;7;29.8;27.492000000000004;2.3079999999999963
2026-05-25 14:00:00;7;30.0;27.516000000000005;2.4839999999999947
2026-05-25 15:00:00;7;29.7;27.28700000000002;2.412999999999979
2026-05-25 16:00:00;7;29.2;27.220000000000024;1.9799999999999756
2026-05-25 17:00:00;7;28.2;26.97600000000002;1.2239999999999789
2026-05-25 18:00:00;7;27.3;26.860000000000028;0.43999999999997286
2026-05-25 19:00:00;7;26.0;25.831000000000014;0.16899999999998627
2026-05-25 20:00:00;7;24.5;24.13699999999999;0.3630000000000102
2026-05-25 21:00:00;7;23.2;23.295000000000005;-0.09500000000000597
2026-05-25 22:00:00;7;22.5;22.287000000000006;0.21299999999999386
2026-05-25 23:00:00;7;21.7;21.300000000000004;0.399999999999995
2026-05-26 00:00:00;7;20.2;20.801000000000013;-0.6010000000000133
2026-05-26 01:00:00;7;19.3;19.020000000000007;0.27999999999999403
2026-05-26 02:00:00;7;18.8;18.343999999999998;0.45600000000000307
2026-05-26 03:00:00;7;18.1;17.965;0.13500000000000156
2026-05-26 04:00:00;7;17.5;18.019999999999992;-0.5199999999999925
2026-05-26 05:00:00;7;17.9;17.221;0.6789999999999985
2026-05-26 06:00:00;7;18.9;18.188999999999997;0.7110000000000021
2026-05-26 07:00:00;7;20.5;19.419999999999995;1.0800000000000054
2026-05-26 08:00:00;7;22.9;21.590999999999994;1.3090000000000046
2026-05-26 09:00:00;7;25.2;23.441999999999993;1.7580000000000062
2026-05-26 10:00:00;7;27.4;25.190999999999995;2.209000000000003
2026-05-26 11:00:00;7;29.1;26.67800000000001;2.42199999999999
2026-05-26 12:00:00;7;30.9;27.61400000000001;3.285999999999987
2026-05-26 13:00:00;7;31.5;27.607000000000006;3.8929999999999936
2026-05-26 14:00:00;7;31.9;27.420000000000023;4.479999999999976
2026-05-26 15:00:00;7;31.9;27.39200000000003;4.507999999999967
2026-05-26 16:00:00;7;31.6;27.360000000000028;4.239999999999974
2026-05-26 17:00:00;7;31.1;27.20400000000003;3.8959999999999724
2026-05-26 18:00:00;7;30.6;27.17100000000003;3.42899999999997
2026-05-26 19:00:00;7;29.1;26.946000000000026;2.153999999999975
2026-05-26 20:00:00;7;27.5;27.050000000000022;0.449999999999978
2026-05-26 21:00:00;7;25.5;26.272000000000016;-0.7720000000000162
2026-05-26 22:00:00;7;24.2;23.535;0.6649999999999991
2026-05-26 23:00:00;7;23.1;22.618;0.48200000000000287
2026-05-27 00:00:00;7;21.8;21.124000000000002;0.6759999999999984
2026-05-27 01:00:00;7;20.6;20.458000000000002;0.14199999999999946
2026-05-27 02:00:00;7;20.0;19.354999999999997;0.6450000000000031
2026-05-27 03:00:00;7;18.9;18.995;-0.09500000000000242
2026-05-27 04:00:00;7;18.2;17.799;0.4009999999999998
2026-05-27 05:00:00;7;18.7;17.998999999999988;0.7010000000000112
2026-05-27 06:00:00;7;19.8;18.253000000000004;1.546999999999997
2026-05-27 07:00:00;7;22.1;19.081000000000003;3.0189999999999984
2026-05-27 08:00:00;7;24.5;21.95;2.5500000000000007
2026-05-27 09:00:00;7;26.4;25.06600000000001;1.333999999999989
2026-05-27 10:00:00;7;28.0;26.236999999999988;1.7630000000000123
2026-05-27 11:00:00;7;29.1;27.044;2.056000000000001
2026-05-27 12:00:00;7;30.4;27.506000000000014;2.893999999999984
2026-05-27 13:00:00;7;30.5;27.397000000000013;3.1029999999999873
2026-05-27 14:00:00;7;30.5;27.566000000000003;2.9339999999999975
2026-05-27 15:00:00;7;30.4;27.513000000000012;2.8869999999999862
2026-05-27 16:00:00;7;29.9;27.447000000000017;2.4529999999999816
2026-05-27 17:00:00;7;28.7;26.866000000000028;1.8339999999999712
2026-05-27 18:00:00;7;27.5;26.75200000000002;0.7479999999999798
2026-05-27 19:00:00;7;26.0;25.849000000000018;0.15099999999998204
2026-05-27 20:00:00;7;24.6;24.120999999999995;0.4790000000000063
2026-05-27 21:00:00;7;23.4;22.98599999999999;0.4140000000000086
2026-05-27 22:00:00;7;22.9;22.015000000000004;0.8849999999999945
2026-05-27 23:00:00;7;21.9;21.86;0.03999999999999915
2026-05-28 00:00:00;7;20.9;20.60900000000001;0.2909999999999897
2026-05-28 01:00:00;7;19.7;19.971;-0.2710000000000008
2026-05-28 02:00:00;7;18.6;18.55100000000001;0.04899999999999238
2026-05-28 03:00:00;7;17.8;17.647000000000002;0.1529999999999987
2026-05-28 04:00:00;7;17.0;18.399999999999988;-1.399999999999988
2026-05-28 05:00:00;7;17.2;16.982;0.21799999999999997
2026-05-28 06:00:00;7;18.6;17.429999999999996;1.1700000000000053
2026-05-28 07:00:00;7;20.0;19.403999999999986;0.5960000000000143
2026-05-28 08:00:00;7;21.8;21.49999999999999;0.30000000000001137
2026-05-28 09:00:00;7;23.4;23.168000000000017;0.23199999999998155
2026-05-28 10:00:00;7;24.5;24.048000000000002;0.4519999999999982
2026-05-28 11:00:00;7;25.5;25.480999999999998;0.019000000000001904
2026-05-28 12:00:00;7;26.5;25.76000000000001;0.7399999999999913
2026-05-28 13:00:00;7;26.8;26.26299999999999;0.5370000000000097
2026-05-28 14:00:00;7;27.1;26.261;0.8390000000000022
2026-05-28 15:00:00;7;27.0;26.36500000000002;0.6349999999999802
2026-05-28 16:00:00;7;26.5;26.50300000000002;-0.00300000000002143
2026-05-28 17:00:00;7;25.7;25.72599999999999;-0.025999999999989143
2026-05-28 18:00:00;7;24.9;23.972;0.9279999999999973
2026-05-28 19:00:00;7;23.0;23.88099999999999;-0.8809999999999896
2026-05-28 20:00:00;7;21.8;22.138000000000016;-0.3380000000000152
2026-05-28 21:00:00;7;20.8;20.412000000000006;0.38799999999999457
2026-05-28 22:00:00;7;20.1;19.641;0.4590000000000032
2026-05-28 23:00:00;7;19.5;19.306000000000008;0.19399999999999196
2026-05-29 00:00:00;7;18.2;18.599;-0.3990000000000009
2026-05-29 01:00:00;7;17.4;17.195;0.2049999999999983
2026-05-29 02:00:00;7;16.5;16.627999999999997;-0.12799999999999656
2026-05-29 03:00:00;7;15.8;15.729999999999993;0.07000000000000739
2026-05-29 04:00:00;7;15.2;15.136999999999995;0.06300000000000416
2026-05-29 05:00:00;7;15.7;15.032919999999988;0.667080000000011
2026-05-29 06:00:00;7;16.6;16.512919999999994;0.08708000000000737
2026-05-29 07:00:00;7;18.8;17.861;0.9390000000000001
2026-05-29 08:00:00;7;21.1;20.213999999999995;0.8860000000000063
2026-05-29 09:00:00;7;23.8;22.626999999999995;1.1730000000000054
2026-05-29 10:00:00;7;26.0;24.86600000000002;1.133999999999979
2026-05-29 11:00:00;7;27.5;26.813999999999993;0.686000000000007
2026-05-29 12:00:00;7;28.9;27.98400000000002;0.915999999999979
2026-05-29 13:00:00;7;29.6;28.46500000000002;1.1349999999999802
2026-05-29 14:00:00;7;30.2;28.427000000000017;1.772999999999982
2026-05-29 15:00:00;7;30.2;28.01300000000002;2.18699999999998
2026-05-29 16:00:00;7;30.0;27.952000000000016;2.047999999999984
2026-05-29 17:00:00;7;29.4;27.411000000000016;1.988999999999983
2026-05-29 18:00:00;7;29.0;27.551000000000016;1.4489999999999839
2026-05-29 19:00:00;7;26.9;26.87300000000001;0.026999999999986812
2026-05-29 20:00:00;7;25.6;25.18500000000001;0.41499999999999204
2026-05-29 21:00:00;7;24.5;24.007000000000012;0.4929999999999879
2026-05-29 22:00:00;7;23.5;23.400000000000013;0.09999999999998721
2026-05-29 23:00:00;7;23.0;22.249000000000002;0.7509999999999977
2026-05-30 00:00:00;7;22.0;21.86;0.14000000000000057
2026-05-30 01:00:00;7;20.9;20.758000000000003;0.1419999999999959
2026-05-30 02:00:00;7;20.0;19.913;0.08699999999999974
2026-05-30 03:00:00;7;19.2;18.861999999999995;0.3380000000000045
2026-05-30 04:00:00;7;18.7;18.115000000000002;0.5849999999999973
2026-05-30 05:00:00;7;18.7;18.008;0.6920000000000002
2026-05-30 06:00:00;7;20.2;18.505;1.6950000000000003
2026-05-30 07:00:00;7;22.0;20.607999999999997;1.392000000000003
2026-05-30 08:00:00;7;24.1;22.038000000000007;2.061999999999994
2026-05-30 09:00:00;7;26.2;25.135999999999996;1.0640000000000036
2026-05-30 10:00:00;7;28.1;26.644999999999992;1.455000000000009
2026-05-30 11:00:00;7;29.8;28.25700000000002;1.5429999999999815
2026-05-30 12:00:00;7;30.8;28.370000000000022;2.4299999999999784
2026-05-30 13:00:00;7;30.8;28.14200000000001;2.6579999999999906
2026-05-30 14:00:00;7;31.0;27.93500000000001;3.0649999999999906
2026-05-30 15:00:00;7;29.5;27.172000000000015;2.327999999999985
2026-05-30 16:00:00;7;28.5;27.010000000000012;1.4899999999999878
2026-05-30 17:00:00;7;27.9;26.83500000000002;1.06499999999998
2026-05-30 18:00:00;7;28.3;26.494000000000014;1.8059999999999867
2026-05-30 19:00:00;7;26.8;27.013000000000023;-0.21300000000002228
2026-05-30 20:00:00;7;25.8;25.076000000000004;0.7239999999999966
2026-05-30 21:00:00;7;24.8;23.721999999999998;1.078000000000003
2026-05-30 22:00:00;7;23.6;22.816999999999993;0.7830000000000084
2026-05-30 23:00:00;7;22.5;21.807000000000002;0.6929999999999978
2026-05-13 00:00:00;8;17.7;15.881999999999994;1.818000000000005
2026-05-13 01:00:00;8;17.0;16.984999999999992;0.015000000000007674
2026-05-13 02:00:00;8;16.4;16.546999999999997;-0.14699999999999847
2026-05-13 03:00:00;8;15.6;15.876000000000007;-0.2760000000000069
2026-05-13 04:00:00;8;14.9;14.864999999999993;0.03500000000000725
2026-05-13 05:00:00;8;15.1;14.706999999999988;0.39300000000001134
2026-05-13 06:00:00;8;17.3;16.088639999999998;1.2113600000000027
2026-05-13 07:00:00;8;19.3;17.919000000000004;1.3809999999999967
2026-05-13 08:00:00;8;20.1;20.855999999999995;-0.7559999999999931
2026-05-13 09:00:00;8;21.3;21.066000000000003;0.2339999999999982
2026-05-13 10:00:00;8;20.7;21.792;-1.0920000000000023
2026-05-13 11:00:00;8;19.2;21.022000000000002;-1.8220000000000027
2026-05-13 12:00:00;8;19.8;20.528999999999996;-0.7289999999999957
2026-05-13 13:00:00;8;18.9;20.13500000000001;-1.23500000000001
2026-05-13 14:00:00;8;19.4;19.082000000000008;0.31799999999999073
2026-05-13 15:00:00;8;19.4;19.407999999999998;-0.007999999999999119
2026-05-13 16:00:00;8;19.1;19.330000000000005;-0.23000000000000398
2026-05-13 17:00:00;8;18.6;18.488000000000007;0.11199999999999477
2026-05-13 18:00:00;8;18.4;17.845;0.5549999999999997
2026-05-13 19:00:00;8;17.4;17.535000000000004;-0.13500000000000512
2026-05-13 20:00:00;8;16.4;16.562999999999995;-0.1629999999999967
2026-05-13 21:00:00;8;15.5;15.621480000000002;-0.12148000000000181
2026-05-13 22:00:00;8;14.1;14.875199999999996;-0.7751999999999963
2026-05-13 23:00:00;8;14.0;13.538000000000004;0.4619999999999962
2026-05-14 00:00:00;8;15.5;13.586079999999997;1.9139200000000027
2026-05-14 01:00:00;8;16.3;15.22444;1.0755600000000012
2026-05-14 02:00:00;8;15.9;16.984079999999995;-1.0840799999999948
2026-05-14 03:00:00;8;15.4;15.57228;-0.17227999999999888
2026-05-14 04:00:00;8;14.4;14.999400000000003;-0.5994000000000028
2026-05-14 05:00:00;8;14.0;14.362199999999994;-0.3621999999999943
2026-05-14 06:00:00;8;16.1;15.211999999999998;0.8880000000000035
2026-05-14 07:00:00;8;18.0;17.838719999999995;0.16128000000000497
2026-05-14 08:00:00;8;19.5;19.65399999999999;-0.15399999999998926
2026-05-14 09:00:00;8;20.5;20.569999999999997;-0.06999999999999673
2026-05-14 10:00:00;8;21.0;21.123;-0.12300000000000111
2026-05-14 11:00:00;8;21.5;21.033999999999995;0.46600000000000463
2026-05-14 12:00:00;8;22.1;21.512999999999998;0.5870000000000033
2026-05-14 13:00:00;8;21.4;22.285999999999994;-0.8859999999999957
2026-05-14 14:00:00;8;21.1;21.093999999999998;0.00600000000000378
2026-05-14 15:00:00;8;20.4;20.635;-0.23500000000000298
2026-05-14 16:00:00;8;19.7;19.955;-0.254999999999999
2026-05-14 17:00:00;8;18.0;18.764;-0.7639999999999993
2026-05-14 18:00:00;8;17.2;17.090999999999998;0.10900000000000176
2026-05-14 19:00:00;8;15.3;16.365000000000006;-1.0650000000000048
2026-05-14 20:00:00;8;14.8;14.462000000000005;0.33799999999999564
2026-05-14 21:00:00;8;14.6;14.251919999999998;0.3480800000000013
2026-05-14 22:00:00;8;14.0;14.17208;-0.17207999999999934
2026-05-14 23:00:00;8;13.6;13.456000000000001;0.14399999999999835
2026-05-15 00:00:00;8;14.2;13.439999999999996;0.7600000000000033
2026-05-15 01:00:00;8;13.7;14.070120000000001;-0.3701200000000018
2026-05-15 02:00:00;8;13.3;13.448039999999999;-0.14803999999999817
2026-05-15 03:00:00;8;13.0;13.04244;-0.042439999999999145
2026-05-15 04:00:00;8;12.7;12.773400000000002;-0.07340000000000302
2026-05-15 05:00:00;8;12.7;12.743280000000016;-0.04328000000001708
2026-05-15 06:00:00;8;13.6;13.68984000000001;-0.08984000000000947
2026-05-15 07:00:00;8;14.7;15.116000000000009;-0.41600000000000925
2026-05-15 08:00:00;8;16.2;15.963080000000007;0.23691999999999247
2026-05-15 09:00:00;8;17.7;17.408279999999994;0.2917200000000051
2026-05-15 10:00:00;8;18.9;18.948999999999995;-0.048999999999995936
2026-05-15 11:00:00;8;19.7;20.016999999999996;-0.3169999999999966
2026-05-15 12:00:00;8;20.3;20.277000000000022;0.02299999999997837
2026-05-15 13:00:00;8;20.3;20.758000000000006;-0.4580000000000055
2026-05-15 14:00:00;8;20.6;20.382;0.21799999999999997
2026-05-15 15:00:00;8;20.4;20.352999999999998;0.0470000000000006
2026-05-15 16:00:00;8;19.6;20.004;-0.4039999999999999
2026-05-15 17:00:00;8;19.6;18.500000000000004;1.0999999999999979
2026-05-15 18:00:00;8;19.0;18.556000000000004;0.4439999999999955
2026-05-15 19:00:00;8;16.6;18.070999999999998;-1.4709999999999965
2026-05-15 20:00:00;8;14.1;15.621000000000004;-1.5210000000000043
2026-05-15 21:00:00;8;13.8;13.184000000000003;0.6159999999999979
2026-05-15 22:00:00;8;13.3;13.176999999999998;0.12300000000000288
2026-05-15 23:00:00;8;12.6;12.790600000000001;-0.19060000000000166
2026-05-16 00:00:00;8;11.9;12.279000000000005;-0.3790000000000049
2026-05-16 01:00:00;8;10.8;11.666000000000002;-0.8660000000000014
2026-05-16 02:00:00;8;11.0;10.482999999999993;0.5170000000000066
2026-05-16 03:00:00;8;10.4;10.8638;-0.4637999999999991
2026-05-16 04:00:00;8;9.5;10.079919999999996;-0.579919999999996
2026-05-16 05:00:00;8;9.8;9.012000000000002;0.7879999999999985
2026-05-16 06:00:00;8;12.6;11.138080000000004;1.4619199999999957
2026-05-16 07:00:00;8;15.6;14.945999999999993;0.654000000000007
2026-05-16 08:00:00;8;18.1;17.917;0.18299999999999983
2026-05-16 09:00:00;8;19.5;19.995000000000005;-0.49500000000000455
2026-05-16 10:00:00;8;19.7;20.743;-1.0429999999999993
2026-05-16 11:00:00;8;19.8;20.275999999999993;-0.475999999999992
2026-05-16 12:00:00;8;20.3;20.431999999999995;-0.13199999999999434
2026-05-16 13:00:00;8;19.9;20.748999999999995;-0.8489999999999966
2026-05-16 14:00:00;8;19.9;19.633999999999993;0.26600000000000534
2026-05-16 15:00:00;8;20.0;19.803999999999988;0.19600000000001216
2026-05-16 16:00:00;8;20.1;19.689999999999987;0.41000000000001435
2026-05-16 17:00:00;8;19.3;19.508000000000006;-0.2080000000000055
2026-05-16 18:00:00;8;19.0;18.177999999999987;0.8220000000000134
2026-05-16 19:00:00;8;18.0;17.902;0.09799999999999898
2026-05-16 20:00:00;8;17.4;16.984;0.4159999999999968
2026-05-16 21:00:00;8;16.4;16.623000000000005;-0.22300000000000608
2026-05-16 22:00:00;8;15.0;15.604999999999995;-0.6049999999999951
2026-05-16 23:00:00;8;13.6;14.218;-0.6180000000000003
2026-05-17 00:00:00;8;12.5;13.155999999999997;-0.655999999999997
2026-05-17 01:00:00;8;12.3;12.170999999999994;0.12900000000000666
2026-05-17 02:00:00;8;12.0;12.06568;-0.0656800000000004
2026-05-17 03:00:00;8;11.9;11.756799999999993;0.14320000000000732
2026-05-17 04:00:00;8;11.5;12.020000000000005;-0.5200000000000049
2026-05-17 05:00:00;8;12.1;11.392280000000001;0.7077199999999984
2026-05-17 06:00:00;8;15.0;13.358119999999994;1.6418800000000058
2026-05-17 07:00:00;8;18.1;17.562000000000005;0.5379999999999967
2026-05-17 08:00:00;8;18.3;19.915;-1.6149999999999984
2026-05-17 09:00:00;8;18.6;19.336999999999993;-0.7369999999999912
2026-05-17 10:00:00;8;19.2;19.039000000000005;0.16099999999999426
2026-05-17 11:00:00;8;19.8;19.483999999999998;0.3160000000000025
2026-05-17 12:00:00;8;20.5;20.189000000000007;0.31099999999999284
2026-05-17 13:00:00;8;20.1;20.767999999999997;-0.6679999999999957
2026-05-17 14:00:00;8;19.8;20.257999999999996;-0.45799999999999486
2026-05-17 15:00:00;8;19.8;19.631000000000004;0.16899999999999693
2026-05-17 16:00:00;8;19.5;19.322999999999997;0.17700000000000315
2026-05-17 17:00:00;8;18.6;18.646999999999995;-0.04699999999999349
2026-05-17 18:00:00;8;18.0;17.662;0.33800000000000097
2026-05-17 19:00:00;8;16.9;17.333;-0.43299999999999983
2026-05-17 20:00:00;8;16.5;16.041999999999994;0.4580000000000055
2026-05-17 21:00:00;8;16.2;15.853000000000007;0.3469999999999924
2026-05-17 22:00:00;8;15.3;15.567999999999998;-0.26799999999999713
2026-05-17 23:00:00;8;14.2;14.770000000000003;-0.5700000000000038
2026-05-18 00:00:00;8;13.2;13.539039999999995;-0.33903999999999535
2026-05-18 01:00:00;8;12.3;12.482320000000001;-0.1823200000000007
2026-05-18 02:00:00;8;11.7;11.954;-0.25400000000000134
2026-05-18 03:00:00;8;11.1;11.107000000000003;-0.007000000000003226
2026-05-18 04:00:00;8;11.0;10.807799999999997;0.19220000000000326
2026-05-18 05:00:00;8;12.0;10.910760000000007;1.089239999999993
2026-05-18 06:00:00;8;15.6;13.38832;2.2116799999999994
2026-05-18 07:00:00;8;17.0;17.890639999999987;-0.890639999999987
2026-05-18 08:00:00;8;17.9;17.946000000000005;-0.04600000000000648
2026-05-18 09:00:00;8;18.3;18.505000000000003;-0.20500000000000185
2026-05-18 10:00:00;8;18.7;18.796;-0.09600000000000009
2026-05-18 11:00:00;8;18.8;19.054999999999996;-0.25499999999999545
2026-05-18 12:00:00;8;19.2;19.12500000000001;0.07499999999998863
2026-05-18 13:00:00;8;17.7;19.257;-1.5570000000000022
2026-05-18 14:00:00;8;18.8;17.83;0.9700000000000024
2026-05-18 15:00:00;8;19.4;18.54;0.8599999999999994
2026-05-18 16:00:00;8;17.3;19.363000000000003;-2.0630000000000024
2026-05-18 17:00:00;8;17.7;16.452999999999992;1.247000000000007
2026-05-18 18:00:00;8;16.7;16.794000000000004;-0.09400000000000475
2026-05-18 19:00:00;8;15.4;16.071440000000006;-0.6714400000000058
2026-05-18 20:00:00;8;14.9;14.651999999999996;0.24800000000000466
2026-05-18 21:00:00;8;14.4;14.374999999999995;0.025000000000005684
2026-05-18 22:00:00;8;13.7;14.074000000000007;-0.37400000000000766
2026-05-18 23:00:00;8;12.9;13.202279999999998;-0.3022799999999979
2026-05-19 00:00:00;8;12.3;12.524999999999999;-0.22499999999999787
2026-05-19 01:00:00;8;12.344;11.911799999999996;0.43220000000000347
2026-05-19 02:00:00;8;12.388;11.964440000000007;0.42355999999999305
2026-05-19 03:00:00;8;12.432;12.005800000000006;0.42619999999999436
2026-05-19 04:00:00;8;12.476;12.190600000000009;0.2853999999999921
2026-05-19 05:00:00;8;12.52;12.321960000000013;0.19803999999998645
2026-05-19 06:00:00;8;12.564;14.315000000000008;-1.7510000000000083
2026-05-19 07:00:00;8;12.608;13.34847999999999;-0.7404799999999891
2026-05-19 08:00:00;8;12.652;13.375799999999993;-0.7237999999999936
2026-05-19 09:00:00;8;12.696;13.39588;-0.6998800000000003
2026-05-19 10:00:00;8;12.74;13.294360000000001;-0.5543600000000009
2026-05-19 11:00:00;8;12.784;13.304560000000002;-0.5205600000000015
2026-05-19 12:00:00;8;12.828;13.259679999999994;-0.43167999999999473
2026-05-19 13:00:00;8;12.872;13.481399999999997;-0.6093999999999973
2026-05-19 14:00:00;8;12.916;13.084600000000005;-0.16860000000000497
2026-05-19 15:00:00;8;12.96;12.88988000000001;0.07011999999999041
2026-05-19 16:00:00;8;13.004;12.960359999999998;0.04364000000000168
2026-05-19 17:00:00;8;13.048;12.838479999999995;0.2095200000000048
2026-05-19 18:00:00;8;13.092;12.838959999999997;0.25304000000000393
2026-05-19 19:00:00;8;13.136;12.84308;0.29291999999999874
2026-05-19 20:00:00;8;13.18;12.939319999999995;0.24068000000000467
2026-05-19 21:00:00;8;13.224;12.933079999999997;0.2909200000000034
2026-05-19 22:00:00;8;13.268;12.976320000000001;0.2916799999999995
2026-05-19 23:00:00;8;13.312;13.041120000000001;0.27087999999999823
2026-05-20 00:00:00;8;13.356;13.169359999999994;0.1866400000000059
2026-05-20 01:00:00;8;13.4;13.127719999999997;0.27228000000000385
2026-05-20 02:00:00;8;13.3;13.094759999999999;0.20524000000000164
2026-05-20 03:00:00;8;13.6;13.101919999999998;0.49808000000000163
2026-05-20 04:00:00;8;13.5;13.399319999999998;0.10068000000000232
2026-05-20 05:00:00;8;14.2;13.252680000000003;0.9473199999999959
2026-05-20 06:00:00;8;16.7;14.892760000000003;1.8072399999999966
2026-05-20 07:00:00;8;18.4;17.48896000000001;0.9110399999999892
2026-05-20 08:00:00;8;19.5;19.446999999999996;0.05300000000000438
2026-05-20 09:00:00;8;20.2;20.247000000000003;-0.04700000000000415
2026-05-20 10:00:00;8;20.5;20.356999999999992;0.1430000000000078
2026-05-20 11:00:00;8;20.6;20.41399999999999;0.1860000000000106
2026-05-20 12:00:00;8;21.0;20.452999999999985;0.5470000000000148
2026-05-20 13:00:00;8;21.0;20.889000000000006;0.11099999999999355
2026-05-20 14:00:00;8;21.3;20.778;0.522000000000002
2026-05-20 15:00:00;8;21.1;20.886000000000003;0.21399999999999864
2026-05-20 16:00:00;8;20.5;20.294000000000008;0.2059999999999924
2026-05-20 17:00:00;8;19.7;19.591000000000005;0.10899999999999466
2026-05-20 18:00:00;8;20.4;18.781000000000002;1.6189999999999962
2026-05-20 19:00:00;8;19.2;18.726999999999997;0.47300000000000253
2026-05-20 20:00:00;8;18.7;18.080999999999996;0.6190000000000033
2026-05-20 21:00:00;8;18.0;17.74000000000001;0.2599999999999909
2026-05-20 22:00:00;8;17.5;17.107000000000006;0.3929999999999936
2026-05-20 23:00:00;8;16.7;16.586999999999996;0.1130000000000031
2026-05-21 00:00:00;8;16.1;15.821640000000002;0.2783599999999993
2026-05-21 01:00:00;8;15.2;15.450000000000003;-0.25000000000000355
2026-05-21 02:00:00;8;14.7;14.712000000000003;-0.012000000000004007
2026-05-21 03:00:00;8;14.5;14.360479999999995;0.13952000000000453
2026-05-21 04:00:00;8;14.8;14.304839999999999;0.49516000000000204
2026-05-21 05:00:00;8;16.2;14.867879999999996;1.3321200000000033
2026-05-21 06:00:00;8;19.3;17.26863999999999;2.03136000000001
2026-05-21 07:00:00;8;22.1;19.833999999999993;2.266000000000009
2026-05-21 08:00:00;8;22.2;22.678;-0.47800000000000153
2026-05-21 09:00:00;8;22.8;22.792;0.007999999999999119
2026-05-21 10:00:00;8;23.5;22.93100000000001;0.5689999999999884
2026-05-21 11:00:00;8;23.8;23.095000000000006;0.7049999999999947
2026-05-21 12:00:00;8;25.0;23.891000000000005;1.1089999999999947
2026-05-21 13:00:00;8;24.9;24.449999999999996;0.45000000000000284
2026-05-21 14:00:00;8;24.5;24.320000000000004;0.17999999999999616
2026-05-21 15:00:00;8;24.3;24.167;0.13299999999999912
2026-05-21 16:00:00;8;24.0;23.623;0.3769999999999989
2026-05-21 17:00:00;8;23.6;22.62199999999999;0.9780000000000122
2026-05-21 18:00:00;8;23.5;22.137999999999998;1.3620000000000019
2026-05-21 19:00:00;8;22.1;21.892999999999986;0.20700000000001495
2026-05-21 20:00:00;8;21.2;20.844;0.3559999999999981
2026-05-21 21:00:00;8;20.6;19.935000000000006;0.6649999999999956
2026-05-21 22:00:00;8;19.8;19.548999999999996;0.2510000000000048
2026-05-21 23:00:00;8;18.8;18.599000000000004;0.20099999999999696
2026-05-22 00:00:00;8;17.2;17.817999999999998;-0.6179999999999986
2026-05-22 01:00:00;8;16.3;16.37400000000001;-0.07400000000000873
2026-05-22 02:00:00;8;16.3;15.682000000000002;0.6179999999999986
2026-05-22 03:00:00;8;16.5;16.131000000000007;0.36899999999999267
2026-05-22 04:00:00;8;16.5;16.410000000000004;0.0899999999999963
2026-05-22 05:00:00;8;17.4;16.728840000000012;0.6711599999999862
2026-05-22 06:00:00;8;20.7;18.317479999999993;2.3825200000000066
2026-05-22 07:00:00;8;23.3;21.736000000000008;1.563999999999993
2026-05-22 08:00:00;8;24.3;23.603;0.6969999999999992
2026-05-22 09:00:00;8;24.7;24.940999999999995;-0.2409999999999961
2026-05-22 10:00:00;8;24.8;24.960999999999995;-0.16099999999999426
2026-05-22 11:00:00;8;24.8;25.009;-0.20899999999999963
2026-05-22 12:00:00;8;25.0;25.217000000000006;-0.21700000000000585
2026-05-22 13:00:00;8;25.1;25.226000000000003;-0.12600000000000122
2026-05-22 14:00:00;8;25.1;24.874000000000006;0.22599999999999554
2026-05-22 15:00:00;8;24.9;24.775;0.125
2026-05-22 16:00:00;8;24.3;24.518000000000015;-0.21800000000001418
2026-05-22 17:00:00;8;24.0;23.405000000000005;0.5949999999999953
2026-05-22 18:00:00;8;23.9;23.107;0.7929999999999993
2026-05-22 19:00:00;8;22.5;22.780999999999995;-0.28099999999999525
2026-05-22 20:00:00;8;21.8;21.301000000000002;0.4989999999999988
2026-05-22 21:00:00;8;21.4;20.669000000000004;0.7309999999999945
2026-05-22 22:00:00;8;20.8;20.706;0.0940000000000012
2026-05-22 23:00:00;8;20.1;19.94599999999999;0.15400000000001057
2026-05-23 00:00:00;8;18.5;19.31500000000001;-0.8150000000000084
2026-05-23 01:00:00;8;17.9;17.402000000000005;0.497999999999994
2026-05-23 02:00:00;8;17.5;17.331000000000003;0.16899999999999693
2026-05-23 03:00:00;8;17.5;16.871000000000002;0.6289999999999978
2026-05-23 04:00:00;8;17.6;17.208999999999993;0.3910000000000089
2026-05-23 05:00:00;8;18.7;17.92747999999999;0.7725200000000108
2026-05-23 06:00:00;8;21.7;18.762999999999998;2.937000000000001
2026-05-23 07:00:00;8;23.9;22.087999999999994;1.8120000000000047
2026-05-23 08:00:00;8;24.5;24.137999999999987;0.36200000000001253
2026-05-23 09:00:00;8;24.7;24.633999999999997;0.0660000000000025
2026-05-23 10:00:00;8;24.9;24.806000000000004;0.09399999999999409
2026-05-23 11:00:00;8;25.6;25.329;0.2710000000000008
2026-05-23 12:00:00;8;26.4;25.497999999999994;0.9020000000000046
2026-05-23 13:00:00;8;26.8;26.144999999999996;0.6550000000000047
2026-05-23 14:00:00;8;26.6;26.076;0.5240000000000009
2026-05-23 15:00:00;8;26.2;25.734000000000005;0.465999999999994
2026-05-23 16:00:00;8;25.8;25.26599999999999;0.5340000000000096
2026-05-23 17:00:00;8;25.3;24.465000000000014;0.8349999999999866
2026-05-23 18:00:00;8;25.2;23.955999999999996;1.2440000000000033
2026-05-23 19:00:00;8;24.0;22.975999999999985;1.0240000000000151
2026-05-23 20:00:00;8;23.4;22.517000000000003;0.8829999999999956
2026-05-23 21:00:00;8;23.0;22.113000000000003;0.8869999999999969
2026-05-23 22:00:00;8;21.9;22.057000000000002;-0.15700000000000358
2026-05-23 23:00:00;8;21.3;20.800000000000004;0.49999999999999645
2026-05-24 00:00:00;8;20.2;20.375000000000004;-0.17500000000000426
2026-05-24 01:00:00;8;19.4;19.416;-0.01600000000000179
2026-05-24 02:00:00;8;19.2;18.421000000000006;0.7789999999999928
2026-05-24 03:00:00;8;19.3;18.135;1.1649999999999991
2026-05-24 04:00:00;8;19.1;18.537000000000006;0.5629999999999953
2026-05-24 05:00:00;8;20.3;18.542;1.7579999999999991
2026-05-24 06:00:00;8;23.2;19.85999999999999;3.3400000000000105
2026-05-24 07:00:00;8;26.3;23.049;3.2510000000000012
2026-05-24 08:00:00;8;26.3;26.225;0.07499999999999929
2026-05-24 09:00:00;8;26.1;25.86500000000001;0.23499999999999233
2026-05-24 10:00:00;8;26.7;25.418999999999993;1.281000000000006
2026-05-24 11:00:00;8;27.1;25.623999999999988;1.4760000000000133
2026-05-24 12:00:00;8;28.5;26.921;1.5790000000000006
2026-05-24 13:00:00;8;28.4;28.148000000000007;0.2519999999999918
2026-05-24 14:00:00;8;28.4;28.102000000000004;0.2979999999999947
2026-05-24 15:00:00;8;28.2;27.824;0.37599999999999767
2026-05-24 16:00:00;8;27.8;27.544000000000015;0.255999999999986
2026-05-24 17:00:00;8;27.2;26.57600000000002;0.623999999999981
2026-05-24 18:00:00;8;27.3;26.30300000000001;0.9969999999999892
2026-05-24 19:00:00;8;26.4;26.311000000000014;0.08899999999998442
2026-05-24 20:00:00;8;25.9;24.715;1.1849999999999987
2026-05-24 21:00:00;8;24.6;24.111;0.48900000000000077
2026-05-24 22:00:00;8;23.5;23.503;-0.0030000000000001137
2026-05-24 23:00:00;8;22.7;22.099;0.6009999999999991
2026-05-25 00:00:00;8;20.5;21.241;-0.7409999999999997
2026-05-25 01:00:00;8;20.1;19.476;0.6240000000000023
2026-05-25 02:00:00;8;20.2;19.202;0.9979999999999976
2026-05-25 03:00:00;8;20.2;19.617;0.5829999999999984
2026-05-25 04:00:00;8;20.0;19.576;0.4239999999999995
2026-05-25 05:00:00;8;20.8;19.016000000000002;1.783999999999999
2026-05-25 06:00:00;8;23.3;19.919;3.3810000000000002
2026-05-25 07:00:00;8;27.3;22.997999999999998;4.302000000000003
2026-05-25 08:00:00;8;27.7;26.891000000000016;0.8089999999999833
2026-05-25 09:00:00;8;28.1;27.070000000000018;1.0299999999999834
2026-05-25 10:00:00;8;28.9;27.489000000000015;1.4109999999999836
2026-05-25 11:00:00;8;29.9;28.502000000000013;1.3979999999999855
2026-05-25 12:00:00;8;30.7;28.16400000000001;2.5359999999999907
2026-05-25 13:00:00;8;30.8;28.11800000000001;2.6819999999999915
2026-05-25 14:00:00;8;30.6;28.356000000000016;2.2439999999999856
2026-05-25 15:00:00;8;30.3;28.292000000000016;2.007999999999985
2026-05-25 16:00:00;8;30.0;28.292000000000016;1.7079999999999842
2026-05-25 17:00:00;8;29.6;28.090000000000014;1.5099999999999874
2026-05-25 18:00:00;8;29.7;28.092000000000017;1.6079999999999828
2026-05-25 19:00:00;8;28.6;28.081000000000017;0.5189999999999841
2026-05-25 20:00:00;8;27.9;28.16600000000001;-0.26600000000001245
2026-05-25 21:00:00;8;26.4;27.616000000000007;-1.2160000000000082
2026-05-25 22:00:00;8;24.1;25.05100000000001;-0.9510000000000076
2026-05-25 23:00:00;8;22.9;22.728000000000005;0.1719999999999935
2026-05-26 00:00:00;8;21.8;21.827;-0.027000000000001023
2026-05-26 01:00:00;8;21.5;20.722;0.7779999999999987
2026-05-26 02:00:00;8;21.7;20.64100000000001;1.0589999999999904
2026-05-26 03:00:00;8;21.6;20.871000000000002;0.7289999999999992
2026-05-26 04:00:00;8;21.2;20.835000000000008;0.36499999999999133
2026-05-26 05:00:00;8;21.9;20.388000000000005;1.5119999999999933
2026-05-26 06:00:00;8;24.9;21.033;3.8669999999999973
2026-05-26 07:00:00;8;27.8;24.467;3.333000000000002
2026-05-26 08:00:00;8;28.4;27.177000000000024;1.222999999999974
2026-05-26 09:00:00;8;28.2;27.661000000000012;0.5389999999999873
2026-05-26 10:00:00;8;28.5;27.60900000000001;0.8909999999999911
2026-05-26 11:00:00;8;29.1;27.586000000000016;1.5139999999999851
2026-05-26 12:00:00;8;29.7;28.00100000000001;1.698999999999991
2026-05-26 13:00:00;8;29.9;28.147000000000002;1.7529999999999966
2026-05-26 14:00:00;8;29.6;27.885;1.7149999999999999
2026-05-26 15:00:00;8;29.3;27.470000000000027;1.8299999999999734
2026-05-26 16:00:00;8;29.0;27.395000000000024;1.6049999999999756
2026-05-26 17:00:00;8;28.4;27.110000000000028;1.2899999999999707
2026-05-26 18:00:00;8;28.3;26.96700000000003;1.33299999999997
2026-05-26 19:00:00;8;27.3;27.01300000000003;0.2869999999999706
2026-05-26 20:00:00;8;26.8;26.032000000000004;0.7679999999999971
2026-05-26 21:00:00;8;26.0;25.131;0.8689999999999998
2026-05-26 22:00:00;8;24.7;24.26099999999999;0.4390000000000107
2026-05-26 23:00:00;8;23.4;23.611999999999988;-0.21199999999998909
2026-05-27 00:00:00;8;22.4;22.078000000000007;0.32199999999999207
2026-05-27 01:00:00;8;22.2;21.120000000000005;1.0799999999999947
2026-05-27 02:00:00;8;21.9;20.929999999999993;0.970000000000006
2026-05-27 03:00:00;8;21.6;20.935000000000006;0.6649999999999956
2026-05-27 04:00:00;8;21.3;20.83600000000001;0.46399999999999153
2026-05-27 05:00:00;8;22.0;20.549;1.4510000000000005
2026-05-27 06:00:00;8;24.7;21.191;3.5090000000000003
2026-05-27 07:00:00;8;26.8;24.430999999999997;2.3690000000000033
2026-05-27 08:00:00;8;27.3;26.224999999999987;1.0750000000000135
2026-05-27 09:00:00;8;27.5;26.403000000000006;1.0969999999999942
2026-05-27 10:00:00;8;27.7;26.684000000000015;1.015999999999984
2026-05-27 11:00:00;8;27.7;26.708000000000006;0.9919999999999938
2026-05-27 12:00:00;8;28.7;26.609;2.0909999999999975
2026-05-27 13:00:00;8;28.5;27.515000000000008;0.9849999999999923
2026-05-27 14:00:00;8;28.1;27.455000000000013;0.6449999999999889
2026-05-27 15:00:00;8;28.2;27.057000000000027;1.1429999999999723
2026-05-27 16:00:00;8;27.7;27.296000000000028;0.4039999999999715
2026-05-27 17:00:00;8;27.0;26.48600000000001;0.5139999999999887
2026-05-27 18:00:00;8;25.3;25.831000000000007;-0.5310000000000059
2026-05-27 19:00:00;8;25.0;23.63899999999999;1.3610000000000113
2026-05-27 20:00:00;8;25.4;23.76599999999999;1.6340000000000074
2026-05-27 21:00:00;8;25.3;24.094999999999995;1.2050000000000054
2026-05-27 22:00:00;8;24.6;23.43599999999999;1.1640000000000121
2026-05-27 23:00:00;8;23.4;22.727999999999987;0.6720000000000113
2026-05-28 00:00:00;8;22.5;20.707000000000008;1.7929999999999922
2026-05-28 01:00:00;8;21.6;20.132;1.468
2026-05-28 02:00:00;8;21.0;20.006000000000004;0.9939999999999962
2026-05-28 03:00:00;8;20.7;19.685000000000006;1.0149999999999935
2026-05-28 04:00:00;8;20.7;19.582000000000004;1.117999999999995
2026-05-28 05:00:00;8;21.6;19.659;1.9410000000000025
2026-05-28 06:00:00;8;23.6;20.93700000000001;2.662999999999993
2026-05-28 07:00:00;8;25.0;22.254;2.7459999999999987
2026-05-28 08:00:00;8;24.3;23.396000000000004;0.9039999999999964
2026-05-28 09:00:00;8;24.4;22.87400000000001;1.5259999999999891
2026-05-28 10:00:00;8;25.2;23.316000000000003;1.8839999999999968
2026-05-28 11:00:00;8;25.0;23.93400000000001;1.0659999999999883
2026-05-28 12:00:00;8;26.0;23.967000000000006;2.032999999999994
2026-05-28 13:00:00;8;26.5;24.653999999999982;1.8460000000000178
2026-05-28 14:00:00;8;25.6;25.10199999999999;0.49800000000001177
2026-05-28 15:00:00;8;25.2;24.26199999999998;0.9380000000000202
2026-05-28 16:00:00;8;23.9;23.132000000000012;0.7679999999999865
2026-05-28 17:00:00;8;24.1;21.386999999999997;2.7130000000000045
2026-05-28 18:00:00;8;25.3;22.825;2.4750000000000014
2026-05-28 19:00:00;8;24.5;23.18299999999999;1.3170000000000108
2026-05-28 20:00:00;8;23.5;22.38299999999999;1.1170000000000115
2026-05-28 21:00:00;8;22.8;20.965000000000003;1.8349999999999973
2026-05-28 22:00:00;8;21.9;20.764999999999997;1.1350000000000016
2026-05-28 23:00:00;8;21.1;20.385;0.7149999999999999
2026-05-29 00:00:00;8;20.5;19.397000000000006;1.1029999999999944
2026-05-29 01:00:00;8;21.3;18.88900000000001;2.4109999999999907
2026-05-29 02:00:00;8;20.6;19.813000000000006;0.7869999999999955
2026-05-29 03:00:00;8;19.9;19.18600000000001;0.713999999999988
2026-05-29 04:00:00;8;19.2;18.86200000000001;0.3379999999999903
2026-05-29 05:00:00;8;19.8;18.244000000000003;1.5559999999999974
2026-05-29 06:00:00;8;23.6;19.242000000000008;4.357999999999993
2026-05-29 07:00:00;8;26.0;22.286000000000005;3.713999999999995
2026-05-29 08:00:00;8;26.8;25.436999999999998;1.363000000000003
2026-05-29 09:00:00;8;27.1;26.290999999999993;0.8090000000000082
2026-05-29 10:00:00;8;27.8;26.304000000000002;1.4959999999999987
2026-05-29 11:00:00;8;27.4;26.767000000000003;0.6329999999999956
2026-05-29 12:00:00;8;28.4;26.617000000000004;1.7829999999999941
2026-05-29 13:00:00;8;27.7;27.547000000000008;0.1529999999999916
2026-05-29 14:00:00;8;27.7;26.752999999999993;0.9470000000000063
2026-05-29 15:00:00;8;27.0;26.636;0.36400000000000077
2026-05-29 16:00:00;8;27.4;26.191000000000003;1.208999999999996
2026-05-29 17:00:00;8;26.1;26.276000000000018;-0.17600000000001614
2026-05-29 18:00:00;8;25.3;23.913;1.3870000000000005
2026-05-29 19:00:00;8;25.0;23.00799999999999;1.9920000000000115
2026-05-29 20:00:00;8;24.9;22.923999999999992;1.9760000000000062
2026-05-29 21:00:00;8;24.6;22.98999999999998;1.6100000000000207
2026-05-29 22:00:00;8;23.9;22.537;1.3629999999999995
2026-05-29 23:00:00;8;22.6;21.631;0.9690000000000012
2026-05-30 00:00:00;8;21.2;20.711999999999993;0.48800000000000665
2026-05-30 01:00:00;8;20.7;19.70200000000001;0.9979999999999905
2026-05-30 02:00:00;8;20.1;19.488000000000003;0.6119999999999983
2026-05-30 03:00:00;8;19.8;19.311999999999998;0.4880000000000031
2026-05-30 04:00:00;8;19.6;18.932000000000006;0.6679999999999957
2026-05-30 05:00:00;8;20.7;18.74700000000001;1.9529999999999887
2026-05-30 06:00:00;8;23.5;19.722999999999992;3.777000000000008
2026-05-30 07:00:00;8;25.7;23.177000000000007;2.5229999999999926
2026-05-30 08:00:00;8;26.5;25.546000000000017;0.9539999999999829
2026-05-30 09:00:00;8;26.9;26.026000000000003;0.8739999999999952
2026-05-30 10:00:00;8;27.1;25.863999999999997;1.2360000000000042
2026-05-30 11:00:00;8;27.3;26.109000000000005;1.1909999999999954
2026-05-30 12:00:00;8;28.2;26.195000000000007;2.004999999999992
2026-05-30 13:00:00;8;27.9;27.538000000000007;0.3619999999999912
2026-05-30 14:00:00;8;27.8;26.984000000000005;0.8159999999999954
2026-05-30 15:00:00;8;27.2;26.733999999999995;0.46600000000000463
2026-05-30 16:00:00;8;26.4;26.161000000000012;0.23899999999998656
2026-05-30 17:00:00;8;25.9;24.796999999999993;1.103000000000005
2026-05-30 18:00:00;8;26.1;23.752;2.3480000000000025
2026-05-30 19:00:00;8;24.7;24.120999999999984;0.5790000000000148
2026-05-30 20:00:00;8;23.9;22.653999999999986;1.2460000000000129
2026-05-30 21:00:00;8;23.2;21.042;2.1579999999999977
2026-05-30 22:00:00;8;22.6;20.093999999999994;2.5060000000000073
2026-05-30 23:00:00;8;21.7;19.645999999999994;2.0540000000000056
2026-05-13 00:00:00;9;11.1;11.775999999999993;-0.675999999999993
2026-05-13 01:00:00;9;10.9;10.76;0.14000000000000057
2026-05-13 02:00:00;9;9.9;10.524999999999995;-0.6249999999999947
2026-05-13 03:00:00;9;8.8;9.424999999999995;-0.6249999999999947
2026-05-13 04:00:00;9;8.2;8.427000000000003;-0.22700000000000387
2026-05-13 05:00:00;9;8.1;7.785000000000002;0.3149999999999977
2026-05-13 06:00:00;9;9.6;9.469520000000003;0.13047999999999682
2026-05-13 07:00:00;9;11.4;11.135000000000002;0.2649999999999988
2026-05-13 08:00:00;9;12.8;13.196999999999997;-0.3969999999999967
2026-05-13 09:00:00;9;14.1;14.626999999999999;-0.5269999999999992
2026-05-13 10:00:00;9;14.9;15.235000000000012;-0.3350000000000115
2026-05-13 11:00:00;9;15.2;15.492600000000008;-0.2926000000000091
2026-05-13 12:00:00;9;15.4;15.655000000000006;-0.2550000000000061
2026-05-13 13:00:00;9;14.8;15.664000000000005;-0.8640000000000043
2026-05-13 14:00:00;9;14.4;14.839000000000004;-0.4390000000000036
2026-05-13 15:00:00;9;13.6;13.95956;-0.3595600000000001
2026-05-13 16:00:00;9;13.9;13.327000000000004;0.5729999999999968
2026-05-13 17:00:00;9;13.3;13.470000000000002;-0.1700000000000017
2026-05-13 18:00:00;9;12.6;12.405600000000003;0.19439999999999635
2026-05-13 19:00:00;9;11.6;11.86;-0.2599999999999998
2026-05-13 20:00:00;9;11.1;11.157;-0.057000000000000384
2026-05-13 21:00:00;9;10.6;10.703999999999999;-0.1039999999999992
2026-05-13 22:00:00;9;10.1;10.352719999999998;-0.2527199999999983
2026-05-13 23:00:00;9;9.5;9.727999999999996;-0.2279999999999962
2026-05-14 00:00:00;9;8.6;9.185200000000004;-0.5852000000000039
2026-05-14 01:00:00;9;8.1;8.186999999999998;-0.08699999999999797
2026-05-14 02:00:00;9;7.9;7.771;0.12900000000000045
2026-05-14 03:00:00;9;7.9;7.507400000000003;0.3925999999999972
2026-05-14 04:00:00;9;7.8;7.588599999999998;0.21140000000000203
2026-05-14 05:00:00;9;7.7;7.533600000000002;0.16639999999999855
2026-05-14 06:00:00;9;9.0;8.879560000000005;0.120439999999995
2026-05-14 07:00:00;9;10.3;10.517999999999999;-0.2179999999999982
2026-05-14 08:00:00;9;11.3;11.657;-0.3569999999999993
2026-05-14 09:00:00;9;12.2;12.321000000000002;-0.12100000000000222
2026-05-14 10:00:00;9;13.1;13.258999999999993;-0.1589999999999936
2026-05-14 11:00:00;9;13.6;13.56088;0.03912000000000049
2026-05-14 12:00:00;9;13.4;13.940000000000003;-0.5400000000000027
2026-05-14 13:00:00;9;13.4;13.583000000000004;-0.18300000000000338
2026-05-14 14:00:00;9;13.4;13.231480000000001;0.16851999999999911
2026-05-14 15:00:00;9;12.3;12.8058;-0.5057999999999989
2026-05-14 16:00:00;9;11.6;12.072199999999999;-0.47219999999999906
2026-05-14 17:00:00;9;10.4;11.213000000000001;-0.8130000000000006
2026-05-14 18:00:00;9;9.3;9.782840000000004;-0.48284000000000304
2026-05-14 19:00:00;9;8.9;8.665;0.2350000000000012
2026-05-14 20:00:00;9;8.6;8.497000000000005;0.10299999999999443
2026-05-14 21:00:00;9;8.2;8.183880000000004;0.01611999999999547
2026-05-14 22:00:00;9;7.7;7.80708;-0.10707999999999984
2026-05-14 23:00:00;9;7.2;7.313039999999998;-0.11303999999999803
2026-05-15 00:00:00;9;6.8;6.787920000000002;0.012079999999997426
2026-05-15 01:00:00;9;6.6;6.679240000000004;-0.07924000000000397
2026-05-15 02:00:00;9;6.2;6.294440000000002;-0.09444000000000141
2026-05-15 03:00:00;9;5.9;5.906759999999999;-0.006759999999998989
2026-05-15 04:00:00;9;5.6;5.752799999999999;-0.15279999999999916
2026-05-15 05:00:00;9;5.6;5.36156;0.23843999999999976
2026-05-15 06:00:00;9;7.1;6.818;0.28200000000000003
2026-05-15 07:00:00;9;8.8;8.617999999999997;0.18200000000000394
2026-05-15 08:00:00;9;10.6;10.502999999999997;0.09700000000000308
2026-05-15 09:00:00;9;11.7;12.31099999999999;-0.61099999999999
2026-05-15 10:00:00;9;12.8;12.688999999999998;0.11100000000000243
2026-05-15 11:00:00;9;13.7;13.438000000000006;0.26199999999999335
2026-05-15 12:00:00;9;12.4;14.144999999999998;-1.7449999999999974
2026-05-15 13:00:00;9;13.1;12.957319999999998;0.14268000000000214
2026-05-15 14:00:00;9;12.9;13.402320000000001;-0.502320000000001
2026-05-15 15:00:00;9;12.3;12.850799999999998;-0.5507999999999971
2026-05-15 16:00:00;9;13.0;12.07332;0.9266799999999993
2026-05-15 17:00:00;9;12.2;12.413999999999998;-0.21399999999999864
2026-05-15 18:00:00;9;11.1;11.307000000000002;-0.20700000000000252
2026-05-15 19:00:00;9;10.8;10.14;0.6600000000000001
2026-05-15 20:00:00;9;9.9;10.16832;-0.2683199999999992
2026-05-15 21:00:00;9;9.6;9.477;0.12299999999999933
2026-05-15 22:00:00;9;9.1;9.372200000000001;-0.27220000000000155
2026-05-15 23:00:00;9;8.4;8.666999999999996;-0.2669999999999959
2026-05-16 00:00:00;9;8.1;7.8779999999999974;0.2220000000000022
2026-05-16 01:00:00;9;7.8;7.76048;0.039519999999999555
2026-05-16 02:00:00;9;7.8;7.412159999999999;0.38784000000000063
2026-05-16 03:00:00;9;7.2;7.459119999999998;-0.2591199999999976
2026-05-16 04:00:00;9;6.6;6.940639999999998;-0.3406399999999987
2026-05-16 05:00:00;9;6.4;6.120000000000001;0.27999999999999936
2026-05-16 06:00:00;9;8.0;7.628200000000001;0.3717999999999986
2026-05-16 07:00:00;9;9.7;10.175000000000006;-0.47500000000000675
2026-05-16 08:00:00;9;11.4;11.406999999999996;-0.0069999999999961204
2026-05-16 09:00:00;9;12.3;13.002000000000002;-0.7020000000000017
2026-05-16 10:00:00;9;12.7;13.229;-0.5289999999999999
2026-05-16 11:00:00;9;13.1;13.338999999999992;-0.23899999999999189
2026-05-16 12:00:00;9;14.4;13.615560000000002;0.7844399999999982
2026-05-16 13:00:00;9;15.1;14.932000000000002;0.16799999999999748
2026-05-16 14:00:00;9;15.4;15.471000000000002;-0.0710000000000015
2026-05-16 15:00:00;9;15.1;15.1866;-0.08660000000000068
2026-05-16 16:00:00;9;14.2;14.763599999999995;-0.5635999999999957
2026-05-16 17:00:00;9;13.1;13.385;-0.28500000000000014
2026-05-16 18:00:00;9;13.1;12.029000000000003;1.0709999999999962
2026-05-16 19:00:00;9;12.9;12.248999999999997;0.6510000000000034
2026-05-16 20:00:00;9;12.3;12.477999999999998;-0.17799999999999727
2026-05-16 21:00:00;9;12.0;11.823999999999996;0.1760000000000037
2026-05-16 22:00:00;9;11.6;11.685000000000002;-0.08500000000000263
2026-05-16 23:00:00;9;11.4;11.033000000000005;0.36699999999999555
2026-05-17 00:00:00;9;11.1;11.154199999999998;-0.05419999999999803
2026-05-17 01:00:00;9;11.2;10.859120000000004;0.34087999999999496
2026-05-17 02:00:00;9;11.1;11.010600000000004;0.08939999999999593
2026-05-17 03:00:00;9;11.0;10.885000000000002;0.11499999999999844
2026-05-17 04:00:00;9;10.6;10.758799999999994;-0.15879999999999406
2026-05-17 05:00:00;9;10.3;10.37856;-0.07855999999999952
2026-05-17 06:00:00;9;11.4;10.604239999999995;0.7957600000000049
2026-05-17 07:00:00;9;12.7;12.31136;0.38863999999999876
2026-05-17 08:00:00;9;13.4;14.324000000000002;-0.9240000000000013
2026-05-17 09:00:00;9;13.7;14.401999999999996;-0.7019999999999964
2026-05-17 10:00:00;9;14.3;14.399199999999997;-0.09919999999999618
2026-05-17 11:00:00;9;14.9;15.051999999999994;-0.15199999999999392
2026-05-17 12:00:00;9;15.5;15.429000000000004;0.07099999999999618
2026-05-17 13:00:00;9;15.4;15.879000000000001;-0.479000000000001
2026-05-17 14:00:00;9;15.2;15.186200000000001;0.013799999999998036
2026-05-17 15:00:00;9;14.9;15.014599999999998;-0.11459999999999759
2026-05-17 16:00:00;9;14.8;14.381999999999996;0.4180000000000046
2026-05-17 17:00:00;9;14.2;14.124000000000008;0.07599999999999163
2026-05-17 18:00:00;9;13.9;13.651000000000002;0.24899999999999878
2026-05-17 19:00:00;9;12.8;13.201000000000006;-0.40100000000000513
2026-05-17 20:00:00;9;11.6;12.089679999999998;-0.4896799999999981
2026-05-17 21:00:00;9;11.2;10.818000000000005;0.38199999999999434
2026-05-17 22:00:00;9;10.9;10.721000000000002;0.1789999999999985
2026-05-17 23:00:00;9;10.8;10.58824;0.21175999999999995
2026-05-18 00:00:00;9;10.7;10.544360000000005;0.15563999999999467
2026-05-18 01:00:00;9;10.3;10.607760000000003;-0.3077600000000018
2026-05-18 02:00:00;9;10.0;10.031839999999999;-0.03183999999999898
2026-05-18 03:00:00;9;9.9;9.603200000000001;0.2967999999999993
2026-05-18 04:00:00;9;9.6;9.819879999999996;-0.2198799999999963
2026-05-18 05:00:00;9;9.2;9.195999999999993;0.004000000000006665
2026-05-18 06:00:00;9;10.5;10.106439999999994;0.3935600000000061
2026-05-18 07:00:00;9;11.1;11.972999999999995;-0.8729999999999958
2026-05-18 08:00:00;9;11.8;12.142879999999998;-0.3428799999999974
2026-05-18 09:00:00;9;12.6;12.792000000000003;-0.19200000000000372
2026-05-18 10:00:00;9;13.4;13.564959999999994;-0.16495999999999356
2026-05-18 11:00:00;9;14.1;14.281;-0.18100000000000094
2026-05-18 12:00:00;9;14.1;14.701000000000006;-0.6010000000000062
2026-05-18 13:00:00;9;14.1;14.55908000000001;-0.4590800000000108
2026-05-18 14:00:00;9;14.5;14.208960000000008;0.29103999999999175
2026-05-18 15:00:00;9;15.2;14.468999999999996;0.7310000000000034
2026-05-18 16:00:00;9;15.1;15.14059999999999;-0.040599999999990644
2026-05-18 17:00:00;9;14.9;14.184;0.7160000000000011
2026-05-18 18:00:00;9;14.6;13.857000000000001;0.7429999999999986
2026-05-18 19:00:00;9;13.8;13.936000000000002;-0.136000000000001
2026-05-18 20:00:00;9;13.3;13.032000000000005;0.26799999999999535
2026-05-18 21:00:00;9;12.9;12.70604;0.19396000000000058
2026-05-18 22:00:00;9;12.6;12.560839999999999;0.03916000000000075
2026-05-18 23:00:00;9;12.1;12.098400000000005;0.0015999999999944947
2026-05-19 00:00:00;9;12.1;11.805359999999991;0.29464000000000823
2026-05-19 01:00:00;9;12.172;11.753280000000002;0.41871999999999865
2026-05-19 02:00:00;9;12.244;11.880360000000001;0.3636399999999984
2026-05-19 03:00:00;9;12.316;11.949760000000005;0.3662399999999959
2026-05-19 04:00:00;9;12.388;12.027360000000003;0.3606399999999965
2026-05-19 05:00:00;9;12.46;12.031800000000002;0.4281999999999986
2026-05-19 06:00:00;9;12.532;12.431920000000007;0.10007999999999306
2026-05-19 07:00:00;9;12.604;12.942039999999995;-0.3380399999999959
2026-05-19 08:00:00;9;12.676;13.117359999999996;-0.441359999999996
2026-05-19 09:00:00;9;12.748;12.908999999999994;-0.16099999999999426
2026-05-19 10:00:00;9;12.82;12.890759999999998;-0.07075999999999816
2026-05-19 11:00:00;9;12.892;13.082279999999999;-0.19027999999999956
2026-05-19 12:00:00;9;12.964;13.245480000000002;-0.28148000000000195
2026-05-19 13:00:00;9;13.036;13.159440000000004;-0.12344000000000399
2026-05-19 14:00:00;9;13.108;13.015920000000003;0.0920799999999975
2026-05-19 15:00:00;9;13.18;12.900160000000005;0.27983999999999476
2026-05-19 16:00:00;9;13.252;12.91576;0.3362400000000001
2026-05-19 17:00:00;9;13.324;13.101119999999991;0.22288000000000885
2026-05-19 18:00:00;9;13.396;13.10199999999999;0.29400000000001114
2026-05-19 19:00:00;9;13.468;13.107239999999992;0.36076000000000796
2026-05-19 20:00:00;9;13.54;13.221000000000004;0.3189999999999955
2026-05-19 21:00:00;9;13.612;13.361320000000001;0.2506799999999991
2026-05-19 22:00:00;9;13.684;13.507600000000002;0.17639999999999745
2026-05-19 23:00:00;9;13.756;13.524839999999998;0.2311600000000027
2026-05-20 00:00:00;9;13.828;13.645999999999994;0.1820000000000057
2026-05-20 01:00:00;9;13.9;13.619599999999998;0.280400000000002
2026-05-20 02:00:00;9;13.4;13.635199999999998;-0.2351999999999972
2026-05-20 03:00:00;9;13.1;13.102439999999996;-0.002439999999996445
2026-05-20 04:00:00;9;13.2;12.84483999999999;0.3551600000000086
2026-05-20 05:00:00;9;13.4;13.136680000000005;0.2633199999999949
2026-05-20 06:00:00;9;14.4;13.673520000000003;0.7264799999999969
2026-05-20 07:00:00;9;15.4;15.283520000000003;0.11647999999999747
2026-05-20 08:00:00;9;16.2;16.442;-0.24200000000000088
2026-05-20 09:00:00;9;17.0;16.88876;0.11123999999999867
2026-05-20 10:00:00;9;17.4;17.556;-0.15600000000000236
2026-05-20 11:00:00;9;17.7;17.80900000000001;-0.10900000000001242
2026-05-20 12:00:00;9;18.1;17.876000000000005;0.22399999999999665
2026-05-20 13:00:00;9;18.5;18.273;0.2270000000000003
2026-05-20 14:00:00;9;19.0;18.427000000000003;0.5729999999999968
2026-05-20 15:00:00;9;18.6;18.556000000000004;0.04399999999999693
2026-05-20 16:00:00;9;18.3;18.266;0.03400000000000247
2026-05-20 17:00:00;9;17.5;17.343;0.15700000000000003
2026-05-20 18:00:00;9;17.2;16.540000000000006;0.659999999999993
2026-05-20 19:00:00;9;16.1;16.20800000000001;-0.10800000000000765
2026-05-20 20:00:00;9;14.6;15.25044;-0.6504399999999997
2026-05-20 21:00:00;9;13.9;13.794;0.10599999999999987
2026-05-20 22:00:00;9;13.4;13.051000000000009;0.3489999999999913
2026-05-20 23:00:00;9;12.8;13.186880000000004;-0.3868800000000032
2026-05-21 00:00:00;9;11.6;12.600679999999993;-1.0006799999999938
2026-05-21 01:00:00;9;11.1;10.964000000000006;0.1359999999999939
2026-05-21 02:00:00;9;10.7;10.834000000000001;-0.13400000000000212
2026-05-21 03:00:00;9;10.3;10.367720000000002;-0.06772000000000133
2026-05-21 04:00:00;9;9.9;10.080000000000002;-0.1800000000000015
2026-05-21 05:00:00;9;9.7;9.642720000000006;0.057279999999993336
2026-05-21 06:00:00;9;11.2;11.008959999999997;0.19104000000000276
2026-05-21 07:00:00;9;13.6;12.940200000000003;0.659799999999997
2026-05-21 08:00:00;9;16.6;15.444000000000003;1.1559999999999988
2026-05-21 09:00:00;9;19.3;18.258000000000003;1.041999999999998
2026-05-21 10:00:00;9;21.1;20.944000000000006;0.15599999999999525
2026-05-21 11:00:00;9;22.2;21.868000000000002;0.3319999999999972
2026-05-21 12:00:00;9;23.9;22.962999999999997;0.9370000000000012
2026-05-21 13:00:00;9;24.5;24.324;0.17599999999999838
2026-05-21 14:00:00;9;24.9;24.266999999999985;0.6330000000000133
2026-05-21 15:00:00;9;25.0;24.187999999999988;0.8120000000000118
2026-05-21 16:00:00;9;25.0;23.984;1.0159999999999982
2026-05-21 17:00:00;9;24.8;23.429000000000002;1.3709999999999987
2026-05-21 18:00:00;9;24.4;23.219;1.1809999999999974
2026-05-21 19:00:00;9;22.9;22.465999999999994;0.4340000000000046
2026-05-21 20:00:00;9;21.2;21.389;-0.18900000000000006
2026-05-21 21:00:00;9;20.0;19.253000000000007;0.7469999999999928
2026-05-21 22:00:00;9;19.0;18.722999999999992;0.27700000000000813
2026-05-21 23:00:00;9;18.2;17.807;0.3930000000000007
2026-05-22 00:00:00;9;17.5;17.132999999999996;0.36700000000000443
2026-05-22 01:00:00;9;16.8;15.884999999999998;0.9150000000000027
2026-05-22 02:00:00;9;16.3;15.961999999999994;0.3380000000000063
2026-05-22 03:00:00;9;15.9;15.700999999999999;0.19900000000000162
2026-05-22 04:00:00;9;15.4;15.217000000000011;0.18299999999998917
2026-05-22 05:00:00;9;15.4;14.923999999999989;0.4760000000000115
2026-05-22 06:00:00;9;17.3;15.949999999999989;1.350000000000012
2026-05-22 07:00:00;9;19.4;17.774000000000004;1.6259999999999941
2026-05-22 08:00:00;9;21.9;21.118999999999986;0.781000000000013
2026-05-22 09:00:00;9;24.5;22.728999999999996;1.7710000000000043
2026-05-22 10:00:00;9;26.7;25.02699999999999;1.673000000000009
2026-05-22 11:00:00;9;28.2;26.60600000000001;1.5939999999999905
2026-05-22 12:00:00;9;29.7;27.61100000000001;2.088999999999988
2026-05-22 13:00:00;9;30.3;27.657000000000007;2.6429999999999936
2026-05-22 14:00:00;9;30.8;27.553;3.247
2026-05-22 15:00:00;9;31.0;27.402000000000015;3.5979999999999848
2026-05-22 16:00:00;9;30.9;27.329000000000015;3.5709999999999837
2026-05-22 17:00:00;9;30.2;27.063000000000017;3.1369999999999827
2026-05-22 18:00:00;9;29.0;27.044000000000015;1.9559999999999853
2026-05-22 19:00:00;9;27.3;26.93900000000001;0.36099999999999
2026-05-22 20:00:00;9;25.4;25.975000000000005;-0.5750000000000064
2026-05-22 21:00:00;9;23.9;23.201999999999995;0.698000000000004
2026-05-22 22:00:00;9;22.5;21.63200000000001;0.8679999999999914
2026-05-22 23:00:00;9;22.0;20.738000000000003;1.261999999999997
2026-05-23 00:00:00;9;20.9;19.984;0.9159999999999968
2026-05-23 01:00:00;9;20.1;19.42;0.6799999999999997
2026-05-23 02:00:00;9;19.1;18.743000000000002;0.3569999999999993
2026-05-23 03:00:00;9;18.8;17.983000000000004;0.8169999999999966
2026-05-23 04:00:00;9;18.5;17.895999999999997;0.6040000000000028
2026-05-23 05:00:00;9;18.2;18.078999999999986;0.12100000000001288
2026-05-23 06:00:00;9;19.5;18.25299999999999;1.2470000000000105
2026-05-23 07:00:00;9;21.6;19.077;2.5229999999999997
2026-05-23 08:00:00;9;23.9;21.681000000000004;2.218999999999994
2026-05-23 09:00:00;9;25.9;24.787999999999993;1.1120000000000054
2026-05-23 10:00:00;9;27.8;25.925;1.875
2026-05-23 11:00:00;9;29.5;27.003000000000014;2.4969999999999857
2026-05-23 12:00:00;9;30.8;27.847;2.9529999999999994
2026-05-23 13:00:00;9;31.1;27.589000000000006;3.5109999999999957
2026-05-23 14:00:00;9;31.5;27.353000000000016;4.146999999999984
2026-05-23 15:00:00;9;31.4;27.319000000000013;4.080999999999985
2026-05-23 16:00:00;9;31.1;27.220000000000013;3.8799999999999883
2026-05-23 17:00:00;9;30.6;26.90600000000002;3.6939999999999813
2026-05-23 18:00:00;9;29.7;26.87000000000002;2.8299999999999805
2026-05-23 19:00:00;9;27.9;26.84100000000002;1.0589999999999797
2026-05-23 20:00:00;9;26.0;26.341000000000008;-0.3410000000000082
2026-05-23 21:00:00;9;24.8;23.935999999999993;0.8640000000000079
2026-05-23 22:00:00;9;23.7;22.442999999999994;1.257000000000005
2026-05-23 23:00:00;9;22.8;21.259000000000004;1.5409999999999968
2026-05-24 00:00:00;9;21.5;20.702999999999996;0.7970000000000041
2026-05-24 01:00:00;9;21.0;19.888000000000005;1.1119999999999948
2026-05-24 02:00:00;9;20.2;19.349000000000007;0.850999999999992
2026-05-24 03:00:00;9;19.4;18.822;0.5779999999999994
2026-05-24 04:00:00;9;18.6;18.256000000000007;0.3439999999999941
2026-05-24 05:00:00;9;18.4;18.095;0.3049999999999997
2026-05-24 06:00:00;9;19.7;18.374;1.3260000000000005
2026-05-24 07:00:00;9;21.3;19.259000000000004;2.040999999999997
2026-05-24 08:00:00;9;23.6;21.430000000000014;2.1699999999999875
2026-05-24 09:00:00;9;26.0;23.284999999999997;2.7150000000000034
2026-05-24 10:00:00;9;28.0;25.86;2.1400000000000006
2026-05-24 11:00:00;9;29.6;26.98600000000001;2.61399999999999
2026-05-24 12:00:00;9;31.5;28.027000000000022;3.4729999999999777
2026-05-24 13:00:00;9;32.2;27.96000000000002;4.239999999999984
2026-05-24 14:00:00;9;32.5;27.76900000000002;4.73099999999998
2026-05-24 15:00:00;9;32.5;27.702000000000016;4.797999999999984
2026-05-24 16:00:00;9;32.3;27.613000000000014;4.686999999999983
2026-05-24 17:00:00;9;31.9;27.452000000000016;4.447999999999983
2026-05-24 18:00:00;9;31.5;27.53700000000002;3.9629999999999797
2026-05-24 19:00:00;9;29.5;27.063000000000017;2.4369999999999834
2026-05-24 20:00:00;9;27.7;26.846000000000018;0.8539999999999814
2026-05-24 21:00:00;9;27.0;26.09100000000001;0.9089999999999883
2026-05-24 22:00:00;9;26.1;25.80500000000001;0.29499999999999105
2026-05-24 23:00:00;9;24.9;23.982999999999993;0.9170000000000051
2026-05-25 00:00:00;9;23.5;22.858999999999995;0.6410000000000053
2026-05-25 01:00:00;9;23.0;21.451;1.5489999999999995
2026-05-25 02:00:00;9;22.6;21.346;1.2540000000000013
2026-05-25 03:00:00;9;22.0;21.04300000000001;0.9569999999999901
2026-05-25 04:00:00;9;21.4;20.397999999999996;1.0020000000000024
2026-05-25 05:00:00;9;21.1;20.016000000000005;1.083999999999996
2026-05-25 06:00:00;9;22.4;19.912000000000003;2.487999999999996
2026-05-25 07:00:00;9;23.9;21.258000000000003;2.641999999999996
2026-05-25 08:00:00;9;25.9;22.61;3.289999999999999
2026-05-25 09:00:00;9;28.1;25.359;2.7409999999999997
2026-05-25 10:00:00;9;30.1;27.204000000000015;2.8959999999999866
2026-05-25 11:00:00;9;31.7;27.467000000000013;4.232999999999986
2026-05-25 12:00:00;9;33.5;28.062;5.437999999999999
2026-05-25 13:00:00;9;34.0;27.931000000000008;6.068999999999992
2026-05-25 14:00:00;9;34.2;27.945999999999998;6.254000000000005
2026-05-25 15:00:00;9;34.4;27.913000000000007;6.486999999999991
2026-05-25 16:00:00;9;34.3;28.00700000000001;6.292999999999989
2026-05-25 17:00:00;9;34.0;27.828000000000017;6.171999999999983
2026-05-25 18:00:00;9;33.8;27.825000000000014;5.974999999999984
2026-05-25 19:00:00;9;32.3;27.531000000000017;4.768999999999981
2026-05-25 20:00:00;9;31.0;27.208000000000016;3.791999999999984
2026-05-25 21:00:00;9;29.2;27.14200000000001;2.057999999999989
2026-05-25 22:00:00;9;28.0;27.05600000000001;0.9439999999999884
2026-05-25 23:00:00;9;27.0;26.515000000000008;0.4849999999999923
2026-05-26 00:00:00;9;26.3;25.82300000000001;0.47699999999998965
2026-05-26 01:00:00;9;25.0;24.238999999999997;0.7610000000000028
2026-05-26 02:00:00;9;24.1;23.2;0.9000000000000021
2026-05-26 03:00:00;9;23.3;21.64399999999999;1.6560000000000095
2026-05-26 04:00:00;9;22.5;21.27;1.2300000000000004
2026-05-26 05:00:00;9;22.0;20.217999999999996;1.7820000000000036
2026-05-26 06:00:00;9;23.5;20.014999999999986;3.4850000000000136
2026-05-26 07:00:00;9;25.1;21.197;3.9030000000000022
2026-05-26 08:00:00;9;27.1;23.767000000000007;3.332999999999995
2026-05-26 09:00:00;9;29.2;26.469000000000005;2.7309999999999945
2026-05-26 10:00:00;9;31.0;27.601000000000017;3.398999999999983
2026-05-26 11:00:00;9;32.2;27.571000000000012;4.628999999999991
2026-05-26 12:00:00;9;33.6;27.472000000000012;6.1279999999999895
2026-05-26 13:00:00;9;34.0;27.936000000000014;6.063999999999986
2026-05-26 14:00:00;9;34.3;27.913000000000014;6.386999999999983
2026-05-26 15:00:00;9;34.6;28.04300000000001;6.5569999999999915
2026-05-26 16:00:00;9;34.2;27.84100000000002;6.358999999999984
2026-05-26 17:00:00;9;33.5;27.846000000000014;5.653999999999986
2026-05-26 18:00:00;9;33.0;27.639000000000014;5.360999999999986
2026-05-26 19:00:00;9;29.8;26.991000000000028;2.8089999999999726
2026-05-26 20:00:00;9;26.6;27.054000000000016;-0.45400000000001484
2026-05-26 21:00:00;9;25.0;24.846;0.15399999999999991
2026-05-26 22:00:00;9;24.2;23.186999999999994;1.0130000000000052
2026-05-26 23:00:00;9;23.9;23.084;0.815999999999999
2026-05-27 00:00:00;9;23.0;21.537999999999997;1.4620000000000033
2026-05-27 01:00:00;9;22.5;20.236999999999995;2.2630000000000052
2026-05-27 02:00:00;9;22.6;20.476;2.1240000000000023
2026-05-27 03:00:00;9;22.2;20.807000000000006;1.3929999999999936
2026-05-27 04:00:00;9;21.6;20.81999999999999;0.7800000000000118
2026-05-27 05:00:00;9;21.4;20.632000000000012;0.7679999999999865
2026-05-27 06:00:00;9;23.2;20.749000000000006;2.4509999999999934
2026-05-27 07:00:00;9;25.0;22.118999999999996;2.881000000000004
2026-05-27 08:00:00;9;27.1;23.857999999999997;3.2420000000000044
2026-05-27 09:00:00;9;29.2;26.527000000000008;2.672999999999991
2026-05-27 10:00:00;9;31.1;27.639000000000014;3.460999999999988
2026-05-27 11:00:00;9;32.7;27.632000000000012;5.067999999999991
2026-05-27 12:00:00;9;34.5;27.985000000000014;6.514999999999986
2026-05-27 13:00:00;9;34.2;27.805000000000017;6.394999999999985
2026-05-27 14:00:00;9;34.0;28.09800000000001;5.90199999999999
2026-05-27 15:00:00;9;33.0;27.87900000000001;5.120999999999992
2026-05-27 16:00:00;9;33.2;27.748000000000015;5.4519999999999875
2026-05-27 17:00:00;9;32.2;27.062000000000026;5.137999999999977
2026-05-27 18:00:00;9;30.9;27.042000000000026;3.857999999999972
2026-05-27 19:00:00;9;28.4;26.979000000000024;1.4209999999999745
2026-05-27 20:00:00;9;25.6;27.059000000000015;-1.4590000000000138
2026-05-27 21:00:00;9;23.5;23.71899999999999;-0.21899999999999054
2026-05-27 22:00:00;9;22.2;20.522999999999996;1.6770000000000032
2026-05-27 23:00:00;9;21.4;20.04599999999999;1.3540000000000099
2026-05-28 00:00:00;9;21.0;19.891000000000005;1.1089999999999947
2026-05-28 01:00:00;9;20.8;19.541;1.2590000000000003
2026-05-28 02:00:00;9;20.5;19.083;1.4170000000000016
2026-05-28 03:00:00;9;20.2;18.701000000000004;1.4989999999999952
2026-05-28 04:00:00;9;19.9;18.674;1.225999999999999
2026-05-28 05:00:00;9;20.1;18.410999999999998;1.6890000000000036
2026-05-28 06:00:00;9;21.2;18.753;2.446999999999999
2026-05-28 07:00:00;9;23.4;20.296000000000003;3.1039999999999957
2026-05-28 08:00:00;9;26.0;21.257;4.7429999999999986
2026-05-28 09:00:00;9;28.5;25.544999999999995;2.9550000000000054
2026-05-28 10:00:00;9;30.2;27.66300000000001;2.5369999999999884
2026-05-28 11:00:00;9;32.2;27.808000000000007;4.391999999999996
2026-05-28 12:00:00;9;33.5;28.382999999999996;5.117000000000004
2026-05-28 13:00:00;9;34.2;28.28600000000001;5.913999999999994
2026-05-28 14:00:00;9;34.3;28.233000000000008;6.0669999999999895
2026-05-28 15:00:00;9;33.4;28.085000000000008;5.314999999999991
2026-05-28 16:00:00;9;32.9;28.121000000000013;4.778999999999986
2026-05-28 17:00:00;9;32.8;27.827000000000012;4.972999999999985
2026-05-28 18:00:00;9;31.4;27.148000000000014;4.251999999999985
2026-05-28 19:00:00;9;29.0;27.092000000000017;1.9079999999999835
2026-05-28 20:00:00;9;27.5;27.144000000000016;0.3559999999999839
2026-05-28 21:00:00;9;26.5;26.330000000000005;0.1699999999999946
2026-05-28 22:00:00;9;26.1;24.490999999999996;1.6090000000000053
2026-05-28 23:00:00;9;25.5;24.020999999999994;1.4790000000000063
2026-05-29 00:00:00;9;22.0;23.603;-1.6030000000000015
2026-05-29 01:00:00;9;21.5;19.92499999999999;1.57500000000001
2026-05-29 02:00:00;9;22.0;19.901000000000003;2.0989999999999966
2026-05-29 03:00:00;9;21.8;20.10599999999999;1.6940000000000097
2026-05-29 04:00:00;9;21.2;19.943;1.256999999999998
2026-05-29 05:00:00;9;21.4;19.514999999999997;1.8850000000000016
2026-05-29 06:00:00;9;23.2;20.47700000000001;2.7229999999999883
2026-05-29 07:00:00;9;24.8;21.257;3.5429999999999993
2026-05-29 08:00:00;9;26.4;23.687999999999985;2.712000000000014
2026-05-29 09:00:00;9;27.9;25.658999999999995;2.241000000000003
2026-05-29 10:00:00;9;29.0;27.18900000000001;1.8109999999999893
2026-05-29 11:00:00;9;30.0;27.685000000000006;2.314999999999994
2026-05-29 12:00:00;9;32.2;27.660000000000004;4.539999999999999
2026-05-29 13:00:00;9;32.9;27.593000000000014;5.306999999999984
2026-05-29 14:00:00;9;33.2;28.169000000000004;5.030999999999999
2026-05-29 15:00:00;9;32.8;28.15600000000001;4.643999999999988
2026-05-29 16:00:00;9;31.9;27.39700000000002;4.502999999999979
2026-05-29 17:00:00;9;30.4;26.789000000000023;3.610999999999976
2026-05-29 18:00:00;9;30.3;26.984000000000016;3.3159999999999847
2026-05-29 19:00:00;9;29.1;27.03300000000002;2.0669999999999824
2026-05-29 20:00:00;9;27.5;27.16600000000001;0.333999999999989
2026-05-29 21:00:00;9;26.7;26.196000000000012;0.5039999999999871
2026-05-29 22:00:00;9;25.8;24.97999999999999;0.8200000000000109
2026-05-29 23:00:00;9;24.9;23.55899999999999;1.3410000000000082
2026-05-30 00:00:00;9;23.2;22.841999999999988;0.3580000000000112
2026-05-30 01:00:00;9;22.5;19.50199999999999;2.9980000000000118
2026-05-30 02:00:00;9;21.5;19.655999999999995;1.8440000000000047
2026-05-30 03:00:00;9;20.4;19.803000000000004;0.5969999999999942
2026-05-30 04:00:00;9;19.3;18.56300000000001;0.7369999999999912
2026-05-30 05:00:00;9;19.0;18.258999999999997;0.7410000000000032
2026-05-30 06:00:00;9;19.8;18.19000000000001;1.6099999999999923
2026-05-30 07:00:00;9;21.9;19.198;2.701999999999998
2026-05-30 08:00:00;9;24.4;21.07;3.3299999999999983
2026-05-30 09:00:00;9;26.5;23.709000000000007;2.7909999999999933
2026-05-30 10:00:00;9;27.5;25.978999999999992;1.521000000000008
2026-05-30 11:00:00;9;28.2;26.672000000000008;1.5279999999999916
2026-05-30 12:00:00;9;29.4;27.496000000000013;1.9039999999999857
2026-05-30 13:00:00;9;28.7;27.45400000000001;1.245999999999988
2026-05-30 14:00:00;9;28.8;27.199000000000016;1.6009999999999849
2026-05-30 15:00:00;9;28.4;27.21600000000002;1.1839999999999797
2026-05-30 16:00:00;9;27.5;27.036000000000012;0.463999999999988
2026-05-30 17:00:00;9;26.6;26.108000000000015;0.49199999999998667
2026-05-30 18:00:00;9;25.7;24.682999999999996;1.017000000000003
2026-05-30 19:00:00;9;23.8;23.50299999999999;0.29700000000001125
2026-05-30 20:00:00;9;22.3;20.521999999999988;1.778000000000013
2026-05-30 21:00:00;9;21.2;20.014999999999993;1.1850000000000058
2026-05-30 22:00:00;9;20.5;19.312000000000005;1.1879999999999953
2026-05-30 23:00:00;9;19.2;19.48999999999999;-0.28999999999999204
2026-05-13 00:00:00;10;9.3;8.88024;0.41976000000000013
2026-05-13 01:00:00;10;8.9;9.001119999999998;-0.1011199999999981
2026-05-13 02:00:00;10;9.1;8.637079999999996;0.462920000000004
2026-05-13 03:00:00;10;9.3;8.886040000000005;0.4139599999999959
2026-05-13 04:00:00;10;9.2;9.084399999999999;0.11560000000000059
2026-05-13 05:00:00;10;9.1;9.010800000000003;0.0891999999999964
2026-05-13 06:00:00;10;10.5;9.82828;0.6717200000000005
2026-05-13 07:00:00;10;11.9;12.074000000000003;-0.17400000000000304
2026-05-13 08:00:00;10;13.3;13.369999999999997;-0.06999999999999673
2026-05-13 09:00:00;10;14.3;14.573000000000004;-0.27300000000000324
2026-05-13 10:00:00;10;15.6;15.344159999999997;0.25584000000000273
2026-05-13 11:00:00;10;16.1;16.39;-0.28999999999999915
2026-05-13 12:00:00;10;16.9;16.657559999999997;0.242440000000002
2026-05-13 13:00:00;10;16.9;17.272999999999996;-0.37299999999999756
2026-05-13 14:00:00;10;16.8;16.958000000000002;-0.15800000000000125
2026-05-13 15:00:00;10;16.7;16.669;0.030999999999998806
2026-05-13 16:00:00;10;16.5;16.378039999999995;0.12196000000000495
2026-05-13 17:00:00;10;15.9;15.778999999999996;0.121000000000004
2026-05-13 18:00:00;10;15.6;14.831000000000016;0.7689999999999841
2026-05-13 19:00:00;10;13.7;14.574000000000002;-0.8740000000000023
2026-05-13 20:00:00;10;12.8;12.863000000000005;-0.06300000000000416
2026-05-13 21:00:00;10;11.6;12.060000000000004;-0.4600000000000044
2026-05-13 22:00:00;10;11.3;10.821000000000002;0.4789999999999992
2026-05-13 23:00:00;10;10.7;10.639000000000003;0.06099999999999639
2026-05-14 00:00:00;10;11.5;10.219000000000001;1.2809999999999988
2026-05-14 01:00:00;10;10.8;11.179440000000005;-0.3794400000000042
2026-05-14 02:00:00;10;10.2;10.269;-0.06900000000000084
2026-05-14 03:00:00;10;10.2;9.882919999999999;0.3170800000000007
2026-05-14 04:00:00;10;10.2;9.836000000000002;0.3639999999999972
2026-05-14 05:00:00;10;10.5;9.843000000000002;0.6569999999999983
2026-05-14 06:00:00;10;12.1;11.665360000000003;0.43463999999999636
2026-05-14 07:00:00;10;11.1;13.661999999999999;-2.5619999999999994
2026-05-14 08:00:00;10;11.7;11.52916;0.1708400000000001
2026-05-14 09:00:00;10;11.0;12.595400000000007;-1.5954000000000068
2026-05-14 10:00:00;10;12.2;11.544120000000003;0.6558799999999962
2026-05-14 11:00:00;10;14.9;13.465;1.4350000000000005
2026-05-14 12:00:00;10;13.7;15.987;-2.287000000000001
2026-05-14 13:00:00;10;12.5;13.963519999999999;-1.463519999999999
2026-05-14 14:00:00;10;13.7;13.084559999999989;0.6154400000000102
2026-05-14 15:00:00;10;12.3;13.735840000000005;-1.4358400000000042
2026-05-14 16:00:00;10;12.1;12.123800000000001;-0.023800000000001376
2026-05-14 17:00:00;10;11.4;11.376200000000004;0.023799999999996047
2026-05-14 18:00:00;10;10.6;10.758999999999999;-0.15899999999999892
2026-05-14 19:00:00;10;9.0;10.131000000000002;-1.131000000000002
2026-05-14 20:00:00;10;8.6;8.264999999999995;0.3350000000000044
2026-05-14 21:00:00;10;8.3;8.23;0.07000000000000028
2026-05-14 22:00:00;10;7.7;7.969439999999996;-0.2694399999999959
2026-05-14 23:00:00;10;7.7;7.343;0.3570000000000002
2026-05-15 00:00:00;10;8.5;7.461159999999998;1.0388400000000022
2026-05-15 01:00:00;10;8.4;8.321119999999997;0.07888000000000339
2026-05-15 02:00:00;10;8.3;8.236999999999997;0.06300000000000416
2026-05-15 03:00:00;10;8.1;8.16928;-0.0692800000000009
2026-05-15 04:00:00;10;8.1;7.920439999999998;0.17956000000000127
2026-05-15 05:00:00;10;7.9;7.962879999999999;-0.06287999999999894
2026-05-15 06:00:00;10;7.9;8.950960000000007;-1.050960000000007
2026-05-15 07:00:00;10;7.6;8.591959999999997;-0.9919599999999971
2026-05-15 08:00:00;10;7.7;8.151119999999999;-0.45111999999999863
2026-05-15 09:00:00;10;8.0;8.244679999999999;-0.2446799999999989
2026-05-15 10:00:00;10;8.5;9.037719999999998;-0.5377199999999984
2026-05-15 11:00:00;10;9.6;9.219440000000002;0.38055999999999734
2026-05-15 12:00:00;10;11.0;10.450520000000004;0.5494799999999955
2026-05-15 13:00:00;10;9.8;11.487280000000005;-1.6872800000000048
2026-05-15 14:00:00;10;11.3;9.857079999999998;1.4429200000000026
2026-05-15 15:00:00;10;10.5;11.465599999999997;-0.9655999999999967
2026-05-15 16:00:00;10;10.1;10.383959999999997;-0.2839599999999969
2026-05-15 17:00:00;10;9.8;9.760639999999997;0.039360000000003836
2026-05-15 18:00:00;10;9.0;9.014440000000004;-0.014440000000004005
2026-05-15 19:00:00;10;7.8;8.395199999999999;-0.5951999999999993
2026-05-15 20:00:00;10;7.3;7.053000000000002;0.2469999999999981
2026-05-15 21:00:00;10;7.0;6.899000000000004;0.10099999999999643
2026-05-15 22:00:00;10;6.9;6.828760000000004;0.07123999999999597
2026-05-15 23:00:00;10;5.9;6.667360000000002;-0.7673600000000018
2026-05-16 00:00:00;10;6.2;5.495720000000002;0.704279999999998
2026-05-16 01:00:00;10;5.8;5.713240000000001;0.08675999999999906
2026-05-16 02:00:00;10;5.5;5.51548;-0.01548000000000016
2026-05-16 03:00:00;10;5.5;5.173799999999997;0.3262000000000027
2026-05-16 04:00:00;10;5.6;5.116599999999997;0.4834000000000023
2026-05-16 05:00:00;10;5.8;5.22892;0.5710800000000003
2026-05-16 06:00:00;10;7.2;7.271399999999997;-0.07139999999999702
2026-05-16 07:00:00;10;8.2;8.800999999999998;-0.6009999999999991
2026-05-16 08:00:00;10;9.0;9.374;-0.37400000000000055
2026-05-16 09:00:00;10;8.6;9.897519999999993;-1.2975199999999933
2026-05-16 10:00:00;10;9.0;9.307400000000003;-0.307400000000003
2026-05-16 11:00:00;10;10.0;9.642839999999996;0.3571600000000039
2026-05-16 12:00:00;10;13.3;10.541760000000004;2.758239999999997
2026-05-16 13:00:00;10;13.4;14.631000000000002;-1.2310000000000016
2026-05-16 14:00:00;10;13.9;13.581000000000001;0.31899999999999906
2026-05-16 15:00:00;10;14.3;13.832799999999997;0.4672000000000036
2026-05-16 16:00:00;10;14.1;14.085999999999991;0.014000000000008228
2026-05-16 17:00:00;10;13.7;13.510999999999994;0.18900000000000539
2026-05-16 18:00:00;10;12.6;12.940999999999995;-0.34099999999999575
2026-05-16 19:00:00;10;10.7;11.324000000000002;-0.6240000000000023
2026-05-16 20:00:00;10;9.7;9.701000000000002;-0.0010000000000029985
2026-05-16 21:00:00;10;8.6;9.099999999999994;-0.49999999999999467
2026-05-16 22:00:00;10;7.9;7.813000000000004;0.08699999999999619
2026-05-16 23:00:00;10;7.2;7.247000000000001;-0.0470000000000006
2026-05-17 00:00:00;10;7.1;6.84068;0.2593199999999998
2026-05-17 01:00:00;10;6.5;6.837160000000001;-0.3371600000000008
2026-05-17 02:00:00;10;5.9;6.293279999999998;-0.3932799999999981
2026-05-17 03:00:00;10;5.1;5.507;-0.40700000000000003
2026-05-17 04:00:00;10;4.5;4.732000000000002;-0.23200000000000198
2026-05-17 05:00:00;10;5.1;4.009999999999996;1.0900000000000034
2026-05-17 06:00:00;10;7.8;6.914999999999997;0.8850000000000025
2026-05-17 07:00:00;10;10.3;10.020999999999997;0.27900000000000347
2026-05-17 08:00:00;10;12.4;12.43;-0.02999999999999936
2026-05-17 09:00:00;10;14.0;14.190000000000007;-0.1900000000000066
2026-05-17 10:00:00;10;15.3;15.210999999999997;0.08900000000000396
2026-05-17 11:00:00;10;16.4;16.331000000000003;0.06899999999999551
2026-05-17 12:00:00;10;18.5;17.069999999999993;1.4300000000000068
2026-05-17 13:00:00;10;18.7;19.424999999999997;-0.7249999999999979
2026-05-17 14:00:00;10;18.8;18.850000000000005;-0.05000000000000426
2026-05-17 15:00:00;10;18.4;18.57699999999999;-0.1769999999999925
2026-05-17 16:00:00;10;18.1;17.668999999999986;0.43100000000001515
2026-05-17 17:00:00;10;17.5;16.930999999999994;0.5690000000000062
2026-05-17 18:00:00;10;17.2;15.921000000000006;1.2789999999999928
2026-05-17 19:00:00;10;15.3;15.873999999999999;-0.5739999999999981
2026-05-17 20:00:00;10;14.2;14.112000000000005;0.08799999999999386
2026-05-17 21:00:00;10;12.8;13.176000000000004;-0.376000000000003
2026-05-17 22:00:00;10;11.4;11.834000000000005;-0.4340000000000046
2026-05-17 23:00:00;10;10.2;10.392999999999997;-0.19299999999999784
2026-05-18 00:00:00;10;11.0;9.623999999999997;1.376000000000003
2026-05-18 01:00:00;10;10.5;10.457999999999997;0.04200000000000337
2026-05-18 02:00:00;10;10.5;10.045919999999999;0.45408000000000115
2026-05-18 03:00:00;10;9.5;10.098000000000003;-0.5980000000000025
2026-05-18 04:00:00;10;9.0;8.766999999999998;0.23300000000000232
2026-05-18 05:00:00;10;10.3;8.752000000000004;1.5479999999999965
2026-05-18 06:00:00;10;11.8;11.384999999999996;0.4150000000000045
2026-05-18 07:00:00;10;13.1;13.359359999999999;-0.25935999999999915
2026-05-18 08:00:00;10;15.1;15.005999999999997;0.09400000000000297
2026-05-18 09:00:00;10;15.9;16.79;-0.8899999999999988
2026-05-18 10:00:00;10;16.2;16.621999999999993;-0.4219999999999935
2026-05-18 11:00:00;10;15.7;16.614599999999992;-0.914599999999993
2026-05-18 12:00:00;10;18.0;16.30628000000001;1.6937199999999883
2026-05-18 13:00:00;10;15.4;18.290999999999993;-2.890999999999993
2026-05-18 14:00:00;10;15.0;15.7278;-0.7278000000000002
2026-05-18 15:00:00;10;16.5;14.943;1.5570000000000004
2026-05-18 16:00:00;10;16.2;16.41511999999999;-0.21511999999999176
2026-05-18 17:00:00;10;15.7;15.380000000000003;0.31999999999999673
2026-05-18 18:00:00;10;14.9;14.767000000000005;0.13299999999999557
2026-05-18 19:00:00;10;13.2;13.868;-0.668000000000001
2026-05-18 20:00:00;10;12.5;12.481999999999998;0.01800000000000246
2026-05-18 21:00:00;10;11.9;11.996999999999998;-0.09699999999999775
2026-05-18 22:00:00;10;10.7;11.39996;-0.6999600000000008
2026-05-18 23:00:00;10;9.4;10.025;-0.625
2026-05-19 00:00:00;10;9.8;8.516000000000002;1.283999999999999
2026-05-19 01:00:00;10;9.944;9.334000000000003;0.6099999999999977
2026-05-19 02:00:00;10;10.088;9.618600000000002;0.4693999999999967
2026-05-19 03:00:00;10;10.232;9.744200000000001;0.48779999999999824
2026-05-19 04:00:00;10;10.376;10.011440000000002;0.36455999999999733
2026-05-19 05:00:00;10;10.52;10.197119999999998;0.3228800000000014
2026-05-19 06:00:00;10;10.664;11.504000000000001;-0.8400000000000016
2026-05-19 07:00:00;10;10.808;11.267600000000002;-0.4596000000000018
2026-05-19 08:00:00;10;10.952;11.23984;-0.2878399999999992
2026-05-19 09:00:00;10;11.096;11.633799999999997;-0.5377999999999972
2026-05-19 10:00:00;10;11.24;11.619320000000005;-0.3793200000000052
2026-05-19 11:00:00;10;11.384;11.588799999999999;-0.20479999999999876
2026-05-19 12:00:00;10;11.528;11.642359999999996;-0.11435999999999602
2026-05-19 13:00:00;10;11.672;11.852599999999997;-0.18059999999999654
2026-05-19 14:00:00;10;11.816;11.88396;-0.06795999999999935
2026-05-19 15:00:00;10;11.96;12.22192;-0.26191999999999993
2026-05-19 16:00:00;10;12.104;11.889839999999992;0.2141600000000068
2026-05-19 17:00:00;10;12.248;11.444639999999998;0.8033600000000014
2026-05-19 18:00:00;10;12.392;11.844000000000003;0.5479999999999965
2026-05-19 19:00:00;10;12.536;11.921000000000006;0.6149999999999931
2026-05-19 20:00:00;10;12.68;12.030160000000008;0.6498399999999922
2026-05-19 21:00:00;10;12.824;12.273800000000003;0.5501999999999967
2026-05-19 22:00:00;10;12.968;12.426960000000003;0.5410399999999971
2026-05-19 23:00:00;10;13.112;12.418800000000003;0.6931999999999974
2026-05-20 00:00:00;10;13.256;12.449040000000002;0.8069599999999983
2026-05-20 01:00:00;10;13.4;12.513760000000005;0.8862399999999955
2026-05-20 02:00:00;10;13.2;12.608680000000003;0.5913199999999961
2026-05-20 03:00:00;10;12.4;12.703600000000002;-0.3036000000000012
2026-05-20 04:00:00;10;12.5;11.771999999999998;0.7280000000000015
2026-05-20 05:00:00;10;13.2;11.994160000000004;1.205839999999995
2026-05-20 06:00:00;10;14.7;13.842519999999993;0.857480000000006
2026-05-20 07:00:00;10;16.6;16.059959999999993;0.5400400000000083
2026-05-20 08:00:00;10;18.4;17.68800000000001;0.7119999999999891
2026-05-20 09:00:00;10;19.8;19.69599999999999;0.10400000000000986
2026-05-20 10:00:00;10;20.8;20.313999999999997;0.4860000000000042
2026-05-20 11:00:00;10;21.2;20.969999999999995;0.23000000000000398
2026-05-20 12:00:00;10;22.4;21.205999999999996;1.1940000000000026
2026-05-20 13:00:00;10;22.4;22.546999999999993;-0.1469999999999949
2026-05-20 14:00:00;10;22.6;22.145000000000003;0.4549999999999983
2026-05-20 15:00:00;10;22.6;22.100000000000005;0.49999999999999645
2026-05-20 16:00:00;10;22.2;22.024000000000004;0.17599999999999483
2026-05-20 17:00:00;10;21.2;21.177000000000003;0.022999999999996135
2026-05-20 18:00:00;10;20.8;19.576999999999998;1.2230000000000025
2026-05-20 19:00:00;10;18.7;19.04700000000001;-0.34700000000001197
2026-05-20 20:00:00;10;17.3;17.625999999999998;-0.32599999999999696
2026-05-20 21:00:00;10;16.4;16.319999999999997;0.08000000000000185
2026-05-20 22:00:00;10;15.6;15.472999999999999;0.12700000000000067
2026-05-20 23:00:00;10;14.8;14.79299999999999;0.007000000000010331
2026-05-21 00:00:00;10;13.8;14.249;-0.44899999999999984
2026-05-21 01:00:00;10;13.2;13.235999999999999;-0.03599999999999959
2026-05-21 02:00:00;10;12.8;12.860999999999995;-0.060999999999994614
2026-05-21 03:00:00;10;12.4;12.321560000000003;0.07843999999999696
2026-05-21 04:00:00;10;12.0;11.982160000000004;0.01783999999999608
2026-05-21 05:00:00;10;12.9;11.738;1.1620000000000008
2026-05-21 06:00:00;10;14.9;14.290199999999984;0.6098000000000159
2026-05-21 07:00:00;10;16.6;16.322959999999995;0.2770400000000066
2026-05-21 08:00:00;10;18.5;18.205000000000002;0.29499999999999815
2026-05-21 09:00:00;10;20.6;19.842999999999996;0.757000000000005
2026-05-21 10:00:00;10;22.5;22.053999999999995;0.44600000000000506
2026-05-21 11:00:00;10;24.0;23.10099999999999;0.8990000000000116
2026-05-21 12:00:00;10;25.8;24.489;1.311
2026-05-21 13:00:00;10;26.1;25.666000000000004;0.4339999999999975
2026-05-21 14:00:00;10;26.2;25.783999999999992;0.4160000000000075
2026-05-21 15:00:00;10;26.0;25.285;0.7149999999999999
2026-05-21 16:00:00;10;25.2;25.089999999999996;0.11000000000000298
2026-05-21 17:00:00;10;24.4;23.073999999999998;1.3260000000000005
2026-05-21 18:00:00;10;23.3;22.14399999999999;1.1560000000000095
2026-05-21 19:00:00;10;21.3;21.057;0.2430000000000021
2026-05-21 20:00:00;10;19.8;19.725;0.07499999999999929
2026-05-21 21:00:00;10;18.3;18.333000000000006;-0.0330000000000048
2026-05-21 22:00:00;10;17.1;17.01600000000001;0.08399999999999253
2026-05-21 23:00:00;10;16.0;16.349000000000007;-0.3490000000000073
2026-05-22 00:00:00;10;14.9;14.969999999999994;-0.06999999999999318
2026-05-22 01:00:00;10;13.8;14.386999999999999;-0.586999999999998
2026-05-22 02:00:00;10;12.6;13.248000000000005;-0.648000000000005
2026-05-22 03:00:00;10;11.9;12.094999999999995;-0.19499999999999496
2026-05-22 04:00:00;10;11.3;11.551999999999996;-0.25199999999999534
2026-05-22 05:00:00;10;12.2;10.942799999999995;1.2572000000000045
2026-05-22 06:00:00;10;15.2;13.420399999999999;1.7796000000000003
2026-05-22 07:00:00;10;18.2;17.44064;0.7593600000000009
2026-05-22 08:00:00;10;20.9;19.576999999999988;1.323000000000011
2026-05-22 09:00:00;10;23.2;22.456999999999997;0.7430000000000021
2026-05-22 10:00:00;10;25.0;24.193000000000012;0.806999999999988
2026-05-22 11:00:00;10;26.1;25.425999999999995;0.6740000000000066
2026-05-22 12:00:00;10;27.8;26.418000000000003;1.381999999999998
2026-05-22 13:00:00;10;28.1;26.952;1.1479999999999997
2026-05-22 14:00:00;10;28.3;27.26800000000002;1.0319999999999823
2026-05-22 15:00:00;10;28.2;27.436000000000014;0.7639999999999851
2026-05-22 16:00:00;10;27.7;27.27200000000002;0.4279999999999795
2026-05-22 17:00:00;10;26.7;26.475000000000023;0.22499999999997655
2026-05-22 18:00:00;10;25.1;24.75500000000001;0.34499999999999176
2026-05-22 19:00:00;10;22.7;22.636999999999986;0.06300000000001305
2026-05-22 20:00:00;10;21.3;20.752000000000006;0.5479999999999947
2026-05-22 21:00:00;10;19.8;19.809000000000008;-0.009000000000007446
2026-05-22 22:00:00;10;18.3;18.317;-0.01699999999999946
2026-05-22 23:00:00;10;17.3;17.004;0.2959999999999994
2026-05-23 00:00:00;10;15.9;16.45400000000001;-0.5540000000000109
2026-05-23 01:00:00;10;15.3;15.273999999999996;0.02600000000000513
2026-05-23 02:00:00;10;14.8;14.761000000000006;0.03899999999999437
2026-05-23 03:00:00;10;14.4;14.33900000000001;0.06099999999999106
2026-05-23 04:00:00;10;13.9;13.982999999999999;-0.08299999999999841
2026-05-23 05:00:00;10;14.8;13.815999999999995;0.9840000000000053
2026-05-23 06:00:00;10;17.0;15.67324;1.3267600000000002
2026-05-23 07:00:00;10;19.6;17.531000000000002;2.068999999999999
2026-05-23 08:00:00;10;22.1;21.479999999999997;0.6200000000000045
2026-05-23 09:00:00;10;24.1;23.16400000000001;0.9359999999999928
2026-05-23 10:00:00;10;25.8;24.901000000000003;0.8989999999999974
2026-05-23 11:00:00;10;27.2;25.824999999999996;1.3750000000000036
2026-05-23 12:00:00;10;28.7;26.483000000000008;2.2169999999999916
2026-05-23 13:00:00;10;28.9;27.497000000000018;1.402999999999981
2026-05-23 14:00:00;10;28.7;27.432000000000006;1.2679999999999936
2026-05-23 15:00:00;10;28.3;27.20800000000002;1.091999999999981
2026-05-23 16:00:00;10;27.9;27.13300000000002;0.7669999999999781
2026-05-23 17:00:00;10;27.1;26.55400000000001;0.5459999999999923
2026-05-23 18:00:00;10;26.0;25.96900000000001;0.0309999999999917
2026-05-23 19:00:00;10;23.6;23.916999999999994;-0.31699999999999307
2026-05-23 20:00:00;10;22.3;20.773999999999997;1.5260000000000034
2026-05-23 21:00:00;10;21.4;20.133999999999983;1.266000000000016
2026-05-23 22:00:00;10;20.5;19.706000000000007;0.7939999999999934
2026-05-23 23:00:00;10;19.5;18.628;0.8719999999999999
2026-05-24 00:00:00;10;17.7;18.219;-0.5190000000000019
2026-05-24 01:00:00;10;17.2;16.474000000000004;0.7259999999999955
2026-05-24 02:00:00;10;16.6;16.38600000000001;0.21399999999999153
2026-05-24 03:00:00;10;16.2;15.909920000000005;0.29007999999999434
2026-05-24 04:00:00;10;15.8;15.517000000000001;0.2829999999999995
2026-05-24 05:00:00;10;16.9;15.661680000000008;1.238319999999991
2026-05-24 06:00:00;10;18.7;16.93484000000001;1.765159999999991
2026-05-24 07:00:00;10;21.4;19.097999999999992;2.3020000000000067
2026-05-24 08:00:00;10;24.1;21.800000000000004;2.299999999999997
2026-05-24 09:00:00;10;26.3;23.791999999999998;2.5080000000000027
2026-05-24 10:00:00;10;27.8;26.221999999999998;1.578000000000003
2026-05-24 11:00:00;10;28.6;26.852000000000007;1.747999999999994
2026-05-24 12:00:00;10;30.3;27.46900000000001;2.8309999999999924
2026-05-24 13:00:00;10;29.9;27.278000000000006;2.621999999999993
2026-05-24 14:00:00;10;29.6;27.21800000000001;2.381999999999991
2026-05-24 15:00:00;10;28.8;27.15800000000002;1.6419999999999817
2026-05-24 16:00:00;10;28.7;27.125000000000018;1.5749999999999815
2026-05-24 17:00:00;10;28.0;26.94300000000002;1.0569999999999808
2026-05-24 18:00:00;10;25.7;26.470000000000013;-0.7700000000000138
2026-05-24 19:00:00;10;23.7;23.465999999999998;0.23400000000000176
2026-05-24 20:00:00;10;22.1;20.307999999999986;1.7920000000000158
2026-05-24 21:00:00;10;20.9;20.12999999999999;0.7700000000000102
2026-05-24 22:00:00;10;19.9;19.370000000000008;0.5299999999999905
2026-05-24 23:00:00;10;19.3;18.490000000000002;0.8099999999999987
2026-05-25 00:00:00;10;18.5;18.111000000000004;0.3889999999999958
2026-05-25 01:00:00;10;17.6;16.656000000000017;0.9439999999999849
2026-05-25 02:00:00;10;17.0;16.40700000000001;0.5929999999999893
2026-05-25 03:00:00;10;16.7;16.372560000000007;0.3274399999999922
2026-05-25 04:00:00;10;16.6;16.07456000000001;0.5254399999999926
2026-05-25 05:00:00;10;17.7;16.330360000000013;1.3696399999999862
2026-05-25 06:00:00;10;19.7;17.679999999999996;2.020000000000003
2026-05-25 07:00:00;10;22.1;19.372000000000003;2.727999999999998
2026-05-25 08:00:00;10;24.4;20.719000000000005;3.680999999999994
2026-05-25 09:00:00;10;26.6;23.934000000000005;2.665999999999997
2026-05-25 10:00:00;10;28.6;26.279999999999994;2.3200000000000074
2026-05-25 11:00:00;10;29.9;27.40200000000001;2.497999999999987
2026-05-25 12:00:00;10;31.5;27.55500000000001;3.9449999999999896
2026-05-25 13:00:00;10;31.4;27.440000000000012;3.9599999999999866
2026-05-25 14:00:00;10;31.3;27.273000000000014;4.026999999999987
2026-05-25 15:00:00;10;31.0;27.31200000000003;3.6879999999999704
2026-05-25 16:00:00;10;30.5;27.273000000000025;3.2269999999999754
2026-05-25 17:00:00;10;29.9;26.918000000000024;2.9819999999999744
2026-05-25 18:00:00;10;28.9;26.889000000000024;2.0109999999999744
2026-05-25 19:00:00;10;27.2;26.901000000000025;0.2989999999999746
2026-05-25 20:00:00;10;25.5;25.94800000000001;-0.44800000000001106
2026-05-25 21:00:00;10;23.9;23.29;0.6099999999999994
2026-05-25 22:00:00;10;22.2;21.608;0.5919999999999987
2026-05-25 23:00:00;10;20.8;20.11799999999999;0.6820000000000093
2026-05-26 00:00:00;10;18.8;18.883000000000006;-0.08300000000000551
2026-05-26 01:00:00;10;18.3;17.480999999999998;0.8190000000000026
2026-05-26 02:00:00;10;17.8;17.315999999999995;0.4840000000000053
2026-05-26 03:00:00;10;17.4;17.141999999999992;0.2580000000000062
2026-05-26 04:00:00;10;17.1;16.622000000000007;0.47799999999999443
2026-05-26 05:00:00;10;18.2;17.11;1.0899999999999999
2026-05-26 06:00:00;10;19.9;18.077999999999992;1.8220000000000063
2026-05-26 07:00:00;10;22.5;19.370999999999995;3.129000000000005
2026-05-26 08:00:00;10;25.0;21.962000000000003;3.0379999999999967
2026-05-26 09:00:00;10;27.0;24.765;2.2349999999999994
2026-05-26 10:00:00;10;28.6;26.419;2.181000000000001
2026-05-26 11:00:00;10;29.9;27.390000000000015;2.509999999999984
2026-05-26 12:00:00;10;31.6;27.50500000000001;4.094999999999992
2026-05-26 13:00:00;10;31.8;27.363000000000014;4.436999999999987
2026-05-26 14:00:00;10;30.9;27.23400000000002;3.665999999999979
2026-05-26 15:00:00;10;30.8;27.130000000000024;3.669999999999977
2026-05-26 16:00:00;10;30.8;27.140000000000022;3.659999999999979
2026-05-26 17:00:00;10;30.0;26.915000000000024;3.084999999999976
2026-05-26 18:00:00;10;28.8;26.881000000000025;1.9189999999999756
2026-05-26 19:00:00;10;27.6;26.83100000000002;0.7689999999999806
2026-05-26 20:00:00;10;25.6;26.171000000000014;-0.5710000000000122
2026-05-26 21:00:00;10;23.5;23.634999999999987;-0.13499999999998735
2026-05-26 22:00:00;10;22.0;20.12699999999999;1.8730000000000118
2026-05-26 23:00:00;10;21.0;19.947999999999993;1.0520000000000067
2026-05-27 00:00:00;10;19.5;19.423;0.07700000000000173
2026-05-27 01:00:00;10;19.1;18.160999999999994;0.9390000000000072
2026-05-27 02:00:00;10;18.9;17.514000000000014;1.385999999999985
2026-05-27 03:00:00;10;18.7;17.544000000000004;1.1559999999999953
2026-05-27 04:00:00;10;18.4;17.729;0.6709999999999994
2026-05-27 05:00:00;10;19.2;18.091;1.1089999999999982
2026-05-27 06:00:00;10;21.3;18.21700000000001;3.0829999999999913
2026-05-27 07:00:00;10;23.7;20.3;3.3999999999999986
2026-05-27 08:00:00;10;26.0;21.753000000000007;4.246999999999993
2026-05-27 09:00:00;10;28.2;25.868999999999993;2.3310000000000066
2026-05-27 10:00:00;10;29.9;27.293000000000017;2.6069999999999816
2026-05-27 11:00:00;10;31.2;27.320000000000007;3.879999999999992
2026-05-27 12:00:00;10;32.4;27.32900000000001;5.070999999999987
2026-05-27 13:00:00;10;31.7;27.231000000000016;4.468999999999983
2026-05-27 14:00:00;10;31.5;27.197000000000013;4.302999999999987
2026-05-27 15:00:00;10;31.3;27.084000000000014;4.215999999999987
2026-05-27 16:00:00;10;30.7;27.005000000000013;3.694999999999986
2026-05-27 17:00:00;10;30.1;26.783000000000015;3.316999999999986
2026-05-27 18:00:00;10;29.1;26.84400000000002;2.2559999999999825
2026-05-27 19:00:00;10;27.4;26.86100000000002;0.5389999999999802
2026-05-27 20:00:00;10;25.5;26.016000000000012;-0.5160000000000124
2026-05-27 21:00:00;10;24.3;23.444000000000003;0.8559999999999981
2026-05-27 22:00:00;10;23.0;22.164;0.8359999999999985
2026-05-27 23:00:00;10;21.9;21.171000000000003;0.7289999999999957
2026-05-28 00:00:00;10;20.6;20.449;0.1509999999999998
2026-05-28 01:00:00;10;19.4;19.267999999999997;0.13200000000000145
2026-05-28 02:00:00;10;18.6;18.231000000000005;0.3689999999999962
2026-05-28 03:00:00;10;18.0;17.654999999999994;0.34500000000000597
2026-05-28 04:00:00;10;17.6;17.953999999999986;-0.353999999999985
2026-05-28 05:00:00;10;18.7;17.207;1.4929999999999986
2026-05-28 06:00:00;10;20.7;18.350999999999996;2.3490000000000038
2026-05-28 07:00:00;10;23.5;21.489000000000004;2.0109999999999957
2026-05-28 08:00:00;10;25.7;23.466000000000005;2.2339999999999947
2026-05-28 09:00:00;10;27.3;25.537999999999997;1.762000000000004
2026-05-28 10:00:00;10;28.8;26.42;2.379999999999999
2026-05-28 11:00:00;10;29.8;27.341000000000008;2.4589999999999925
2026-05-28 12:00:00;10;31.2;27.233000000000008;3.9669999999999916
2026-05-28 13:00:00;10;31.2;27.195000000000014;4.004999999999985
2026-05-28 14:00:00;10;31.4;27.489000000000004;3.9109999999999943
2026-05-28 15:00:00;10;31.3;27.491000000000014;3.808999999999987
2026-05-28 16:00:00;10;30.9;27.527000000000015;3.3729999999999833
2026-05-28 17:00:00;10;30.1;27.700000000000017;2.3999999999999844
2026-05-28 18:00:00;10;29.8;27.577000000000012;2.2229999999999883
2026-05-28 19:00:00;10;27.9;27.07700000000002;0.8229999999999791
2026-05-28 20:00:00;10;26.0;26.36000000000001;-0.3600000000000101
2026-05-28 21:00:00;10;24.3;24.008999999999993;0.2910000000000075
2026-05-28 22:00:00;10;22.8;21.928;0.8719999999999999
2026-05-28 23:00:00;10;21.7;20.769000000000005;0.9309999999999938
2026-05-29 00:00:00;10;20.9;20.38200000000001;0.51799999999999
2026-05-29 01:00:00;10;20.1;19.735;0.365000000000002
2026-05-29 02:00:00;10;19.3;18.747000000000003;0.5529999999999973
2026-05-29 03:00:00;10;18.5;18.241;0.25900000000000034
2026-05-29 04:00:00;10;17.7;18.040999999999993;-0.340999999999994
2026-05-29 05:00:00;10;18.6;17.365999999999996;1.2340000000000053
2026-05-29 06:00:00;10;20.1;18.55699999999999;1.54300000000001
2026-05-29 07:00:00;10;22.4;20.316000000000003;2.083999999999996
2026-05-29 08:00:00;10;24.7;22.597;2.102999999999998
2026-05-29 09:00:00;10;26.7;24.960000000000004;1.7399999999999949
2026-05-29 10:00:00;10;28.6;26.29499999999999;2.3050000000000104
2026-05-29 11:00:00;10;30.1;27.535000000000018;2.5649999999999835
2026-05-29 12:00:00;10;31.7;28.13400000000001;3.5659999999999883
2026-05-29 13:00:00;10;30.6;27.285000000000014;3.314999999999987
2026-05-29 14:00:00;10;30.6;27.30900000000002;3.2909999999999826
2026-05-29 15:00:00;10;30.3;27.304000000000023;2.9959999999999773
2026-05-29 16:00:00;10;30.2;27.277000000000022;2.922999999999977
2026-05-29 17:00:00;10;29.4;27.040000000000024;2.3599999999999746
2026-05-29 18:00:00;10;28.8;27.009000000000025;1.7909999999999755
2026-05-29 19:00:00;10;26.9;26.87600000000002;0.023999999999979593
2026-05-29 20:00:00;10;25.0;25.073;-0.0730000000000004
2026-05-29 21:00:00;10;23.0;22.63999999999999;0.3600000000000101
2026-05-29 22:00:00;10;21.5;19.509999999999987;1.9900000000000126
2026-05-29 23:00:00;10;20.6;19.653000000000002;0.9469999999999992
2026-05-30 00:00:00;10;18.5;18.791000000000004;-0.2910000000000039
2026-05-30 01:00:00;10;18.1;16.62400000000001;1.475999999999992
2026-05-30 02:00:00;10;17.9;17.036000000000005;0.8639999999999937
2026-05-30 03:00:00;10;17.6;17.110999999999997;0.4890000000000043
2026-05-30 04:00:00;10;17.2;16.653000000000006;0.5469999999999935
2026-05-30 05:00:00;10;18.1;17.179000000000006;0.9209999999999958
2026-05-30 06:00:00;10;19.7;18.080999999999996;1.6190000000000033
2026-05-30 07:00:00;10;22.3;19.308999999999997;2.991000000000003
2026-05-30 08:00:00;10;24.6;21.901000000000007;2.6989999999999945
2026-05-30 09:00:00;10;26.2;23.968000000000007;2.231999999999992
2026-05-30 10:00:00;10;27.8;26.000999999999994;1.7990000000000066
2026-05-30 11:00:00;10;28.8;26.763000000000005;2.0369999999999955
2026-05-30 12:00:00;10;29.9;27.530000000000015;2.3699999999999832
2026-05-30 13:00:00;10;30.5;27.46900000000001;3.0309999999999917
2026-05-30 14:00:00;10;30.5;27.29900000000002;3.200999999999979
2026-05-30 15:00:00;10;30.5;27.279000000000025;3.220999999999975
2026-05-30 16:00:00;10;30.2;27.255000000000024;2.9449999999999754
2026-05-30 17:00:00;10;29.8;26.97800000000002;2.8219999999999814
2026-05-30 18:00:00;10;29.2;26.856000000000016;2.3439999999999834
2026-05-30 19:00:00;10;27.4;26.866000000000017;0.5339999999999812
2026-05-30 20:00:00;10;25.5;26.040000000000013;-0.5400000000000134
2026-05-30 21:00:00;10;23.6;23.241;0.35900000000000176
2026-05-30 22:00:00;10;21.8;20.887999999999998;0.9120000000000026
2026-05-30 23:00:00;10;20.5;19.723999999999997;0.7760000000000034
2026-05-13 00:00:00;11;8.8;9.297999999999998;-0.49799999999999756
2026-05-13 01:00:00;11;8.4;8.301000000000002;0.09899999999999842
2026-05-13 02:00:00;11;8.3;8.133399999999996;0.1666000000000043
2026-05-13 03:00:00;11;8.4;8.223799999999997;0.17620000000000324
2026-05-13 04:00:00;11;8.6;8.274919999999998;0.3250800000000016
2026-05-13 05:00:00;11;8.7;8.43288;0.26711999999999847
2026-05-13 06:00:00;11;9.4;9.535320000000004;-0.13532000000000366
2026-05-13 07:00:00;11;10.5;10.445;0.054999999999999716
2026-05-13 08:00:00;11;11.6;11.59;0.009999999999999787
2026-05-13 09:00:00;11;12.7;12.761000000000008;-0.061000000000008825
2026-05-13 10:00:00;11;13.3;13.719000000000003;-0.41900000000000226
2026-05-13 11:00:00;11;13.6;13.63764;-0.037639999999999674
2026-05-13 12:00:00;11;13.6;13.578000000000001;0.021999999999998465
2026-05-13 13:00:00;11;12.9;13.468759999999998;-0.5687599999999975
2026-05-13 14:00:00;11;12.6;13.244360000000004;-0.6443600000000043
2026-05-13 15:00:00;11;12.1;12.5036;-0.40360000000000085
2026-05-13 16:00:00;11;12.9;11.903000000000002;0.9969999999999981
2026-05-13 17:00:00;11;12.8;12.451999999999998;0.34800000000000253
2026-05-13 18:00:00;11;11.9;12.307999999999995;-0.40799999999999415
2026-05-13 19:00:00;11;10.9;11.205999999999996;-0.3059999999999956
2026-05-13 20:00:00;11;9.8;10.158999999999999;-0.3589999999999982
2026-05-13 21:00:00;11;9.1;9.221;-0.12100000000000044
2026-05-13 22:00:00;11;8.8;8.575000000000001;0.22499999999999964
2026-05-13 23:00:00;11;8.2;8.583279999999998;-0.3832799999999992
2026-05-14 00:00:00;11;7.8;7.97068;-0.17067999999999994
2026-05-14 01:00:00;11;7.5;7.389999999999995;0.11000000000000476
2026-05-14 02:00:00;11;7.2;7.2419600000000015;-0.04196000000000133
2026-05-14 03:00:00;11;7.5;7.043160000000001;0.4568399999999988
2026-05-14 04:00:00;11;7.6;7.31136;0.28864
2026-05-14 05:00:00;11;7.6;7.455;0.14499999999999957
2026-05-14 06:00:00;11;8.4;8.10636;0.2936399999999999
2026-05-14 07:00:00;11;9.4;9.54;-0.1399999999999988
2026-05-14 08:00:00;11;9.1;10.498999999999997;-1.3989999999999974
2026-05-14 09:00:00;11;9.8;9.41356;0.38644000000000034
2026-05-14 10:00:00;11;10.6;10.5844;0.01559999999999917
2026-05-14 11:00:00;11;11.6;11.260880000000002;0.33911999999999765
2026-05-14 12:00:00;11;12.2;12.206999999999999;-0.006999999999999673
2026-05-14 13:00:00;11;12.8;12.78032;0.01968000000000103
2026-05-14 14:00:00;11;13.0;13.112;-0.1120000000000001
2026-05-14 15:00:00;11;12.3;13.109399999999999;-0.8093999999999983
2026-05-14 16:00:00;11;11.1;12.005759999999999;-0.905759999999999
2026-05-14 17:00:00;11;10.9;10.668;0.2320000000000011
2026-05-14 18:00:00;11;9.1;10.354999999999997;-1.2549999999999972
2026-05-14 19:00:00;11;9.1;8.152999999999997;0.9470000000000027
2026-05-14 20:00:00;11;8.4;8.736359999999998;-0.33635999999999733
2026-05-14 21:00:00;11;7.6;8.095599999999997;-0.4955999999999978
2026-05-14 22:00:00;11;7.1;6.981999999999996;0.11800000000000388
2026-05-14 23:00:00;11;6.8;6.502000000000001;0.29799999999999915
2026-05-15 00:00:00;11;7.0;6.653919999999999;0.3460800000000006
2026-05-15 01:00:00;11;6.6;6.891280000000002;-0.2912800000000022
2026-05-15 02:00:00;11;6.1;6.267360000000002;-0.16736000000000217
2026-05-15 03:00:00;11;5.8;5.84632;-0.04632000000000058
2026-05-15 04:00:00;11;5.4;5.585120000000002;-0.18512000000000128
2026-05-15 05:00:00;11;5.3;5.107399999999999;0.19260000000000055
2026-05-15 06:00:00;11;6.9;6.871999999999998;0.028000000000002245
2026-05-15 07:00:00;11;9.0;9.000000000000002;-1.7763568394002505e-15
2026-05-15 08:00:00;11;10.8;11.098000000000004;-0.2980000000000036
2026-05-15 09:00:00;11;11.7;12.307999999999995;-0.6079999999999952
2026-05-15 10:00:00;11;12.8;12.485000000000005;0.31499999999999595
2026-05-15 11:00:00;11;13.1;13.321000000000003;-0.22100000000000364
2026-05-15 12:00:00;11;13.6;13.40488;0.1951199999999993
2026-05-15 13:00:00;11;13.6;13.858999999999995;-0.258999999999995
2026-05-15 14:00:00;11;13.9;13.7408;0.15920000000000023
2026-05-15 15:00:00;11;13.8;13.638800000000002;0.16119999999999912
2026-05-15 16:00:00;11;13.1;13.463;-0.36299999999999955
2026-05-15 17:00:00;11;12.6;12.174999999999995;0.42500000000000426
2026-05-15 18:00:00;11;11.9;11.651;0.24900000000000055
2026-05-15 19:00:00;11;10.6;10.793999999999999;-0.19399999999999906
2026-05-15 20:00:00;11;9.4;9.753;-0.35299999999999976
2026-05-15 21:00:00;11;9.1;8.650000000000002;0.4499999999999975
2026-05-15 22:00:00;11;8.4;8.659999999999998;-0.259999999999998
2026-05-15 23:00:00;11;7.9;7.9726399999999975;-0.07263999999999715
2026-05-16 00:00:00;11;7.2;7.422000000000002;-0.2220000000000022
2026-05-16 01:00:00;11;6.6;6.655000000000001;-0.05500000000000149
2026-05-16 02:00:00;11;6.1;6.191000000000002;-0.09100000000000197
2026-05-16 03:00:00;11;5.8;5.633639999999998;0.16636000000000184
2026-05-16 04:00:00;11;5.6;5.516959999999999;0.08304000000000045
2026-05-16 05:00:00;11;5.7;5.313159999999998;0.38684000000000207
2026-05-16 06:00:00;11;6.9;7.351999999999997;-0.4519999999999964
2026-05-16 07:00:00;11;9.1;8.918;0.18200000000000038
2026-05-16 08:00:00;11;11.1;11.303000000000004;-0.20300000000000473
2026-05-16 09:00:00;11;12.2;13.073;-0.8730000000000011
2026-05-16 10:00:00;11;13.1;13.429000000000006;-0.32900000000000595
2026-05-16 11:00:00;11;14.1;13.417000000000005;0.6829999999999945
2026-05-16 12:00:00;11;13.7;14.9;-1.200000000000001
2026-05-16 13:00:00;11;14.8;13.839999999999993;0.960000000000008
2026-05-16 14:00:00;11;14.6;15.036999999999999;-0.4369999999999994
2026-05-16 15:00:00;11;14.0;14.465999999999994;-0.465999999999994
2026-05-16 16:00:00;11;13.1;13.597239999999994;-0.49723999999999435
2026-05-16 17:00:00;11;12.9;12.015000000000004;0.8849999999999962
2026-05-16 18:00:00;11;12.8;12.271000000000004;0.5289999999999964
2026-05-16 19:00:00;11;12.1;12.238999999999994;-0.13899999999999402
2026-05-16 20:00:00;11;11.6;11.557;0.04299999999999926
2026-05-16 21:00:00;11;11.4;11.117999999999995;0.28200000000000536
2026-05-16 22:00:00;11;11.1;11.023800000000001;0.07619999999999827
2026-05-16 23:00:00;11;10.2;10.827240000000003;-0.627240000000004
2026-05-17 00:00:00;11;10.0;10.083000000000006;-0.08300000000000551
2026-05-17 01:00:00;11;9.4;9.636799999999996;-0.23679999999999524
2026-05-17 02:00:00;11;9.2;8.880320000000003;0.3196799999999964
2026-05-17 03:00:00;11;9.2;8.981000000000003;0.21899999999999586
2026-05-17 04:00:00;11;9.6;8.981080000000004;0.6189199999999957
2026-05-17 05:00:00;11;9.8;9.317999999999998;0.48200000000000287
2026-05-17 06:00:00;11;10.6;10.276640000000002;0.3233599999999974
2026-05-17 07:00:00;11;11.3;11.536079999999995;-0.23607999999999407
2026-05-17 08:00:00;11;11.8;11.84528;-0.04527999999999999
2026-05-17 09:00:00;11;12.4;12.488000000000001;-0.08800000000000097
2026-05-17 10:00:00;11;13.2;13.018679999999994;0.1813200000000048
2026-05-17 11:00:00;11;13.9;13.732999999999997;0.16700000000000337
2026-05-17 12:00:00;11;14.5;14.559000000000001;-0.05900000000000105
2026-05-17 13:00:00;11;14.6;15.038999999999998;-0.4389999999999983
2026-05-17 14:00:00;11;14.4;14.790000000000003;-0.39000000000000234
2026-05-17 15:00:00;11;14.3;13.990000000000007;0.3099999999999934
2026-05-17 16:00:00;11;13.6;13.886479999999997;-0.2864799999999974
2026-05-17 17:00:00;11;13.1;12.738999999999999;0.36100000000000065
2026-05-17 18:00:00;11;12.8;12.201999999999996;0.5980000000000043
2026-05-17 19:00:00;11;12.1;12.24572;-0.14572000000000074
2026-05-17 20:00:00;11;11.1;11.5506;-0.45059999999999967
2026-05-17 21:00:00;11;10.6;10.571999999999997;0.028000000000002245
2026-05-17 22:00:00;11;10.3;10.048;0.25200000000000067
2026-05-17 23:00:00;11;10.2;10.017680000000004;0.18231999999999537
2026-05-18 00:00:00;11;9.4;10.149959999999998;-0.749959999999998
2026-05-18 01:00:00;11;9.1;8.927;0.17300000000000004
2026-05-18 02:00:00;11;9.1;8.840640000000002;0.25935999999999737
2026-05-18 03:00:00;11;8.6;8.931759999999999;-0.33175999999999917
2026-05-18 04:00:00;11;8.0;8.39128;-0.39128000000000007
2026-05-18 05:00:00;11;8.2;7.562880000000002;0.6371199999999977
2026-05-18 06:00:00;11;9.2;9.179000000000004;0.020999999999995467
2026-05-18 07:00:00;11;10.1;10.928600000000001;-0.8286000000000016
2026-05-18 08:00:00;11;11.2;11.214879999999999;-0.014879999999999782
2026-05-18 09:00:00;11;11.8;12.277000000000005;-0.47700000000000387
2026-05-18 10:00:00;11;12.2;12.441560000000004;-0.2415600000000051
2026-05-18 11:00:00;11;12.6;12.871959999999994;-0.27195999999999465
2026-05-18 12:00:00;11;13.5;13.281800000000002;0.21819999999999773
2026-05-18 13:00:00;11;13.6;13.602799999999993;-0.0027999999999934744
2026-05-18 14:00:00;11;13.4;13.833479999999994;-0.4334799999999941
2026-05-18 15:00:00;11;13.5;13.029720000000003;0.47027999999999714
2026-05-18 16:00:00;11;13.9;13.269960000000008;0.6300399999999922
2026-05-18 17:00:00;11;13.9;13.277999999999997;0.6220000000000034
2026-05-18 18:00:00;11;14.0;13.193999999999994;0.8060000000000063
2026-05-18 19:00:00;11;13.1;13.544159999999994;-0.4441599999999948
2026-05-18 20:00:00;11;12.5;12.241640000000004;0.25835999999999615
2026-05-18 21:00:00;11;12.2;11.768999999999998;0.43100000000000094
2026-05-18 22:00:00;11;11.6;11.972560000000001;-0.3725600000000018
2026-05-18 23:00:00;11;11.4;11.119439999999996;0.2805600000000048
2026-05-19 00:00:00;11;11.5;11.256079999999997;0.2439200000000028
2026-05-19 01:00:00;11;11.552;11.345080000000001;0.20691999999999844
2026-05-19 02:00:00;11;11.604;11.443600000000002;0.16039999999999743
2026-05-19 03:00:00;11;11.656;11.489519999999995;0.1664800000000053
2026-05-19 04:00:00;11;11.708;11.527919999999995;0.18008000000000557
2026-05-19 05:00:00;11;11.76;11.607919999999993;0.15208000000000688
2026-05-19 06:00:00;11;11.812;11.906199999999995;-0.0941999999999954
2026-05-19 07:00:00;11;11.864;11.98084;-0.11683999999999983
2026-05-19 08:00:00;11;11.916;12.157839999999997;-0.24183999999999628
2026-05-19 09:00:00;11;11.968;12.277679999999993;-0.30967999999999307
2026-05-19 10:00:00;11;12.02;12.26784;-0.24784000000000006
2026-05-19 11:00:00;11;12.072;12.23499999999999;-0.16299999999999137
2026-05-19 12:00:00;11;12.124;12.115039999999997;0.008960000000003632
2026-05-19 13:00:00;11;12.176;12.35252;-0.17652
2026-05-19 14:00:00;11;12.228;12.395079999999993;-0.16707999999999323
2026-05-19 15:00:00;11;12.28;12.083399999999994;0.19660000000000544
2026-05-19 16:00:00;11;12.332;12.208800000000004;0.12319999999999709
2026-05-19 17:00:00;11;12.384;12.16096000000001;0.22303999999999036
2026-05-19 18:00:00;11;12.436;12.018480000000002;0.4175199999999979
2026-05-19 19:00:00;11;12.488;12.056720000000006;0.4312799999999939
2026-05-19 20:00:00;11;12.54;12.112000000000005;0.4279999999999937
2026-05-19 21:00:00;11;12.592;12.164600000000005;0.4273999999999951
2026-05-19 22:00:00;11;12.644;12.225760000000001;0.41823999999999906
2026-05-19 23:00:00;11;12.696000000000002;12.341239999999997;0.3547600000000042
2026-05-20 00:00:00;11;12.748;12.44088;0.3071199999999994
2026-05-20 01:00:00;11;12.8;12.578360000000002;0.22163999999999895
2026-05-20 02:00:00;11;12.9;12.598200000000004;0.3017999999999965
2026-05-20 03:00:00;11;13.3;12.693319999999996;0.6066800000000043
2026-05-20 04:00:00;11;13.5;13.059919999999991;0.4400800000000089
2026-05-20 05:00:00;11;13.7;13.270080000000002;0.4299199999999974
2026-05-20 06:00:00;11;14.3;13.842080000000008;0.45791999999999256
2026-05-20 07:00:00;11;15.1;14.98364000000001;0.11635999999998958
2026-05-20 08:00:00;11;15.9;16.0826;-0.18259999999999899
2026-05-20 09:00:00;11;16.5;16.536000000000005;-0.03600000000000492
2026-05-20 10:00:00;11;16.9;16.99616000000001;-0.09616000000001179
2026-05-20 11:00:00;11;17.1;17.352880000000013;-0.25288000000001176
2026-05-20 12:00:00;11;17.6;17.34200000000001;0.257999999999992
2026-05-20 13:00:00;11;17.9;17.481000000000005;0.4189999999999934
2026-05-20 14:00:00;11;18.0;17.79800000000001;0.20199999999999108
2026-05-20 15:00:00;11;18.0;17.87;0.129999999999999
2026-05-20 16:00:00;11;18.1;17.75700000000001;0.34299999999999287
2026-05-20 17:00:00;11;17.8;17.331000000000007;0.4689999999999941
2026-05-20 18:00:00;11;17.5;17.165000000000006;0.33499999999999375
2026-05-20 19:00:00;11;16.1;16.483000000000008;-0.3830000000000062
2026-05-20 20:00:00;11;14.7;15.286440000000002;-0.5864400000000032
2026-05-20 21:00:00;11;13.7;13.918999999999999;-0.21899999999999942
2026-05-20 22:00:00;11;12.8;13.031;-0.23099999999999987
2026-05-20 23:00:00;11;12.0;12.394999999999996;-0.394999999999996
2026-05-21 00:00:00;11;11.1;11.482999999999997;-0.38299999999999734
2026-05-21 01:00:00;11;10.4;10.868000000000002;-0.46800000000000175
2026-05-21 02:00:00;11;9.9;10.125000000000002;-0.22500000000000142
2026-05-21 03:00:00;11;9.6;9.522;0.0779999999999994
2026-05-21 04:00:00;11;9.2;9.462200000000001;-0.26220000000000176
2026-05-21 05:00:00;11;9.4;9.089000000000002;0.31099999999999817
2026-05-21 06:00:00;11;11.8;10.942440000000001;0.8575599999999994
2026-05-21 07:00:00;11;14.5;13.929000000000006;0.5709999999999944
2026-05-21 08:00:00;11;17.1;16.619999999999997;0.480000000000004
2026-05-21 09:00:00;11;19.0;18.332000000000004;0.6679999999999957
2026-05-21 10:00:00;11;20.1;20.194000000000006;-0.09400000000000475
2026-05-21 11:00:00;11;21.0;20.813000000000002;0.1869999999999976
2026-05-21 12:00:00;11;22.4;21.02300000000001;1.3769999999999882
2026-05-21 13:00:00;11;22.9;21.919999999999995;0.980000000000004
2026-05-21 14:00:00;11;23.3;22.182000000000013;1.117999999999988
2026-05-21 15:00:00;11;23.5;22.127000000000013;1.372999999999987
2026-05-21 16:00:00;11;23.5;22.066999999999997;1.4330000000000034
2026-05-21 17:00:00;11;23.2;21.778000000000006;1.4219999999999935
2026-05-21 18:00:00;11;23.1;21.105;1.995000000000001
2026-05-21 19:00:00;11;21.5;20.728;0.7719999999999985
2026-05-21 20:00:00;11;19.6;19.698;-0.09799999999999898
2026-05-21 21:00:00;11;18.8;18.062999999999995;0.7370000000000054
2026-05-21 22:00:00;11;18.1;17.495;0.6050000000000004
2026-05-21 23:00:00;11;17.5;17.185999999999993;0.31400000000000716
2026-05-22 00:00:00;11;16.8;15.944999999999993;0.8550000000000075
2026-05-22 01:00:00;11;16.2;16.019999999999992;0.18000000000000682
2026-05-22 02:00:00;11;15.8;15.256999999999996;0.5430000000000046
2026-05-22 03:00:00;11;15.4;15.16;0.2400000000000002
2026-05-22 04:00:00;11;14.9;14.791000000000004;0.10899999999999643
2026-05-22 05:00:00;11;14.7;14.743159999999987;-0.043159999999987875
2026-05-22 06:00:00;11;16.4;15.16728;1.2327199999999987
2026-05-22 07:00:00;11;18.1;18.274079999999998;-0.17407999999999646
2026-05-22 08:00:00;11;20.2;18.93599999999999;1.26400000000001
2026-05-22 09:00:00;11;22.5;20.116;2.3840000000000003
2026-05-22 10:00:00;11;24.5;20.212999999999994;4.287000000000006
2026-05-22 11:00:00;11;25.9;24.285;1.6149999999999984
2026-05-22 12:00:00;11;27.4;25.867000000000008;1.5329999999999906
2026-05-22 13:00:00;11;27.9;26.632000000000012;1.2679999999999865
2026-05-22 14:00:00;11;28.1;26.939000000000007;1.1609999999999943
2026-05-22 15:00:00;11;28.2;27.10900000000002;1.0909999999999798
2026-05-22 16:00:00;11;28.1;27.281000000000013;0.8189999999999884
2026-05-22 17:00:00;11;27.7;26.872000000000018;0.8279999999999816
2026-05-22 18:00:00;11;26.9;26.296000000000014;0.603999999999985
2026-05-22 19:00:00;11;25.0;25.078000000000003;-0.07800000000000296
2026-05-22 20:00:00;11;23.3;22.73599999999998;0.5640000000000214
2026-05-22 21:00:00;11;22.5;20.74;1.7600000000000016
2026-05-22 22:00:00;11;21.6;19.977999999999994;1.622000000000007
2026-05-22 23:00:00;11;20.4;19.889000000000006;0.5109999999999921
2026-05-23 00:00:00;11;19.8;18.60100000000001;1.198999999999991
2026-05-23 01:00:00;11;19.2;18.363000000000003;0.8369999999999962
2026-05-23 02:00:00;11;18.6;17.999000000000006;0.6009999999999955
2026-05-23 03:00:00;11;17.6;17.547;0.053000000000000824
2026-05-23 04:00:00;11;17.1;16.47300000000001;0.6269999999999918
2026-05-23 05:00:00;11;16.9;16.881000000000004;0.0189999999999948
2026-05-23 06:00:00;11;18.5;16.634320000000006;1.865679999999994
2026-05-23 07:00:00;11;20.3;18.533;1.7669999999999995
2026-05-23 08:00:00;11;21.6;21.423999999999992;0.17600000000000904
2026-05-23 09:00:00;11;23.1;19.283999999999995;3.816000000000006
2026-05-23 10:00:00;11;24.9;20.545;4.354999999999997
2026-05-23 11:00:00;11;26.4;23.757999999999996;2.642000000000003
2026-05-23 12:00:00;11;28.0;25.94399999999999;2.0560000000000116
2026-05-23 13:00:00;11;28.9;27.253;1.6469999999999985
2026-05-23 14:00:00;11;29.4;27.66100000000001;1.73899999999999
2026-05-23 15:00:00;11;29.5;27.502000000000006;1.997999999999994
2026-05-23 16:00:00;11;28.6;27.29800000000002;1.3019999999999818
2026-05-23 17:00:00;11;27.0;26.97700000000001;0.02299999999998903
2026-05-23 18:00:00;11;25.1;25.73400000000001;-0.6340000000000074
2026-05-23 19:00:00;11;23.2;22.851999999999986;0.3480000000000132
2026-05-23 20:00:00;11;21.1;20.424999999999983;0.6750000000000185
2026-05-23 21:00:00;11;20.0;19.12400000000001;0.8759999999999906
2026-05-23 22:00:00;11;19.1;18.565000000000012;0.5349999999999895
2026-05-23 23:00:00;11;18.8;17.919;0.8810000000000002
2026-05-24 00:00:00;11;19.3;17.38200000000001;1.9179999999999922
2026-05-24 01:00:00;11;19.0;18.52;0.4800000000000004
2026-05-24 02:00:00;11;18.5;17.753000000000007;0.7469999999999928
2026-05-24 03:00:00;11;18.0;16.962000000000003;1.0379999999999967
2026-05-24 04:00:00;11;17.6;17.958;-0.357999999999997
2026-05-24 05:00:00;11;17.6;17.03;0.5700000000000003
2026-05-24 06:00:00;11;19.2;17.199;2.0009999999999977
2026-05-24 07:00:00;11;21.3;19.205000000000002;2.094999999999999
2026-05-24 08:00:00;11;23.6;19.947000000000006;3.652999999999995
2026-05-24 09:00:00;11;25.8;22.632;3.1679999999999993
2026-05-24 10:00:00;11;27.3;25.491000000000007;1.808999999999994
2026-05-24 11:00:00;11;28.3;26.520000000000003;1.7799999999999976
2026-05-24 12:00:00;11;29.4;27.47600000000001;1.9239999999999888
2026-05-24 13:00:00;11;29.6;27.41900000000001;2.1809999999999903
2026-05-24 14:00:00;11;29.9;27.192000000000018;2.7079999999999806
2026-05-24 15:00:00;11;29.9;27.027000000000022;2.8729999999999762
2026-05-24 16:00:00;11;29.5;26.96800000000002;2.5319999999999787
2026-05-24 17:00:00;11;29.0;26.90300000000002;2.09699999999998
2026-05-24 18:00:00;11;28.0;26.88600000000002;1.1139999999999795
2026-05-24 19:00:00;11;26.2;26.388000000000005;-0.18800000000000594
2026-05-24 20:00:00;11;24.6;23.99;0.610000000000003
2026-05-24 21:00:00;11;23.7;21.982;1.718
2026-05-24 22:00:00;11;23.0;20.945999999999998;2.054000000000002
2026-05-24 23:00:00;11;22.9;20.891;2.0090000000000003
2026-05-25 00:00:00;11;22.1;20.772;1.328000000000003
2026-05-25 01:00:00;11;21.5;19.918999999999986;1.5810000000000137
2026-05-25 02:00:00;11;21.0;19.859;1.1409999999999982
2026-05-25 03:00:00;11;20.7;19.479000000000006;1.220999999999993
2026-05-25 04:00:00;11;20.5;18.94100000000001;1.5589999999999904
2026-05-25 05:00:00;11;20.4;18.670000000000005;1.7299999999999933
2026-05-25 06:00:00;11;21.7;18.836;2.8640000000000008
2026-05-25 07:00:00;11;23.3;19.22300000000001;4.076999999999991
2026-05-25 08:00:00;11;25.0;20.801000000000002;4.198999999999998
2026-05-25 09:00:00;11;26.9;23.931000000000004;2.968999999999994
2026-05-25 10:00:00;11;28.2;25.914999999999992;2.2850000000000072
2026-05-25 11:00:00;11;29.4;27.42400000000001;1.9759999999999884
2026-05-25 12:00:00;11;31.1;27.39400000000001;3.7059999999999924
2026-05-25 13:00:00;11;31.4;27.177000000000017;4.222999999999981
2026-05-25 14:00:00;11;31.6;27.159000000000013;4.440999999999988
2026-05-25 15:00:00;11;31.7;27.166000000000018;4.533999999999981
2026-05-25 16:00:00;11;31.5;27.086000000000023;4.413999999999977
2026-05-25 17:00:00;11;31.0;26.90100000000002;4.098999999999979
2026-05-25 18:00:00;11;29.9;26.888000000000023;3.0119999999999756
2026-05-25 19:00:00;11;28.6;26.889000000000024;1.7109999999999772
2026-05-25 20:00:00;11;27.0;26.947000000000017;0.05299999999998306
2026-05-25 21:00:00;11;26.0;25.807000000000016;0.19299999999998363
2026-05-25 22:00:00;11;25.2;24.019999999999992;1.1800000000000068
2026-05-25 23:00:00;11;24.5;23.205999999999996;1.294000000000004
2026-05-26 00:00:00;11;23.7;21.882999999999996;1.8170000000000037
2026-05-26 01:00:00;11;22.8;20.565999999999995;2.2340000000000053
2026-05-26 02:00:00;11;22.0;20.146999999999988;1.8530000000000122
2026-05-26 03:00:00;11;21.3;19.94599999999999;1.3540000000000099
2026-05-26 04:00:00;11;20.8;19.691000000000003;1.1089999999999982
2026-05-26 05:00:00;11;20.6;19.047;1.5530000000000008
2026-05-26 06:00:00;11;22.3;18.940999999999995;3.3590000000000053
2026-05-26 07:00:00;11;23.9;19.637;4.262999999999998
2026-05-26 08:00:00;11;25.5;22.480999999999998;3.019000000000002
2026-05-26 09:00:00;11;27.3;24.687;2.6129999999999995
2026-05-26 10:00:00;11;29.0;26.481000000000012;2.5189999999999877
2026-05-26 11:00:00;11;30.5;27.46100000000001;3.038999999999991
2026-05-26 12:00:00;11;32.3;27.412000000000006;4.887999999999991
2026-05-26 13:00:00;11;32.9;27.400000000000013;5.499999999999986
2026-05-26 14:00:00;11;32.8;27.340000000000014;5.459999999999983
2026-05-26 15:00:00;11;32.5;27.304000000000016;5.195999999999984
2026-05-26 16:00:00;11;32.3;27.242000000000015;5.057999999999982
2026-05-26 17:00:00;11;31.9;27.014000000000024;4.885999999999974
2026-05-26 18:00:00;11;31.3;26.889000000000024;4.4109999999999765
2026-05-26 19:00:00;11;29.6;26.889000000000024;2.710999999999977
2026-05-26 20:00:00;11;27.6;26.992000000000015;0.6079999999999863
2026-05-26 21:00:00;11;26.5;26.160000000000014;0.33999999999998565
2026-05-26 22:00:00;11;25.2;24.56599999999999;0.634000000000011
2026-05-26 23:00:00;11;24.0;23.04699999999999;0.9530000000000101
2026-05-27 00:00:00;11;23.2;21.26899999999999;1.931000000000008
2026-05-27 01:00:00;11;22.4;20.230999999999995;2.169000000000004
2026-05-27 02:00:00;11;21.8;19.782999999999998;2.017000000000003
2026-05-27 03:00:00;11;21.4;19.908000000000005;1.4919999999999938
2026-05-27 04:00:00;11;21.0;19.755000000000006;1.244999999999994
2026-05-27 05:00:00;11;21.2;19.508000000000003;1.6919999999999966
2026-05-27 06:00:00;11;22.9;19.655000000000005;3.244999999999994
2026-05-27 07:00:00;11;24.0;20.124000000000002;3.8759999999999977
2026-05-27 08:00:00;11;25.6;22.615000000000006;2.984999999999996
2026-05-27 09:00:00;11;27.4;24.948999999999998;2.4510000000000005
2026-05-27 10:00:00;11;28.9;26.54100000000001;2.3589999999999876
2026-05-27 11:00:00;11;30.2;27.45300000000001;2.7469999999999892
2026-05-27 12:00:00;11;32.1;27.283000000000012;4.8169999999999895
2026-05-27 13:00:00;11;31.8;27.04500000000002;4.754999999999981
2026-05-27 14:00:00;11;32.0;27.186000000000014;4.813999999999986
2026-05-27 15:00:00;11;31.1;27.301000000000023;3.798999999999978
2026-05-27 16:00:00;11;31.5;27.117000000000022;4.382999999999978
2026-05-27 17:00:00;11;31.4;27.05800000000003;4.34199999999997
2026-05-27 18:00:00;11;29.3;26.994000000000028;2.3059999999999725
2026-05-27 19:00:00;11;24.5;26.743000000000023;-2.2430000000000234
2026-05-27 20:00:00;11;25.1;22.122999999999994;2.9770000000000074
2026-05-27 21:00:00;11;24.8;22.99999999999999;1.8000000000000114
2026-05-27 22:00:00;11;24.0;22.916999999999987;1.0830000000000126
2026-05-27 23:00:00;11;22.8;21.596999999999998;1.203000000000003
2026-05-28 00:00:00;11;20.6;19.338999999999988;1.2610000000000134
2026-05-28 01:00:00;11;19.5;18.776000000000003;0.7239999999999966
2026-05-28 02:00:00;11;18.8;18.208000000000002;0.5919999999999987
2026-05-28 03:00:00;11;18.2;17.43600000000001;0.7639999999999887
2026-05-28 04:00:00;11;18.0;17.861;0.13899999999999935
2026-05-28 05:00:00;11;18.2;17.845999999999997;0.35400000000000276
2026-05-28 06:00:00;11;19.7;18.147999999999993;1.5520000000000067
2026-05-28 07:00:00;11;21.8;19.191000000000003;2.608999999999998
2026-05-28 08:00:00;11;24.5;19.63600000000001;4.86399999999999
2026-05-28 09:00:00;11;26.5;23.797000000000004;2.702999999999996
2026-05-28 10:00:00;11;28.0;25.99199999999999;2.0080000000000098
2026-05-28 11:00:00;11;30.1;27.129999999999995;2.970000000000006
2026-05-28 12:00:00;11;30.9;27.652;3.2479999999999976
2026-05-28 13:00:00;11;31.7;27.426000000000002;4.273999999999997
2026-05-28 14:00:00;11;32.0;27.264000000000006;4.7359999999999935
2026-05-28 15:00:00;11;32.3;27.29900000000002;5.000999999999976
2026-05-28 16:00:00;11;32.3;27.28800000000001;5.011999999999986
2026-05-28 17:00:00;11;28.7;26.775000000000027;1.9249999999999723
2026-05-28 18:00:00;11;24.5;26.716000000000026;-2.216000000000026
2026-05-28 19:00:00;11;24.5;21.664999999999996;2.8350000000000044
2026-05-28 20:00:00;11;23.0;21.728999999999996;1.2710000000000043
2026-05-28 21:00:00;11;22.9;19.941999999999986;2.9580000000000126
2026-05-28 22:00:00;11;22.6;19.732999999999983;2.8670000000000186
2026-05-28 23:00:00;11;22.5;19.60199999999999;2.8980000000000103
2026-05-29 00:00:00;11;21.2;19.908999999999985;1.2910000000000146
2026-05-29 01:00:00;11;20.0;19.369000000000007;0.6309999999999931
2026-05-29 02:00:00;11;19.0;18.691999999999997;0.3080000000000034
2026-05-29 03:00:00;11;18.2;17.547000000000008;0.6529999999999916
2026-05-29 04:00:00;11;16.9;17.933;-1.0330000000000013
2026-05-29 05:00:00;11;16.5;16.295;0.2049999999999983
2026-05-29 06:00:00;11;16.9;16.084000000000007;0.8159999999999918
2026-05-29 07:00:00;11;18.5;16.82784000000001;1.672159999999991
2026-05-29 08:00:00;11;20.5;19.053999999999995;1.446000000000005
2026-05-29 09:00:00;11;21.7;20.88200000000001;0.8179999999999907
2026-05-29 10:00:00;11;22.9;20.94600000000001;1.95399999999999
2026-05-29 11:00:00;11;24.4;22.307999999999996;2.0920000000000023
2026-05-29 12:00:00;11;25.0;23.786999999999992;1.213000000000008
2026-05-29 13:00:00;11;25.4;24.360000000000003;1.0399999999999956
2026-05-29 14:00:00;11;26.6;24.18599999999999;2.414000000000012
2026-05-29 15:00:00;11;27.5;25.541999999999987;1.9580000000000126
2026-05-29 16:00:00;11;28.4;26.736000000000004;1.6639999999999944
2026-05-29 17:00:00;11;28.4;27.38500000000001;1.01499999999999
2026-05-29 18:00:00;11;27.6;27.099000000000018;0.5009999999999835
2026-05-29 19:00:00;11;23.4;26.020000000000014;-2.620000000000015
2026-05-29 20:00:00;11;20.6;20.333999999999993;0.2660000000000089
2026-05-29 21:00:00;11;20.0;18.640000000000008;1.3599999999999923
2026-05-29 22:00:00;11;18.9;18.716000000000005;0.18399999999999395
2026-05-29 23:00:00;11;17.9;17.860000000000003;0.039999999999995595
2026-05-30 00:00:00;11;17.2;17.10699999999999;0.09300000000001063
2026-05-30 01:00:00;11;17.3;16.401;0.8990000000000009
2026-05-30 02:00:00;11;17.1;16.526;0.5740000000000016
2026-05-30 03:00:00;11;16.8;16.448;0.3520000000000003
2026-05-30 04:00:00;11;16.4;16.361560000000004;0.03843999999999426
2026-05-30 05:00:00;11;16.4;16.330000000000016;0.06999999999998252
2026-05-30 06:00:00;11;17.2;16.44168000000001;0.7583199999999906
2026-05-30 07:00:00;11;18.9;17.396000000000004;1.5039999999999942
2026-05-30 08:00:00;11;19.8;19.539999999999996;0.2600000000000051
2026-05-30 09:00:00;11;21.1;19.831999999999997;1.2680000000000042
2026-05-30 10:00:00;11;23.8;20.563000000000002;3.2369999999999983
2026-05-30 11:00:00;11;25.1;22.259;2.841000000000001
2026-05-30 12:00:00;11;27.1;24.328000000000007;2.771999999999995
2026-05-30 13:00:00;11;27.0;26.392000000000003;0.607999999999997
2026-05-30 14:00:00;11;26.2;26.203000000000003;-0.0030000000000036664
2026-05-30 15:00:00;11;25.7;24.927999999999994;0.7720000000000056
2026-05-30 16:00:00;11;24.3;24.506999999999998;-0.2069999999999972
2026-05-30 17:00:00;11;23.2;22.305000000000003;0.894999999999996
2026-05-30 18:00:00;11;21.3;21.731000000000005;-0.4310000000000045
2026-05-30 19:00:00;11;19.4;20.190999999999995;-0.7909999999999968
2026-05-30 20:00:00;11;18.1;18.398000000000003;-0.2980000000000018
2026-05-30 21:00:00;11;17.0;17.146999999999995;-0.1469999999999949
2026-05-30 22:00:00;11;16.2;16.422000000000004;-0.22200000000000486
2026-05-30 23:00:00;11;15.6;15.29800000000001;0.30199999999998894
2026-05-13 00:00:00;12;9.0;10.226440000000007;-1.2264400000000073
2026-05-13 01:00:00;12;8.4;8.259;0.14100000000000001
2026-05-13 02:00:00;12;7.8;7.820000000000004;-0.020000000000004015
2026-05-13 03:00:00;12;7.8;7.522599999999998;0.27740000000000187
2026-05-13 04:00:00;12;8.0;7.597599999999997;0.40240000000000276
2026-05-13 05:00:00;12;8.4;8.022240000000002;0.37775999999999854
2026-05-13 06:00:00;12;9.4;9.231919999999997;0.16808000000000334
2026-05-13 07:00:00;12;10.8;10.536999999999999;0.2630000000000017
2026-05-13 08:00:00;12;11.4;11.928799999999994;-0.5287999999999933
2026-05-13 09:00:00;12;12.1;12.147999999999993;-0.04799999999999294
2026-05-13 10:00:00;12;12.9;12.801999999999998;0.09800000000000253
2026-05-13 11:00:00;12;12.0;13.453999999999999;-1.4539999999999988
2026-05-13 12:00:00;12;12.4;12.186000000000002;0.21399999999999864
2026-05-13 13:00:00;12;12.2;13.008359999999998;-0.8083599999999986
2026-05-13 14:00:00;12;11.8;12.475359999999997;-0.675359999999996
2026-05-13 15:00:00;12;10.4;11.886840000000005;-1.4868400000000044
2026-05-13 16:00:00;12;10.6;10.217919999999994;0.3820800000000055
2026-05-13 17:00:00;12;10.0;10.29296;-0.2929600000000008
2026-05-13 18:00:00;12;9.0;9.523119999999999;-0.5231199999999987
2026-05-13 19:00:00;12;8.4;8.152999999999999;0.24700000000000166
2026-05-13 20:00:00;12;8.1;7.8666;0.2333999999999996
2026-05-13 21:00:00;12;7.6;7.76124;-0.16124000000000027
2026-05-13 22:00:00;12;7.3;7.170600000000002;0.12939999999999774
2026-05-13 23:00:00;12;7.0;7.044439999999998;-0.04443999999999804
2026-05-14 00:00:00;12;6.8;6.958280000000003;-0.15828000000000308
2026-05-14 01:00:00;12;6.7;6.736839999999997;-0.0368399999999971
2026-05-14 02:00:00;12;6.4;6.575200000000001;-0.17520000000000024
2026-05-14 03:00:00;12;6.2;6.24468;-0.04467999999999961
2026-05-14 04:00:00;12;6.0;5.895640000000003;0.10435999999999712
2026-05-14 05:00:00;12;6.4;5.774559999999999;0.6254400000000011
2026-05-14 06:00:00;12;7.2;7.549999999999999;-0.34999999999999876
2026-05-14 07:00:00;12;7.9;8.109280000000004;-0.20928000000000324
2026-05-14 08:00:00;12;9.1;8.985839999999994;0.11416000000000537
2026-05-14 09:00:00;12;9.9;10.291999999999994;-0.39199999999999413
2026-05-14 10:00:00;12;9.4;10.781999999999996;-1.3819999999999961
2026-05-14 11:00:00;12;10.8;9.728919999999997;1.0710800000000038
2026-05-14 12:00:00;12;11.1;11.558000000000002;-0.45800000000000196
2026-05-14 13:00:00;12;8.2;11.188280000000002;-2.988280000000003
2026-05-14 14:00:00;12;8.9;8.126320000000003;0.773679999999997
2026-05-14 15:00:00;12;10.4;8.776720000000006;1.623279999999994
2026-05-14 16:00:00;12;10.4;10.432320000000006;-0.03232000000000568
2026-05-14 17:00:00;12;9.9;10.11756;-0.21755999999999887
2026-05-14 18:00:00;12;8.9;9.241480000000001;-0.34148000000000067
2026-05-14 19:00:00;12;7.9;8.104000000000003;-0.2040000000000024
2026-05-14 20:00:00;12;6.8;7.360000000000005;-0.5600000000000049
2026-05-14 21:00:00;12;6.2;6.182000000000001;0.017999999999998906
2026-05-14 22:00:00;12;5.5;5.6547199999999975;-0.15471999999999753
2026-05-14 23:00:00;12;4.9;5.010000000000001;-0.11000000000000032
2026-05-15 00:00:00;12;4.8;4.60256;0.1974399999999994
2026-05-15 01:00:00;12;4.4;4.215479999999999;0.1845200000000018
2026-05-15 02:00:00;12;4.2;4.09904;0.1009600000000006
2026-05-15 03:00:00;12;4.0;3.8635200000000016;0.13647999999999838
2026-05-15 04:00:00;12;3.7;3.7500000000000018;-0.0500000000000016
2026-05-15 05:00:00;12;4.0;3.729999999999998;0.2700000000000018
2026-05-15 06:00:00;12;5.8;4.956999999999997;0.8430000000000026
2026-05-15 07:00:00;12;7.4;7.497999999999999;-0.09799999999999898
2026-05-15 08:00:00;12;8.9;9.250999999999996;-0.35099999999999554
2026-05-15 09:00:00;12;9.9;10.159000000000002;-0.2590000000000021
2026-05-15 10:00:00;12;10.7;10.842;-0.14200000000000124
2026-05-15 11:00:00;12;11.5;11.620880000000001;-0.12088000000000143
2026-05-15 12:00:00;12;11.9;12.066999999999993;-0.1669999999999927
2026-05-15 13:00:00;12;11.6;12.404999999999998;-0.8049999999999979
2026-05-15 14:00:00;12;9.9;11.74796;-1.8479600000000005
2026-05-15 15:00:00;12;11.0;9.606999999999994;1.393000000000006
2026-05-15 16:00:00;12;11.4;10.753999999999998;0.6460000000000026
2026-05-15 17:00:00;12;9.9;11.238360000000005;-1.338360000000005
2026-05-15 18:00:00;12;8.8;9.105199999999998;-0.3051999999999975
2026-05-15 19:00:00;12;8.2;8.117;0.08299999999999841
2026-05-15 20:00:00;12;6.9;7.523999999999998;-0.6239999999999979
2026-05-15 21:00:00;12;6.4;6.204000000000001;0.19599999999999973
2026-05-15 22:00:00;12;6.3;6.002639999999999;0.2973600000000012
2026-05-15 23:00:00;12;6.2;5.975840000000001;0.22415999999999947
2026-05-16 00:00:00;12;6.2;5.728479999999999;0.4715200000000008
2026-05-16 01:00:00;12;5.9;5.7148;0.18520000000000003
2026-05-16 02:00:00;12;6.1;5.653199999999998;0.4468000000000014
2026-05-16 03:00:00;12;6.2;5.84944;0.35055999999999976
2026-05-16 04:00:00;12;5.8;6.027400000000001;-0.22740000000000116
2026-05-16 05:00:00;12;6.4;5.6528800000000015;0.7471199999999989
2026-05-16 06:00:00;12;7.2;7.692000000000002;-0.49200000000000177
2026-05-16 07:00:00;12;7.5;8.096;-0.5960000000000001
2026-05-16 08:00:00;12;7.8;8.325800000000001;-0.5258000000000012
2026-05-16 09:00:00;12;8.4;8.550159999999998;-0.15015999999999785
2026-05-16 10:00:00;12;10.8;9.166080000000003;1.633919999999998
2026-05-16 11:00:00;12;12.2;12.338;-0.1379999999999999
2026-05-16 12:00:00;12;12.9;13.27100000000001;-0.3710000000000093
2026-05-16 13:00:00;12;13.2;13.315999999999997;-0.11599999999999788
2026-05-16 14:00:00;12;9.4;13.322399999999998;-3.922399999999998
2026-05-16 15:00:00;12;10.2;8.8134;1.3865999999999996
2026-05-16 16:00:00;12;11.8;10.274240000000006;1.5257599999999947
2026-05-16 17:00:00;12;11.2;11.252999999999997;-0.05299999999999727
2026-05-16 18:00:00;12;10.8;10.888159999999997;-0.08815999999999669
2026-05-16 19:00:00;12;9.6;10.202;-0.6020000000000003
2026-05-16 20:00:00;12;8.4;8.704999999999995;-0.3049999999999944
2026-05-16 21:00:00;12;7.9;7.597;0.30299999999999994
2026-05-16 22:00:00;12;8.1;7.415000000000005;0.6849999999999943
2026-05-16 23:00:00;12;8.8;7.810600000000002;0.989399999999999
2026-05-17 00:00:00;12;8.7;8.414159999999999;0.2858400000000003
2026-05-17 01:00:00;12;9.2;8.54712;0.6528799999999997
2026-05-17 02:00:00;12;9.4;9.106399999999999;0.2936000000000014
2026-05-17 03:00:00;12;9.4;9.425119999999998;-0.02511999999999759
2026-05-17 04:00:00;12;9.2;9.234480000000005;-0.03448000000000562
2026-05-17 05:00:00;12;9.2;9.077199999999998;0.12280000000000157
2026-05-17 06:00:00;12;9.7;10.043;-0.34299999999999997
2026-05-17 07:00:00;12;10.4;9.941319999999996;0.45868000000000464
2026-05-17 08:00:00;12;10.6;11.059399999999998;-0.4593999999999987
2026-05-17 09:00:00;12;10.4;10.977079999999996;-0.5770799999999952
2026-05-17 10:00:00;12;11.5;10.553600000000001;0.9463999999999988
2026-05-17 11:00:00;12;13.1;12.463;0.6370000000000005
2026-05-17 12:00:00;12;12.6;13.824000000000003;-1.2240000000000038
2026-05-17 13:00:00;12;15.5;12.992999999999995;2.507000000000005
2026-05-17 14:00:00;12;14.2;15.524999999999995;-1.3249999999999957
2026-05-17 15:00:00;12;12.6;13.846199999999996;-1.2461999999999964
2026-05-17 16:00:00;12;13.1;12.423639999999995;0.6763600000000043
2026-05-17 17:00:00;12;12.3;12.38;-0.08000000000000007
2026-05-17 18:00:00;12;12.1;11.440080000000002;0.6599199999999978
2026-05-17 19:00:00;12;11.6;11.466000000000003;0.1339999999999968
2026-05-17 20:00:00;12;11.1;10.894999999999998;0.20500000000000185
2026-05-17 21:00:00;12;10.4;10.674840000000001;-0.2748400000000011
2026-05-17 22:00:00;12;10.4;9.964999999999998;0.4350000000000023
2026-05-17 23:00:00;12;10.1;10.11776;-0.017760000000000886
2026-05-18 00:00:00;12;9.7;9.96228;-0.2622800000000005
2026-05-18 01:00:00;12;9.6;9.264999999999997;0.33500000000000263
2026-05-18 02:00:00;12;9.6;9.253839999999999;0.34616000000000113
2026-05-18 03:00:00;12;9.3;9.2102;0.08980000000000032
2026-05-18 04:00:00;12;8.9;9.03272;-0.13271999999999906
2026-05-18 05:00:00;12;8.9;8.661719999999995;0.23828000000000493
2026-05-18 06:00:00;12;10.1;9.476999999999999;0.6230000000000011
2026-05-18 07:00:00;12;11.1;11.238879999999996;-0.13887999999999678
2026-05-18 08:00:00;12;12.1;12.189880000000008;-0.08988000000000795
2026-05-18 09:00:00;12;13.1;13.063999999999998;0.036000000000001364
2026-05-18 10:00:00;12;13.8;13.880000000000004;-0.08000000000000362
2026-05-18 11:00:00;12;14.4;14.485759999999997;-0.08575999999999695
2026-05-18 12:00:00;12;15.2;15.121999999999998;0.07800000000000118
2026-05-18 13:00:00;12;14.9;15.586000000000002;-0.6860000000000017
2026-05-18 14:00:00;12;12.4;14.603959999999999;-2.2039599999999986
2026-05-18 15:00:00;12;14.2;12.546520000000001;1.6534799999999983
2026-05-18 16:00:00;12;14.5;13.652039999999994;0.8479600000000058
2026-05-18 17:00:00;12;14.4;14.157879999999995;0.24212000000000522
2026-05-18 18:00:00;12;13.2;13.855999999999993;-0.6559999999999935
2026-05-18 19:00:00;12;12.4;12.218;0.18200000000000038
2026-05-18 20:00:00;12;11.6;11.615;-0.015000000000000568
2026-05-18 21:00:00;12;10.3;11.190999999999999;-0.8909999999999982
2026-05-18 22:00:00;12;9.4;9.717000000000002;-0.31700000000000195
2026-05-18 23:00:00;12;9.4;8.783999999999999;0.6160000000000014
2026-05-19 00:00:00;12;9.4;9.025239999999997;0.37476000000000376
2026-05-19 01:00:00;12;9.56;9.265039999999997;0.2949600000000032
2026-05-19 02:00:00;12;9.72;9.43492;0.28508000000000067
2026-05-19 03:00:00;12;9.88;9.505800000000002;0.3741999999999983
2026-05-19 04:00:00;12;10.04;9.878759999999996;0.16124000000000294
2026-05-19 05:00:00;12;10.2;9.968999999999992;0.23100000000000698
2026-05-19 06:00:00;12;10.36;10.455639999999994;-0.09563999999999417
2026-05-19 07:00:00;12;10.52;10.71424;-0.19424000000000063
2026-05-19 08:00:00;12;10.68;10.993360000000003;-0.31336000000000297
2026-05-19 09:00:00;12;10.84;11.02252;-0.18252000000000024
2026-05-19 10:00:00;12;11.0;10.965359999999999;0.034640000000001336
2026-05-19 11:00:00;12;11.16;11.3528;-0.19280000000000008
2026-05-19 12:00:00;12;11.32;11.331800000000003;-0.011800000000002697
2026-05-19 13:00:00;12;11.48;11.356079999999995;0.12392000000000536
2026-05-19 14:00:00;12;11.64;11.602439999999996;0.03756000000000448
2026-05-19 15:00:00;12;11.8;11.630919999999994;0.16908000000000634
2026-05-19 16:00:00;12;11.96;11.782519999999998;0.17748000000000275
2026-05-19 17:00:00;12;12.12;11.806479999999999;0.31352000000000046
2026-05-19 18:00:00;12;12.28;11.887880000000003;0.3921199999999967
2026-05-19 19:00:00;12;12.44;11.931480000000004;0.5085199999999954
2026-05-19 20:00:00;12;12.6;12.034560000000008;0.5654399999999917
2026-05-19 21:00:00;12;12.76;12.180319999999995;0.5796800000000051
2026-05-19 22:00:00;12;12.92;12.50632;0.4136799999999994
2026-05-19 23:00:00;12;13.08;12.569280000000003;0.5107199999999974
2026-05-20 00:00:00;12;13.24;12.619320000000005;0.6206799999999948
2026-05-20 01:00:00;12;13.4;12.721520000000007;0.6784799999999933
2026-05-20 02:00:00;12;13.2;12.753640000000004;0.446359999999995
2026-05-20 03:00:00;12;12.6;12.845880000000005;-0.24588000000000498
2026-05-20 04:00:00;12;12.4;11.992999999999997;0.4070000000000036
2026-05-20 05:00:00;12;12.4;11.94860000000001;0.4513999999999907
2026-05-20 06:00:00;12;13.4;12.70352;0.6964800000000011
2026-05-20 07:00:00;12;14.1;14.63148;-0.5314800000000002
2026-05-20 08:00:00;12;14.9;14.960479999999992;-0.06047999999999121
2026-05-20 09:00:00;12;14.6;15.578;-0.9779999999999998
2026-05-20 10:00:00;12;16.6;15.101920000000002;1.4980799999999999
2026-05-20 11:00:00;12;17.5;17.772;-0.27199999999999847
2026-05-20 12:00:00;12;17.0;18.049;-1.0489999999999995
2026-05-20 13:00:00;12;18.1;17.134;0.9660000000000011
2026-05-20 14:00:00;12;18.7;18.269;0.43100000000000094
2026-05-20 15:00:00;12;19.0;18.572;0.4280000000000008
2026-05-20 16:00:00;12;17.5;18.586000000000002;-1.086000000000002
2026-05-20 17:00:00;12;17.7;16.486000000000004;1.213999999999995
2026-05-20 18:00:00;12;17.2;16.76600000000001;0.4339999999999904
2026-05-20 19:00:00;12;15.9;15.906;-0.006000000000000227
2026-05-20 20:00:00;12;14.6;15.16336;-0.5633600000000012
2026-05-20 21:00:00;12;14.0;13.742999999999995;0.257000000000005
2026-05-20 22:00:00;12;13.6;13.354000000000003;0.2459999999999969
2026-05-20 23:00:00;12;13.0;13.276640000000002;-0.2766400000000022
2026-05-21 00:00:00;12;13.1;12.538919999999992;0.5610800000000076
2026-05-21 01:00:00;12;12.2;12.749919999999998;-0.5499199999999984
2026-05-21 02:00:00;12;11.4;11.9046;-0.5045999999999999
2026-05-21 03:00:00;12;10.7;10.945000000000004;-0.24500000000000455
2026-05-21 04:00:00;12;10.4;10.314999999999998;0.08500000000000263
2026-05-21 05:00:00;12;11.4;10.138839999999998;1.261160000000002
2026-05-21 06:00:00;12;12.9;12.419759999999998;0.480240000000002
2026-05-21 07:00:00;12;15.2;14.645559999999996;0.5544400000000032
2026-05-21 08:00:00;12;17.1;16.841000000000008;0.25899999999999324
2026-05-21 09:00:00;12;18.2;18.443999999999996;-0.24399999999999622
2026-05-21 10:00:00;12;18.8;18.853999999999996;-0.05399999999999494
2026-05-21 11:00:00;12;19.4;19.203000000000007;0.19699999999999207
2026-05-21 12:00:00;12;20.7;19.877999999999986;0.8220000000000134
2026-05-21 13:00:00;12;21.3;21.150999999999996;0.14900000000000446
2026-05-21 14:00:00;12;21.2;21.326999999999988;-0.12699999999998823
2026-05-21 15:00:00;12;21.1;20.842000000000002;0.2579999999999991
2026-05-21 16:00:00;12;21.0;20.47400000000001;0.5259999999999891
2026-05-21 17:00:00;12;20.5;20.014999999999997;0.485000000000003
2026-05-21 18:00:00;12;19.9;18.955;0.9450000000000003
2026-05-21 19:00:00;12;18.0;18.786999999999992;-0.7869999999999919
2026-05-21 20:00:00;12;16.6;16.86800000000001;-0.2680000000000078
2026-05-21 21:00:00;12;15.6;15.700999999999997;-0.10099999999999731
2026-05-21 22:00:00;12;14.6;14.844999999999994;-0.2449999999999939
2026-05-21 23:00:00;12;14.0;14.013999999999992;-0.013999999999992241
2026-05-22 00:00:00;12;12.8;13.288000000000006;-0.4880000000000049
2026-05-22 01:00:00;12;11.9;12.229999999999997;-0.3299999999999965
2026-05-22 02:00:00;12;11.1;11.423000000000007;-0.3230000000000075
2026-05-22 03:00:00;12;10.8;10.744920000000002;0.055079999999998464
2026-05-22 04:00:00;12;10.5;10.326000000000008;0.17399999999999238
2026-05-22 05:00:00;12;11.4;10.145;1.2550000000000008
2026-05-22 06:00:00;12;13.9;12.587839999999996;1.312160000000004
2026-05-22 07:00:00;12;16.3;16.014999999999993;0.28500000000000725
2026-05-22 08:00:00;12;18.8;18.307000000000002;0.49299999999999855
2026-05-22 09:00:00;12;21.2;20.5;0.6999999999999993
2026-05-22 10:00:00;12;22.9;22.142000000000007;0.757999999999992
2026-05-22 11:00:00;12;23.8;23.462999999999994;0.33700000000000685
2026-05-22 12:00:00;12;25.0;23.796000000000006;1.2039999999999935
2026-05-22 13:00:00;12;25.5;24.47599999999999;1.0240000000000116
2026-05-22 14:00:00;12;25.6;24.917999999999996;0.6820000000000057
2026-05-22 15:00:00;12;25.7;25.066999999999993;0.6330000000000062
2026-05-22 16:00:00;12;25.5;24.973999999999997;0.5260000000000034
2026-05-22 17:00:00;12;24.9;23.941;0.9589999999999996
2026-05-22 18:00:00;12;23.8;22.73100000000001;1.068999999999992
2026-05-22 19:00:00;12;22.0;21.155999999999995;0.8440000000000047
2026-05-22 20:00:00;12;19.9;20.05599999999999;-0.1559999999999917
2026-05-22 21:00:00;12;18.9;18.183999999999997;0.7160000000000011
2026-05-22 22:00:00;12;18.2;17.509000000000004;0.6909999999999954
2026-05-22 23:00:00;12;17.5;17.110999999999997;0.3890000000000029
2026-05-23 00:00:00;12;16.8;16.421000000000006;0.37899999999999423
2026-05-23 01:00:00;12;15.4;15.820999999999996;-0.4209999999999958
2026-05-23 02:00:00;12;14.4;14.50400000000001;-0.10400000000000986
2026-05-23 03:00:00;12;14.1;13.94399999999999;0.15600000000000946
2026-05-23 04:00:00;12;14.0;13.655519999999992;0.3444800000000079
2026-05-23 05:00:00;12;15.0;13.819999999999999;1.1800000000000015
2026-05-23 06:00:00;12;17.0;15.879599999999998;1.1204000000000018
2026-05-23 07:00:00;12;19.1;17.399000000000008;1.7009999999999934
2026-05-23 08:00:00;12;21.6;20.142;1.458000000000002
2026-05-23 09:00:00;12;23.6;22.81400000000001;0.7859999999999907
2026-05-23 10:00:00;12;24.9;24.021000000000004;0.8789999999999942
2026-05-23 11:00:00;12;25.8;24.87099999999999;0.9290000000000092
2026-05-23 12:00:00;12;27.0;25.736000000000008;1.2639999999999922
2026-05-23 13:00:00;12;27.2;26.481999999999992;0.7180000000000071
2026-05-23 14:00:00;12;27.4;26.324;1.075999999999997
2026-05-23 15:00:00;12;27.1;26.643000000000008;0.45699999999999363
2026-05-23 16:00:00;12;26.7;26.20500000000001;0.49499999999999034
2026-05-23 17:00:00;12;26.0;25.557000000000006;0.4429999999999943
2026-05-23 18:00:00;12;25.1;23.868;1.2320000000000029
2026-05-23 19:00:00;12;23.2;22.92299999999999;0.27700000000000813
2026-05-23 20:00:00;12;21.5;20.90999999999999;0.5900000000000105
2026-05-23 21:00:00;12;20.5;20.100999999999992;0.399000000000008
2026-05-23 22:00:00;12;19.5;18.811000000000003;0.6889999999999965
2026-05-23 23:00:00;12;18.9;18.320000000000004;0.5799999999999947
2026-05-24 00:00:00;12;17.8;17.807000000000002;-0.0070000000000014495
2026-05-24 01:00:00;12;16.7;16.868;-0.16799999999999926
2026-05-24 02:00:00;12;15.9;15.864280000000003;0.035719999999997754
2026-05-24 03:00:00;12;15.4;15.234000000000002;0.1659999999999986
2026-05-24 04:00:00;12;14.9;14.826000000000006;0.07399999999999451
2026-05-24 05:00:00;12;15.9;14.632559999999994;1.267440000000006
2026-05-24 06:00:00;12;18.0;17.053639999999987;0.9463600000000127
2026-05-24 07:00:00;12;20.1;19.179999999999993;0.9200000000000088
2026-05-24 08:00:00;12;22.4;21.62499999999999;0.7750000000000092
2026-05-24 09:00:00;12;24.4;19.692999999999998;4.707000000000001
2026-05-24 10:00:00;12;26.2;23.994;2.2059999999999995
2026-05-24 11:00:00;12;27.4;26.21800000000001;1.181999999999988
2026-05-24 12:00:00;12;28.6;26.639000000000006;1.960999999999995
2026-05-24 13:00:00;12;28.8;27.578000000000007;1.2219999999999942
2026-05-24 14:00:00;12;28.8;27.512000000000008;1.2879999999999932
2026-05-24 15:00:00;12;28.7;27.276000000000014;1.4239999999999853
2026-05-24 16:00:00;12;28.4;27.192000000000007;1.2079999999999913
2026-05-24 17:00:00;12;27.7;27.04400000000001;0.6559999999999881
2026-05-24 18:00:00;12;26.7;26.171000000000014;0.5289999999999857
2026-05-24 19:00:00;12;24.6;24.916;-0.31599999999999895
2026-05-24 20:00:00;12;23.0;22.017999999999994;0.9820000000000064
2026-05-24 21:00:00;12;21.6;20.303999999999988;1.2960000000000136
2026-05-24 22:00:00;12;20.5;19.751999999999995;0.7480000000000047
2026-05-24 23:00:00;12;19.5;18.64400000000001;0.855999999999991
2026-05-25 00:00:00;12;19.0;18.096999999999998;0.9030000000000022
2026-05-25 01:00:00;12;18.4;17.778000000000006;0.6219999999999928
2026-05-25 02:00:00;12;18.0;17.348999999999997;0.6510000000000034
2026-05-25 03:00:00;12;17.5;17.51299999999999;-0.012999999999991019
2026-05-25 04:00:00;12;17.0;16.544;0.4559999999999995
2026-05-25 05:00:00;12;17.4;16.739560000000004;0.6604399999999941
2026-05-25 06:00:00;12;19.2;17.242;1.9579999999999984
2026-05-25 07:00:00;12;20.8;19.404999999999998;1.3950000000000031
2026-05-25 08:00:00;12;22.4;21.11200000000001;1.2879999999999896
2026-05-25 09:00:00;12;24.1;20.995;3.1050000000000004
2026-05-25 10:00:00;12;25.8;23.251000000000005;2.548999999999996
2026-05-25 11:00:00;12;27.1;25.413999999999998;1.6860000000000035
2026-05-25 12:00:00;12;28.4;26.379000000000005;2.0209999999999937
2026-05-25 13:00:00;12;28.5;27.44600000000001;1.0539999999999914
2026-05-25 14:00:00;12;28.5;27.439000000000007;1.0609999999999928
2026-05-25 15:00:00;12;28.5;27.262000000000015;1.2379999999999853
2026-05-25 16:00:00;12;28.2;27.25700000000002;0.9429999999999801
2026-05-25 17:00:00;12;27.8;27.07100000000003;0.7289999999999708
2026-05-25 18:00:00;12;26.9;26.34800000000001;0.5519999999999889
2026-05-25 19:00:00;12;24.6;25.092999999999996;-0.492999999999995
2026-05-25 20:00:00;12;22.3;22.32399999999999;-0.02399999999999025
2026-05-25 21:00:00;12;20.6;20.641999999999992;-0.041999999999990933
2026-05-25 22:00:00;12;19.2;19.278000000000006;-0.07800000000000651
2026-05-25 23:00:00;12;18.0;18.022;-0.021999999999998465
2026-05-26 00:00:00;12;16.8;17.051999999999992;-0.2519999999999918
2026-05-26 01:00:00;12;15.9;15.851999999999997;0.048000000000003595
2026-05-26 02:00:00;12;15.4;15.365000000000002;0.034999999999998366
2026-05-26 03:00:00;12;14.8;14.787000000000008;0.012999999999992795
2026-05-26 04:00:00;12;14.2;14.380560000000003;-0.18056000000000338
2026-05-26 05:00:00;12;15.2;13.812000000000003;1.3879999999999963
2026-05-26 06:00:00;12;17.6;16.756159999999987;0.8438400000000144
2026-05-26 07:00:00;12;20.0;17.67599999999999;2.3240000000000087
2026-05-26 08:00:00;12;22.3;22.01599999999998;0.28400000000002024
2026-05-26 09:00:00;12;24.3;22.91999999999999;1.3800000000000097
2026-05-26 10:00:00;12;26.1;25.108;0.9920000000000009
2026-05-26 11:00:00;12;27.7;26.386999999999997;1.3130000000000024
2026-05-26 12:00:00;12;29.2;27.04700000000001;2.152999999999988
2026-05-26 13:00:00;12;29.8;27.63200000000001;2.167999999999992
2026-05-26 14:00:00;12;30.1;27.586000000000002;2.5139999999999993
2026-05-26 15:00:00;12;30.0;27.355000000000018;2.644999999999982
2026-05-26 16:00:00;12;29.4;27.161000000000016;2.238999999999983
2026-05-26 17:00:00;12;28.1;26.939000000000018;1.1609999999999836
2026-05-26 18:00:00;12;26.7;26.59600000000002;0.10399999999997789
2026-05-26 19:00:00;12;24.9;25.019000000000002;-0.11900000000000333
2026-05-26 20:00:00;12;23.1;22.711999999999986;0.3880000000000159
2026-05-26 21:00:00;12;21.6;20.855999999999998;0.7440000000000033
2026-05-26 22:00:00;12;20.6;19.892;0.708000000000002
2026-05-26 23:00:00;12;20.0;18.969000000000005;1.0309999999999953
2026-05-27 00:00:00;12;18.2;18.730000000000004;-0.5300000000000047
2026-05-27 01:00:00;12;17.4;16.953999999999997;0.4460000000000015
2026-05-27 02:00:00;12;16.9;16.445000000000014;0.4549999999999841
2026-05-27 03:00:00;12;16.5;16.057920000000003;0.44207999999999714
2026-05-27 04:00:00;12;16.1;15.967000000000002;0.13299999999999912
2026-05-27 05:00:00;12;16.9;15.824439999999997;1.0755600000000012
2026-05-27 06:00:00;12;18.9;16.803680000000007;2.0963199999999915
2026-05-27 07:00:00;12;21.2;19.454999999999995;1.7450000000000045
2026-05-27 08:00:00;12;23.5;21.576000000000008;1.9239999999999924
2026-05-27 09:00:00;12;25.1;23.143;1.9570000000000007
2026-05-27 10:00:00;12;27.1;24.99600000000001;2.103999999999992
2026-05-27 11:00:00;12;28.5;26.49000000000001;2.009999999999991
2026-05-27 12:00:00;12;29.7;27.53000000000001;2.169999999999991
2026-05-27 13:00:00;12;30.0;27.52800000000001;2.4719999999999906
2026-05-27 14:00:00;12;30.0;27.37100000000001;2.6289999999999907
2026-05-27 15:00:00;12;29.9;27.31300000000002;2.5869999999999784
2026-05-27 16:00:00;12;29.5;27.21700000000002;2.28299999999998
2026-05-27 17:00:00;12;28.5;26.893000000000026;1.6069999999999744
2026-05-27 18:00:00;12;27.2;26.851000000000028;0.3489999999999718
2026-05-27 19:00:00;12;24.8;25.75100000000002;-0.9510000000000183
2026-05-27 20:00:00;12;23.5;22.562999999999978;0.9370000000000225
2026-05-27 21:00:00;12;22.4;20.943999999999996;1.456000000000003
2026-05-27 22:00:00;12;21.4;19.99199999999999;1.4080000000000084
2026-05-27 23:00:00;12;20.5;19.807000000000006;0.6929999999999943
2026-05-28 00:00:00;12;19.5;18.813000000000006;0.6869999999999941
2026-05-28 01:00:00;12;19.0;18.279;0.7210000000000001
2026-05-28 02:00:00;12;18.5;17.859;0.6409999999999982
2026-05-28 03:00:00;12;17.9;17.73099999999999;0.1690000000000076
2026-05-28 04:00:00;12;17.4;17.90199999999999;-0.5019999999999918
2026-05-28 05:00:00;12;17.8;17.284999999999997;0.5150000000000041
2026-05-28 06:00:00;12;19.5;18.205999999999996;1.294000000000004
2026-05-28 07:00:00;12;21.0;19.453;1.5470000000000006
2026-05-28 08:00:00;12;22.7;21.570000000000007;1.129999999999992
2026-05-28 09:00:00;12;24.6;23.092999999999996;1.507000000000005
2026-05-28 10:00:00;12;26.3;24.803;1.4969999999999999
2026-05-28 11:00:00;12;27.4;26.114000000000004;1.2859999999999943
2026-05-28 12:00:00;12;28.2;26.59700000000001;1.6029999999999909
2026-05-28 13:00:00;12;28.5;27.48700000000001;1.012999999999991
2026-05-28 14:00:00;12;28.9;27.439000000000007;1.4609999999999914
2026-05-28 15:00:00;12;28.8;27.383000000000024;1.4169999999999767
2026-05-28 16:00:00;12;28.6;27.236000000000022;1.3639999999999795
2026-05-28 17:00:00;12;28.0;27.056000000000022;0.9439999999999777
2026-05-28 18:00:00;12;27.2;26.547000000000022;0.6529999999999774
2026-05-28 19:00:00;12;26.0;25.93400000000001;0.06599999999998829
2026-05-28 20:00:00;12;24.3;23.855999999999984;0.4440000000000168
2026-05-28 21:00:00;12;23.1;21.81;1.2900000000000027
2026-05-28 22:00:00;12;22.5;20.819000000000003;1.6809999999999974
2026-05-28 23:00:00;12;21.7;20.723;0.9770000000000003
2026-05-29 00:00:00;12;19.5;19.87600000000001;-0.3760000000000083
2026-05-29 01:00:00;12;18.8;18.324;0.4759999999999991
2026-05-29 02:00:00;12;18.3;17.814;0.48600000000000065
2026-05-29 03:00:00;12;17.9;17.575000000000003;0.32499999999999574
2026-05-29 04:00:00;12;17.5;17.90499999999999;-0.4049999999999905
2026-05-29 05:00:00;12;18.4;17.233;1.166999999999998
2026-05-29 06:00:00;12;20.3;18.384;1.9160000000000004
2026-05-29 07:00:00;12;22.4;21.070999999999994;1.3290000000000042
2026-05-29 08:00:00;12;24.8;21.211;3.589000000000002
2026-05-29 09:00:00;12;27.0;24.74499999999999;2.2550000000000097
2026-05-29 10:00:00;12;28.6;26.519000000000005;2.080999999999996
2026-05-29 11:00:00;12;29.4;27.512000000000008;1.887999999999991
2026-05-29 12:00:00;12;29.8;27.47600000000001;2.323999999999991
2026-05-29 13:00:00;12;30.5;27.36300000000001;3.13699999999999
2026-05-29 14:00:00;12;31.0;27.335000000000022;3.664999999999978
2026-05-29 15:00:00;12;31.1;27.326000000000032;3.773999999999969
2026-05-29 16:00:00;12;31.2;27.346000000000025;3.8539999999999743
2026-05-29 17:00:00;12;30.3;27.097000000000026;3.2029999999999745
2026-05-29 18:00:00;12;28.6;26.86400000000002;1.735999999999983
2026-05-29 19:00:00;12;22.5;26.871000000000013;-4.371000000000013
2026-05-29 20:00:00;12;22.8;20.494;2.306000000000001
2026-05-29 21:00:00;12;22.3;20.497999999999998;1.8020000000000032
2026-05-29 22:00:00;12;20.8;19.919999999999995;0.8800000000000061
2026-05-29 23:00:00;12;19.9;18.865000000000002;1.0349999999999966
2026-05-30 00:00:00;12;21.0;18.468000000000004;2.5319999999999965
2026-05-30 01:00:00;12;19.8;19.534000000000002;0.26599999999999824
2026-05-30 02:00:00;12;19.7;18.514000000000006;1.1859999999999928
2026-05-30 03:00:00;12;19.7;18.595000000000002;1.1049999999999969
2026-05-30 04:00:00;12;19.7;18.742000000000004;0.9579999999999949
2026-05-30 05:00:00;12;19.7;18.76300000000001;0.9369999999999905
2026-05-30 06:00:00;12;21.0;18.675000000000008;2.324999999999992
2026-05-30 07:00:00;12;21.2;20.415999999999997;0.7840000000000025
2026-05-30 08:00:00;12;23.5;20.84000000000001;2.6599999999999895
2026-05-30 09:00:00;12;25.2;21.662000000000013;3.537999999999986
2026-05-30 10:00:00;12;26.4;24.14000000000002;2.2599999999999802
2026-05-30 11:00:00;12;27.5;25.72099999999999;1.7790000000000106
2026-05-30 12:00:00;12;27.9;26.521000000000004;1.3789999999999942
2026-05-30 13:00:00;12;29.0;26.886;2.1140000000000008
2026-05-30 14:00:00;12;27.6;27.335000000000008;0.26499999999999346
2026-05-30 15:00:00;12;27.2;26.634000000000004;0.5659999999999954
2026-05-30 16:00:00;12;27.5;26.18100000000001;1.3189999999999884
2026-05-30 17:00:00;12;27.3;26.44900000000001;0.850999999999992
2026-05-30 18:00:00;12;20.9;25.91900000000002;-5.01900000000002
2026-05-30 19:00:00;12;21.3;19.24000000000001;2.0599999999999916
2026-05-30 20:00:00;12;20.5;19.713000000000005;0.7869999999999955
2026-05-30 21:00:00;12;20.4;18.753000000000007;1.6469999999999914
2026-05-30 22:00:00;12;20.0;18.795000000000005;1.2049999999999947
2026-05-30 23:00:00;12;19.7;18.660000000000004;1.0399999999999956
2026-05-13 00:00:00;13;11.8;11.749999999999998;0.05000000000000249
2026-05-13 01:00:00;13;11.6;11.312439999999999;0.2875600000000009
2026-05-13 02:00:00;13;11.4;11.406519999999992;-0.0065199999999911995
2026-05-13 03:00:00;13;11.1;11.27284;-0.17284000000000077
2026-05-13 04:00:00;13;11.1;10.861399999999998;0.2386000000000017
2026-05-13 05:00:00;13;10.9;10.948479999999995;-0.048479999999994305
2026-05-13 06:00:00;13;11.2;11.537480000000006;-0.33748000000000644
2026-05-13 07:00:00;13;11.6;11.629120000000006;-0.02912000000000603
2026-05-13 08:00:00;13;12.1;12.045440000000003;0.05455999999999683
2026-05-13 09:00:00;13;11.8;12.647999999999998;-0.8479999999999972
2026-05-13 10:00:00;13;11.1;12.090000000000002;-0.990000000000002
2026-05-13 11:00:00;13;10.6;10.872320000000002;-0.27232000000000234
2026-05-13 12:00:00;13;10.4;10.266239999999998;0.13376000000000232
2026-05-13 13:00:00;13;11.6;10.444720000000002;1.1552799999999976
2026-05-13 14:00:00;13;11.8;11.85576;-0.055759999999999366
2026-05-13 15:00:00;13;11.9;11.845399999999994;0.05460000000000598
2026-05-13 16:00:00;13;12.1;11.750839999999997;0.349160000000003
2026-05-13 17:00:00;13;12.0;11.651640000000004;0.348359999999996
2026-05-13 18:00:00;13;11.7;11.731560000000002;-0.031560000000002475
2026-05-13 19:00:00;13;11.4;11.262000000000002;0.13799999999999812
2026-05-13 20:00:00;13;10.4;10.991839999999998;-0.5918399999999977
2026-05-13 21:00:00;13;10.4;9.920920000000002;0.47907999999999795
2026-05-13 22:00:00;13;9.7;10.211559999999997;-0.5115599999999976
2026-05-13 23:00:00;13;10.3;9.238999999999997;1.0610000000000035
2026-05-14 00:00:00;13;9.4;10.28392;-0.8839199999999998
2026-05-14 01:00:00;13;9.0;9.067000000000005;-0.0670000000000055
2026-05-14 02:00:00;13;8.9;8.588439999999999;0.31156000000000184
2026-05-14 03:00:00;13;8.9;8.71496;0.18504000000000076
2026-05-14 04:00:00;13;8.4;8.772159999999996;-0.3721599999999956
2026-05-14 05:00:00;13;8.4;8.085159999999997;0.3148400000000038
2026-05-14 06:00:00;13;9.2;8.882880000000002;0.3171199999999974
2026-05-14 07:00:00;13;9.4;10.459000000000001;-1.059000000000001
2026-05-14 08:00:00;13;9.5;9.976800000000004;-0.47680000000000433
2026-05-14 09:00:00;13;9.4;9.973679999999996;-0.573679999999996
2026-05-14 10:00:00;13;10.1;9.742440000000002;0.35755999999999766
2026-05-14 11:00:00;13;10.6;10.926999999999998;-0.3269999999999982
2026-05-14 12:00:00;13;10.6;11.255919999999996;-0.6559199999999965
2026-05-14 13:00:00;13;11.4;11.138800000000005;0.2611999999999952
2026-05-14 14:00:00;13;11.4;11.513479999999998;-0.11347999999999736
2026-05-14 15:00:00;13;11.4;11.372999999999998;0.0270000000000028
2026-05-14 16:00:00;13;11.2;11.263239999999998;-0.06323999999999863
2026-05-14 17:00:00;13;10.9;11.046679999999999;-0.14667999999999815
2026-05-14 18:00:00;13;10.3;10.3352;-0.035199999999999676
2026-05-14 19:00:00;13;9.6;9.88872;-0.28871999999999964
2026-05-14 20:00:00;13;8.6;9.204000000000002;-0.6040000000000028
2026-05-14 21:00:00;13;7.8;8.037000000000003;-0.23700000000000276
2026-05-14 22:00:00;13;7.3;7.132000000000004;0.1679999999999957
2026-05-14 23:00:00;13;6.9;6.822000000000003;0.07799999999999763
2026-05-15 00:00:00;13;7.2;6.587839999999999;0.6121600000000011
2026-05-15 01:00:00;13;6.4;6.985960000000001;-0.5859600000000009
2026-05-15 02:00:00;13;5.8;6.1604399999999995;-0.36043999999999965
2026-05-15 03:00:00;13;6.2;5.492000000000001;0.7079999999999993
2026-05-15 04:00:00;13;6.7;5.95916;0.7408400000000004
2026-05-15 05:00:00;13;7.6;6.711799999999999;0.8882000000000003
2026-05-15 06:00:00;13;9.2;8.894000000000004;0.3059999999999956
2026-05-15 07:00:00;13;10.0;10.916999999999998;-0.916999999999998
2026-05-15 08:00:00;13;10.0;11.135;-1.1349999999999998
2026-05-15 09:00:00;13;10.9;10.152800000000003;0.7471999999999976
2026-05-15 10:00:00;13;11.3;11.7962;-0.4962
2026-05-15 11:00:00;13;11.6;11.890200000000002;-0.29020000000000223
2026-05-15 12:00:00;13;11.7;11.967440000000003;-0.2674400000000041
2026-05-15 13:00:00;13;11.9;11.652999999999999;0.24700000000000166
2026-05-15 14:00:00;13;11.8;12.216000000000001;-0.41600000000000037
2026-05-15 15:00:00;13;11.6;11.836239999999998;-0.23623999999999867
2026-05-15 16:00:00;13;11.4;11.314240000000002;0.08575999999999873
2026-05-15 17:00:00;13;11.1;11.229000000000006;-0.12900000000000666
2026-05-15 18:00:00;13;11.2;10.690000000000005;0.5099999999999945
2026-05-15 19:00:00;13;10.8;10.788;0.012000000000000455
2026-05-15 20:00:00;13;10.6;10.356999999999996;0.24300000000000388
2026-05-15 21:00:00;13;9.6;10.50076;-0.90076
2026-05-15 22:00:00;13;8.9;9.216999999999999;-0.3169999999999984
2026-05-15 23:00:00;13;8.9;8.378000000000004;0.5219999999999967
2026-05-16 00:00:00;13;9.5;8.928119999999996;0.5718800000000037
2026-05-16 01:00:00;13;9.1;9.455919999999997;-0.35591999999999757
2026-05-16 02:00:00;13;8.9;8.78884;0.11115999999999993
2026-05-16 03:00:00;13;9.1;8.632800000000001;0.4671999999999983
2026-05-16 04:00:00;13;8.4;9.033160000000006;-0.6331600000000055
2026-05-16 05:00:00;13;8.7;8.079639999999994;0.6203600000000051
2026-05-16 06:00:00;13;9.7;9.580599999999997;0.1194000000000024
2026-05-16 07:00:00;13;10.4;10.460999999999999;-0.06099999999999817
2026-05-16 08:00:00;13;11.1;11.354000000000008;-0.25400000000000844
2026-05-16 09:00:00;13;11.8;12.085000000000004;-0.2850000000000037
2026-05-16 10:00:00;13;12.2;12.444000000000003;-0.24400000000000333
2026-05-16 11:00:00;13;12.6;12.809999999999997;-0.2099999999999973
2026-05-16 12:00:00;13;13.2;13.410999999999994;-0.21099999999999497
2026-05-16 13:00:00;13;12.9;13.488599999999996;-0.588599999999996
2026-05-16 14:00:00;13;11.9;12.90288;-1.0028799999999993
2026-05-16 15:00:00;13;12.0;12.029999999999998;-0.029999999999997584
2026-05-16 16:00:00;13;12.4;11.884999999999996;0.5150000000000041
2026-05-16 17:00:00;13;12.4;12.355320000000004;0.044679999999996056
2026-05-16 18:00:00;13;12.8;11.957960000000005;0.8420399999999955
2026-05-16 19:00:00;13;12.1;12.325400000000002;-0.22540000000000227
2026-05-16 20:00:00;13;11.6;11.622599999999998;-0.022599999999998843
2026-05-16 21:00:00;13;11.4;11.1;0.3000000000000007
2026-05-16 22:00:00;13;11.2;11.103720000000004;0.09627999999999481
2026-05-16 23:00:00;13;11.2;11.017000000000005;0.1829999999999945
2026-05-17 00:00:00;13;11.1;11.058039999999998;0.04196000000000133
2026-05-17 01:00:00;13;11.1;10.867759999999997;0.23224000000000267
2026-05-17 02:00:00;13;11.0;10.89976;0.10023999999999944
2026-05-17 03:00:00;13;11.1;10.799439999999997;0.3005600000000026
2026-05-17 04:00:00;13;11.0;10.931279999999992;0.06872000000000789
2026-05-17 05:00:00;13;10.9;10.839279999999995;0.060720000000005214
2026-05-17 06:00:00;13;11.4;11.177999999999997;0.22200000000000308
2026-05-17 07:00:00;13;11.8;11.980999999999995;-0.18099999999999383
2026-05-17 08:00:00;13;12.1;12.448000000000002;-0.34800000000000253
2026-05-17 09:00:00;13;12.6;12.877160000000002;-0.27716000000000207
2026-05-17 10:00:00;13;13.0;13.426999999999998;-0.4269999999999978
2026-05-17 11:00:00;13;13.1;13.595999999999995;-0.4959999999999951
2026-05-17 12:00:00;13;13.4;13.525600000000003;-0.12560000000000215
2026-05-17 13:00:00;13;13.6;14.057359999999987;-0.4573599999999871
2026-05-17 14:00:00;13;13.6;13.696280000000002;-0.09628000000000192
2026-05-17 15:00:00;13;13.2;13.550319999999997;-0.3503199999999982
2026-05-17 16:00:00;13;12.9;12.811920000000004;0.08807999999999616
2026-05-17 17:00:00;13;12.7;12.190719999999999;0.5092800000000004
2026-05-17 18:00:00;13;12.6;12.317159999999996;0.28284000000000376
2026-05-17 19:00:00;13;12.1;12.160679999999996;-0.06067999999999607
2026-05-17 20:00:00;13;11.9;11.514;0.386000000000001
2026-05-17 21:00:00;13;11.6;11.611999999999997;-0.011999999999996902
2026-05-17 22:00:00;13;11.5;11.362039999999997;0.1379600000000032
2026-05-17 23:00:00;13;11.2;11.309920000000004;-0.10992000000000424
2026-05-18 00:00:00;13;11.2;11.035280000000006;0.16471999999999376
2026-05-18 01:00:00;13;11.1;11.096439999999998;0.003560000000002006
2026-05-18 02:00:00;13;10.5;10.940239999999994;-0.44023999999999397
2026-05-18 03:00:00;13;10.2;10.183760000000001;0.016239999999998034
2026-05-18 04:00:00;13;10.1;10.051999999999998;0.04800000000000182
2026-05-18 05:00:00;13;9.8;9.900960000000001;-0.1009600000000006
2026-05-18 06:00:00;13;9.6;10.081119999999997;-0.4811199999999971
2026-05-18 07:00:00;13;10.1;9.896879999999996;0.20312000000000374
2026-05-18 08:00:00;13;10.8;11.056720000000006;-0.25672000000000494
2026-05-18 09:00:00;13;11.1;11.390519999999999;-0.290519999999999
2026-05-18 10:00:00;13;11.8;11.525;0.27500000000000036
2026-05-18 11:00:00;13;12.6;12.469000000000001;0.13099999999999845
2026-05-18 12:00:00;13;13.5;13.667999999999989;-0.1679999999999886
2026-05-18 13:00:00;13;13.6;14.036999999999992;-0.4369999999999923
2026-05-18 14:00:00;13;13.2;13.982040000000005;-0.7820400000000056
2026-05-18 15:00:00;13;13.6;13.032119999999995;0.5678800000000042
2026-05-18 16:00:00;13;13.8;13.6046;0.19540000000000113
2026-05-18 17:00:00;13;13.9;13.038999999999998;0.8610000000000024
2026-05-18 18:00:00;13;14.1;13.085999999999995;1.0140000000000047
2026-05-18 19:00:00;13;13.4;13.479159999999995;-0.07915999999999457
2026-05-18 20:00:00;13;12.6;12.366400000000004;0.2335999999999956
2026-05-18 21:00:00;13;12.4;11.848000000000003;0.5519999999999978
2026-05-18 22:00:00;13;12.4;11.984320000000002;0.4156799999999983
2026-05-18 23:00:00;13;12.0;12.102800000000007;-0.10280000000000733
2026-05-19 00:00:00;13;11.9;11.843359999999997;0.056640000000003354
2026-05-19 01:00:00;13;11.968;11.758919999999996;0.2090800000000037
2026-05-19 02:00:00;13;12.036;11.8484;0.18759999999999977
2026-05-19 03:00:00;13;12.104;11.811439999999996;0.2925600000000035
2026-05-19 04:00:00;13;12.172;11.808279999999995;0.36372000000000604
2026-05-19 05:00:00;13;12.24;11.983999999999998;0.256000000000002
2026-05-19 06:00:00;13;12.308;12.403800000000004;-0.0958000000000041
2026-05-19 07:00:00;13;12.376;12.735600000000003;-0.3596000000000039
2026-05-19 08:00:00;13;12.444;12.759400000000005;-0.3154000000000039
2026-05-19 09:00:00;13;12.512;12.794520000000007;-0.282520000000007
2026-05-19 10:00:00;13;12.58;13.160880000000002;-0.5808800000000023
2026-05-19 11:00:00;13;12.648;13.149279999999997;-0.5012799999999977
2026-05-19 12:00:00;13;12.716;13.06903999999999;-0.35303999999999114
2026-05-19 13:00:00;13;12.784;12.940719999999997;-0.15671999999999642
2026-05-19 14:00:00;13;12.852;12.979320000000005;-0.12732000000000454
2026-05-19 15:00:00;13;12.92;12.805000000000009;0.11499999999999133
2026-05-19 16:00:00;13;12.988;12.921000000000006;0.06699999999999307
2026-05-19 17:00:00;13;13.056;12.82644;0.22955999999999932
2026-05-19 18:00:00;13;13.124;12.880799999999997;0.2432000000000034
2026-05-19 19:00:00;13;13.192;12.837200000000005;0.35479999999999556
2026-05-19 20:00:00;13;13.26;13.02595999999999;0.23404000000000913
2026-05-19 21:00:00;13;13.328;13.128919999999995;0.19908000000000392
2026-05-19 22:00:00;13;13.396;13.195079999999994;0.2009200000000071
2026-05-19 23:00:00;13;13.464;13.154799999999998;0.30920000000000236
2026-05-20 00:00:00;13;13.532;13.280280000000003;0.25171999999999706
2026-05-20 01:00:00;13;13.6;13.466919999999998;0.13308000000000142
2026-05-20 02:00:00;13;13.4;13.472199999999996;-0.07219999999999516
2026-05-20 03:00:00;13;13.4;13.142280000000001;0.25771999999999906
2026-05-20 04:00:00;13;13.4;13.151679999999994;0.24832000000000676
2026-05-20 05:00:00;13;13.2;13.195599999999997;0.00440000000000218
2026-05-20 06:00:00;13;13.7;13.665360000000005;0.03463999999999423
2026-05-20 07:00:00;13;13.8;14.297040000000003;-0.4970400000000019
2026-05-20 08:00:00;13;14.6;14.333999999999998;0.2660000000000018
2026-05-20 09:00:00;13;14.9;15.325159999999997;-0.42515999999999643
2026-05-20 10:00:00;13;15.6;15.340160000000003;0.25983999999999696
2026-05-20 11:00:00;13;15.6;15.767999999999995;-0.1679999999999957
2026-05-20 12:00:00;13;16.1;15.343999999999994;0.7560000000000073
2026-05-20 13:00:00;13;16.5;16.137559999999993;0.36244000000000653
2026-05-20 14:00:00;13;16.5;16.264240000000015;0.23575999999998487
2026-05-20 15:00:00;13;16.6;16.042600000000007;0.5573999999999941
2026-05-20 16:00:00;13;16.5;16.039480000000008;0.4605199999999918
2026-05-20 17:00:00;13;16.1;15.858920000000001;0.24108000000000018
2026-05-20 18:00:00;13;15.9;15.525520000000007;0.37447999999999304
2026-05-20 19:00:00;13;15.1;14.93015999999999;0.16984000000000954
2026-05-20 20:00:00;13;13.9;14.520999999999997;-0.6209999999999969
2026-05-20 21:00:00;13;13.1;12.948000000000006;0.15199999999999392
2026-05-20 22:00:00;13;12.8;12.515999999999995;0.284000000000006
2026-05-20 23:00:00;13;12.0;12.395040000000002;-0.3950400000000016
2026-05-21 00:00:00;13;11.6;11.708960000000006;-0.10896000000000683
2026-05-21 01:00:00;13;11.1;11.35228;-0.2522800000000007
2026-05-21 02:00:00;13;10.9;10.855359999999996;0.044640000000004676
2026-05-21 03:00:00;13;10.6;10.605879999999999;-0.005879999999999441
2026-05-21 04:00:00;13;10.2;10.37016;-0.17016000000000098
2026-05-21 05:00:00;13;10.0;9.989840000000001;0.010159999999999059
2026-05-21 06:00:00;13;11.1;10.790799999999997;0.30920000000000236
2026-05-21 07:00:00;13;12.9;12.305000000000005;0.5949999999999953
2026-05-21 08:00:00;13;15.5;14.511120000000005;0.9888799999999947
2026-05-21 09:00:00;13;17.9;17.103000000000016;0.7969999999999828
2026-05-21 10:00:00;13;19.1;19.203999999999986;-0.103999999999985
2026-05-21 11:00:00;13;19.9;20.051999999999996;-0.15199999999999747
2026-05-21 12:00:00;13;21.4;19.997000000000007;1.4029999999999916
2026-05-21 13:00:00;13;21.6;21.604999999999997;-0.0049999999999954525
2026-05-21 14:00:00;13;21.4;18.872000000000003;2.527999999999995
2026-05-21 15:00:00;13;22.0;18.94700000000001;3.05299999999999
2026-05-21 16:00:00;13;22.7;21.395000000000003;1.3049999999999962
2026-05-21 17:00:00;13;22.5;21.887999999999984;0.6120000000000161
2026-05-21 18:00:00;13;22.0;21.052000000000003;0.9479999999999968
2026-05-21 19:00:00;13;20.4;20.034999999999993;0.36500000000000554
2026-05-21 20:00:00;13;18.6;18.54700000000001;0.052999999999990166
2026-05-21 21:00:00;13;17.8;17.363000000000007;0.43699999999999406
2026-05-21 22:00:00;13;17.1;17.08699999999999;0.013000000000012335
2026-05-21 23:00:00;13;16.1;16.139000000000006;-0.03900000000000503
2026-05-22 00:00:00;13;15.5;14.745999999999999;0.7540000000000013
2026-05-22 01:00:00;13;15.1;14.923000000000004;0.17699999999999605
2026-05-22 02:00:00;13;14.6;14.531000000000004;0.06899999999999551
2026-05-22 03:00:00;13;14.1;13.982400000000005;0.11759999999999415
2026-05-22 04:00:00;13;13.8;13.50652;0.29348000000000063
2026-05-22 05:00:00;13;13.9;13.436000000000003;0.46399999999999686
2026-05-22 06:00:00;13;15.6;14.578160000000008;1.021839999999992
2026-05-22 07:00:00;13;17.6;17.152999999999995;0.4470000000000063
2026-05-22 08:00:00;13;20.0;18.83999999999999;1.1600000000000108
2026-05-22 09:00:00;13;22.2;20.809000000000005;1.3909999999999947
2026-05-22 10:00:00;13;24.0;22.570999999999998;1.429000000000002
2026-05-22 11:00:00;13;25.0;24.557999999999993;0.4420000000000073
2026-05-22 12:00:00;13;26.2;24.644000000000002;1.5559999999999974
2026-05-22 13:00:00;13;26.5;26.012000000000004;0.487999999999996
2026-05-22 14:00:00;13;26.9;25.86999999999999;1.0300000000000082
2026-05-22 15:00:00;13;27.0;25.914000000000016;1.0859999999999843
2026-05-22 16:00:00;13;26.8;26.211000000000023;0.5889999999999773
2026-05-22 17:00:00;13;26.3;25.515000000000015;0.7849999999999859
2026-05-22 18:00:00;13;25.8;23.808000000000003;1.9919999999999973
2026-05-22 19:00:00;13;24.1;23.695000000000004;0.4049999999999976
2026-05-22 20:00:00;13;22.6;21.311999999999994;1.2880000000000074
2026-05-22 21:00:00;13;21.6;20.528999999999996;1.071000000000005
2026-05-22 22:00:00;13;20.8;19.828000000000003;0.9719999999999978
2026-05-22 23:00:00;13;20.1;18.846000000000007;1.2539999999999942
2026-05-23 00:00:00;13;19.1;18.662000000000006;0.4379999999999953
2026-05-23 01:00:00;13;18.8;18.078000000000003;0.7219999999999978
2026-05-23 02:00:00;13;18.5;17.882999999999996;0.6170000000000044
2026-05-23 03:00:00;13;18.1;17.723;0.37700000000000244
2026-05-23 04:00:00;13;17.5;18.06099999999999;-0.5609999999999893
2026-05-23 05:00:00;13;17.4;17.124;0.2759999999999998
2026-05-23 06:00:00;13;18.9;17.604;1.2959999999999994
2026-05-23 07:00:00;13;20.1;19.097;1.0030000000000001
2026-05-23 08:00:00;13;21.5;21.128999999999987;0.3710000000000129
2026-05-23 09:00:00;13;22.6;21.271;1.3290000000000006
2026-05-23 10:00:00;13;23.2;20.528999999999996;2.671000000000003
2026-05-23 11:00:00;13;23.2;20.145000000000007;3.0549999999999926
2026-05-23 12:00:00;13;24.2;20.486000000000004;3.713999999999995
2026-05-23 13:00:00;13;23.8;22.804000000000006;0.9959999999999951
2026-05-23 14:00:00;13;23.4;19.859;3.540999999999997
2026-05-23 15:00:00;13;23.6;20.080000000000005;3.519999999999996
2026-05-23 16:00:00;13;23.8;20.87699999999999;2.9230000000000125
2026-05-23 17:00:00;13;23.5;20.759999999999987;2.7400000000000126
2026-05-23 18:00:00;13;22.0;20.079999999999995;1.9200000000000053
2026-05-23 19:00:00;13;20.6;20.14599999999999;0.4540000000000113
2026-05-23 20:00:00;13;19.1;18.962000000000007;0.13799999999999457
2026-05-23 21:00:00;13;18.6;18.135999999999996;0.46400000000000574
2026-05-23 22:00:00;13;18.2;17.696000000000005;0.5039999999999942
2026-05-23 23:00:00;13;17.5;17.225999999999985;0.2740000000000151
2026-05-24 00:00:00;13;16.8;16.866;-0.06599999999999895
2026-05-24 01:00:00;13;16.4;16.108999999999998;0.29100000000000037
2026-05-24 02:00:00;13;16.0;16.10100000000001;-0.10100000000000975
2026-05-24 03:00:00;13;15.6;15.674519999999994;-0.07451999999999437
2026-05-24 04:00:00;13;15.0;15.211440000000005;-0.21144000000000496
2026-05-24 05:00:00;13;15.6;14.750999999999992;0.8490000000000073
2026-05-24 06:00:00;13;17.5;16.551199999999984;0.9488000000000163
2026-05-24 07:00:00;13;20.0;18.133000000000006;1.8669999999999938
2026-05-24 08:00:00;13;22.4;21.78799999999998;0.6120000000000196
2026-05-24 09:00:00;13;24.4;19.851999999999993;4.548000000000005
2026-05-24 10:00:00;13;25.8;23.554000000000006;2.245999999999995
2026-05-24 11:00:00;13;26.2;25.493;0.7070000000000007
2026-05-24 12:00:00;13;27.8;25.744;2.056000000000001
2026-05-24 13:00:00;13;28.2;26.750000000000004;1.4499999999999957
2026-05-24 14:00:00;13;28.5;27.417000000000012;1.0829999999999878
2026-05-24 15:00:00;13;28.2;27.220000000000017;0.9799999999999827
2026-05-24 16:00:00;13;27.8;27.11800000000001;0.6819999999999915
2026-05-24 17:00:00;13;27.1;26.165000000000013;0.9349999999999881
2026-05-24 18:00:00;13;26.0;25.928000000000015;0.07199999999998496
2026-05-24 19:00:00;13;24.6;23.92600000000001;0.6739999999999924
2026-05-24 20:00:00;13;23.7;22.338;1.3619999999999983
2026-05-24 21:00:00;13;23.1;21.301;1.799000000000003
2026-05-24 22:00:00;13;22.5;21.111000000000004;1.3889999999999958
2026-05-24 23:00:00;13;21.7;20.07299999999999;1.6270000000000095
2026-05-25 00:00:00;13;21.0;19.901000000000007;1.098999999999993
2026-05-25 01:00:00;13;20.8;19.466000000000005;1.333999999999996
2026-05-25 02:00:00;13;20.3;19.114000000000008;1.1859999999999928
2026-05-25 03:00:00;13;19.8;18.684000000000005;1.115999999999996
2026-05-25 04:00:00;13;19.4;18.717000000000006;0.6829999999999927
2026-05-25 05:00:00;13;19.4;18.272000000000013;1.127999999999986
2026-05-25 06:00:00;13;21.0;18.470000000000006;2.529999999999994
2026-05-25 07:00:00;13;22.6;21.041000000000004;1.5589999999999975
2026-05-25 08:00:00;13;24.4;21.153999999999996;3.246000000000002
2026-05-25 09:00:00;13;26.4;23.497000000000003;2.902999999999995
2026-05-25 10:00:00;13;28.4;25.916999999999987;2.483000000000011
2026-05-25 11:00:00;13;30.0;27.33900000000002;2.66099999999998
2026-05-25 12:00:00;13;31.5;27.27100000000001;4.2289999999999885
2026-05-25 13:00:00;13;31.8;27.166000000000018;4.633999999999983
2026-05-25 14:00:00;13;32.2;27.136000000000017;5.063999999999986
2026-05-25 15:00:00;13;32.2;27.10500000000002;5.094999999999981
2026-05-25 16:00:00;13;32.0;27.01400000000002;4.985999999999979
2026-05-25 17:00:00;13;31.2;26.779000000000025;4.4209999999999745
2026-05-25 18:00:00;13;30.2;26.85700000000002;3.3429999999999787
2026-05-25 19:00:00;13;28.3;26.82300000000002;1.476999999999979
2026-05-25 20:00:00;13;26.3;26.781000000000017;-0.48100000000001586
2026-05-25 21:00:00;13;25.0;24.171999999999997;0.828000000000003
2026-05-25 22:00:00;13;24.1;22.697000000000003;1.4029999999999987
2026-05-25 23:00:00;13;23.2;21.473;1.7270000000000003
2026-05-26 00:00:00;13;21.9;20.871;1.029
2026-05-26 01:00:00;13;21.2;19.877999999999997;1.3220000000000027
2026-05-26 02:00:00;13;20.5;19.445000000000007;1.0549999999999926
2026-05-26 03:00:00;13;19.9;18.788999999999998;1.1110000000000007
2026-05-26 04:00:00;13;19.2;18.732999999999997;0.4670000000000023
2026-05-26 05:00:00;13;19.1;18.215000000000007;0.8849999999999945
2026-05-26 06:00:00;13;20.7;18.37900000000001;2.320999999999991
2026-05-26 07:00:00;13;22.4;21.141000000000012;1.2589999999999861
2026-05-26 08:00:00;13;24.5;21.70900000000001;2.7909999999999897
2026-05-26 09:00:00;13;26.6;24.767;1.833000000000002
2026-05-26 10:00:00;13;28.6;26.267;2.333000000000002
2026-05-26 11:00:00;13;30.1;27.61200000000001;2.4879999999999924
2026-05-26 12:00:00;13;31.3;28.334999999999994;2.965000000000007
2026-05-26 13:00:00;13;31.5;28.172000000000004;3.327999999999996
2026-05-26 14:00:00;13;31.9;28.050000000000004;3.8499999999999943
2026-05-26 15:00:00;13;31.9;28.033000000000012;3.8669999999999867
2026-05-26 16:00:00;13;31.5;27.951000000000008;3.5489999999999924
2026-05-26 17:00:00;13;31.2;27.200000000000028;3.9999999999999716
2026-05-26 18:00:00;13;30.2;27.01700000000002;3.1829999999999785
2026-05-26 19:00:00;13;28.1;26.89200000000002;1.2079999999999806
2026-05-26 20:00:00;13;25.9;26.65500000000002;-0.7550000000000203
2026-05-26 21:00:00;13;24.3;24.02299999999999;0.2770000000000117
2026-05-26 22:00:00;13;23.4;21.689999999999994;1.7100000000000044
2026-05-26 23:00:00;13;22.8;21.57100000000001;1.228999999999992
2026-05-27 00:00:00;13;21.0;21.357000000000003;-0.35700000000000287
2026-05-27 01:00:00;13;20.4;19.608;0.791999999999998
2026-05-27 02:00:00;13;20.0;19.185000000000002;0.8149999999999977
2026-05-27 03:00:00;13;19.7;19.177000000000007;0.5229999999999926
2026-05-27 04:00:00;13;19.1;18.72000000000001;0.3799999999999919
2026-05-27 05:00:00;13;18.9;18.16800000000001;0.7319999999999887
2026-05-27 06:00:00;13;20.2;18.469;1.730999999999998
2026-05-27 07:00:00;13;22.3;20.292;2.007999999999999
2026-05-27 08:00:00;13;24.6;21.820000000000007;2.779999999999994
2026-05-27 09:00:00;13;26.6;24.673;1.9270000000000032
2026-05-27 10:00:00;13;28.3;26.298999999999996;2.0010000000000048
2026-05-27 11:00:00;13;29.5;27.310000000000016;2.1899999999999835
2026-05-27 12:00:00;13;31.0;27.465000000000014;3.534999999999986
2026-05-27 13:00:00;13;31.3;27.397000000000016;3.9029999999999845
2026-05-27 14:00:00;13;31.6;27.77500000000001;3.824999999999992
2026-05-27 15:00:00;13;31.8;27.772000000000006;4.027999999999995
2026-05-27 16:00:00;13;31.5;27.691000000000013;3.808999999999987
2026-05-27 17:00:00;13;30.9;27.189000000000025;3.7109999999999737
2026-05-27 18:00:00;13;30.5;27.152000000000026;3.347999999999974
2026-05-27 19:00:00;13;28.3;26.95500000000002;1.344999999999981
2026-05-27 20:00:00;13;26.6;26.98600000000002;-0.386000000000017
2026-05-27 21:00:00;13;25.3;24.839999999999996;0.4600000000000044
2026-05-27 22:00:00;13;24.1;23.27;0.8300000000000018
2026-05-27 23:00:00;13;23.2;22.159999999999997;1.0400000000000027
2026-05-28 00:00:00;13;22.2;21.358;0.8419999999999987
2026-05-28 01:00:00;13;21.5;20.701999999999995;0.7980000000000054
2026-05-28 02:00:00;13;21.1;20.14100000000001;0.9589999999999925
2026-05-28 03:00:00;13;20.5;19.586000000000002;0.9139999999999979
2026-05-28 04:00:00;13;20.1;18.848000000000006;1.2519999999999953
2026-05-28 05:00:00;13;20.0;18.856;1.1439999999999984
2026-05-28 06:00:00;13;21.4;18.979999999999997;2.4200000000000017
2026-05-28 07:00:00;13;23.4;20.282000000000007;3.1179999999999914
2026-05-28 08:00:00;13;24.9;21.221000000000004;3.678999999999995
2026-05-28 09:00:00;13;27.3;24.011999999999997;3.288000000000004
2026-05-28 10:00:00;13;29.0;26.470000000000006;2.529999999999994
2026-05-28 11:00:00;13;30.5;27.46800000000001;3.0319999999999894
2026-05-28 12:00:00;13;31.5;27.571999999999992;3.928000000000008
2026-05-28 13:00:00;13;30.7;27.371000000000002;3.328999999999997
2026-05-28 14:00:00;13;29.9;27.193000000000012;2.7069999999999865
2026-05-28 15:00:00;13;30.5;27.21800000000001;3.2819999999999894
2026-05-28 16:00:00;13;30.2;27.29400000000001;2.905999999999988
2026-05-28 17:00:00;13;30.0;26.93800000000002;3.06199999999998
2026-05-28 18:00:00;13;31.1;26.981000000000016;4.118999999999986
2026-05-28 19:00:00;13;29.1;26.942000000000018;2.1579999999999835
2026-05-28 20:00:00;13;26.4;27.048000000000016;-0.6480000000000175
2026-05-28 21:00:00;13;25.9;24.401;1.4989999999999988
2026-05-28 22:00:00;13;25.0;23.98199999999999;1.0180000000000113
2026-05-28 23:00:00;13;23.6;23.114;0.48600000000000065
2026-05-29 00:00:00;13;23.0;20.562;2.437999999999999
2026-05-29 01:00:00;13;22.3;20.529999999999994;1.7700000000000067
2026-05-29 02:00:00;13;22.6;19.87599999999999;2.724000000000011
2026-05-29 03:00:00;13;22.6;20.858999999999995;1.7410000000000068
2026-05-29 04:00:00;13;20.0;19.433999999999994;0.566000000000006
2026-05-29 05:00:00;13;19.4;18.434000000000015;0.9659999999999833
2026-05-29 06:00:00;13;19.0;18.279;0.7210000000000001
2026-05-29 07:00:00;13;19.5;18.71100000000001;0.7889999999999908
2026-05-29 08:00:00;13;19.5;19.619000000000003;-0.11900000000000333
2026-05-29 09:00:00;13;19.5;18.869000000000014;0.630999999999986
2026-05-29 10:00:00;13;20.4;19.667000000000012;0.7329999999999863
2026-05-29 11:00:00;13;20.8;19.378;1.4220000000000006
2026-05-29 12:00:00;13;21.6;20.706000000000003;0.8939999999999984
2026-05-29 13:00:00;13;21.6;20.979000000000013;0.620999999999988
2026-05-29 14:00:00;13;22.5;21.397000000000013;1.1029999999999873
2026-05-29 15:00:00;13;24.2;21.77799999999999;2.4220000000000077
2026-05-29 16:00:00;13;26.1;23.490000000000006;2.609999999999996
2026-05-29 17:00:00;13;25.5;25.179999999999996;0.32000000000000384
2026-05-29 18:00:00;13;18.5;23.164999999999985;-4.664999999999985
2026-05-29 19:00:00;13;18.4;17.71900000000001;0.6809999999999903
2026-05-29 20:00:00;13;18.2;17.592999999999996;0.6070000000000029
2026-05-29 21:00:00;13;18.4;17.363;1.036999999999999
2026-05-29 22:00:00;13;18.5;17.612000000000002;0.8879999999999981
2026-05-29 23:00:00;13;17.9;17.533;0.36699999999999733
2026-05-30 00:00:00;13;17.2;17.309999999999988;-0.10999999999998877
2026-05-30 01:00:00;13;17.1;16.601000000000003;0.4989999999999988
2026-05-30 02:00:00;13;17.1;16.501000000000015;0.598999999999986
2026-05-30 03:00:00;13;17.0;16.610000000000014;0.38999999999998636
2026-05-30 04:00:00;13;16.5;16.500000000000007;-7.105427357601002e-15
2026-05-30 05:00:00;13;17.0;16.336840000000016;0.6631599999999835
2026-05-30 06:00:00;13;17.6;17.434320000000007;0.16567999999999472
2026-05-30 07:00:00;13;19.3;18.083479999999998;1.2165200000000027
2026-05-30 08:00:00;13;20.7;19.820999999999998;0.8790000000000013
2026-05-30 09:00:00;13;21.4;20.647;0.7530000000000001
2026-05-30 10:00:00;13;22.7;19.465999999999998;3.2340000000000018
2026-05-30 11:00:00;13;23.6;20.282999999999998;3.3170000000000037
2026-05-30 12:00:00;13;23.6;23.30399999999999;0.29600000000001003
2026-05-30 13:00:00;13;23.9;23.022000000000002;0.8779999999999966
2026-05-30 14:00:00;13;23.9;23.201999999999995;0.698000000000004
2026-05-30 15:00:00;13;23.4;22.91199999999999;0.4880000000000102
2026-05-30 16:00:00;13;22.5;22.016000000000005;0.48399999999999466
2026-05-30 17:00:00;13;21.3;20.840999999999994;0.45900000000000674
2026-05-30 18:00:00;13;19.9;20.279000000000003;-0.3790000000000049
2026-05-30 19:00:00;13;18.9;18.713;0.1869999999999976
2026-05-30 20:00:00;13;18.0;17.948;0.0519999999999996
2026-05-30 21:00:00;13;17.6;17.10499999999999;0.49500000000001165
2026-05-30 22:00:00;13;17.2;17.12299999999999;0.07700000000000884
2026-05-30 23:00:00;13;17.0;16.693000000000005;0.30699999999999505
2026-05-13 00:00:00;14;7.9;7.954000000000001;-0.05400000000000027
2026-05-13 01:00:00;14;7.6;7.369999999999996;0.23000000000000398
2026-05-13 02:00:00;14;7.3;7.236599999999998;0.06340000000000146
2026-05-13 03:00:00;14;7.5;7.0790399999999964;0.42096000000000355
2026-05-13 04:00:00;14;7.2;7.266119999999996;-0.06611999999999618
2026-05-13 05:00:00;14;7.5;6.9873600000000025;0.5126399999999975
2026-05-13 06:00:00;14;8.5;8.971999999999996;-0.471999999999996
2026-05-13 07:00:00;14;9.0;9.921999999999995;-0.9219999999999953
2026-05-13 08:00:00;14;9.4;9.8286;-0.4285999999999994
2026-05-13 09:00:00;14;10.8;10.207919999999996;0.5920800000000046
2026-05-13 10:00:00;14;11.8;12.010000000000002;-0.21000000000000085
2026-05-13 11:00:00;14;12.8;12.711000000000002;0.08899999999999864
2026-05-13 12:00:00;14;13.3;13.353000000000002;-0.053000000000000824
2026-05-13 13:00:00;14;14.7;13.469;1.2309999999999999
2026-05-13 14:00:00;14;15.0;14.891000000000004;0.10899999999999643
2026-05-13 15:00:00;14;15.6;14.782;0.8179999999999996
2026-05-13 16:00:00;14;15.4;14.653000000000015;0.7469999999999857
2026-05-13 17:00:00;14;14.7;14.575000000000003;0.12499999999999645
2026-05-13 18:00:00;14;14.1;13.413000000000002;0.6869999999999976
2026-05-13 19:00:00;14;12.2;13.359999999999998;-1.1599999999999984
2026-05-13 20:00:00;14;10.8;11.329;-0.5289999999999999
2026-05-13 21:00:00;14;9.8;9.97;-0.16999999999999993
2026-05-13 22:00:00;14;9.2;9.300999999999997;-0.10099999999999731
2026-05-13 23:00:00;14;8.4;8.614999999999997;-0.2149999999999963
2026-05-14 00:00:00;14;8.9;7.959000000000002;0.9409999999999981
2026-05-14 01:00:00;14;8.5;8.784359999999998;-0.2843599999999977
2026-05-14 02:00:00;14;8.1;8.275400000000003;-0.17540000000000333
2026-05-14 03:00:00;14;7.7;7.714199999999997;-0.014199999999997104
2026-05-14 04:00:00;14;7.5;7.340999999999999;0.1590000000000007
2026-05-14 05:00:00;14;7.2;7.261239999999999;-0.06123999999999885
2026-05-14 06:00:00;14;7.2;8.090280000000003;-0.8902800000000033
2026-05-14 07:00:00;14;8.0;8.38756;-0.38756000000000057
2026-05-14 08:00:00;14;9.0;9.368;-0.3680000000000003
2026-05-14 09:00:00;14;10.0;10.114999999999995;-0.11499999999999488
2026-05-14 10:00:00;14;10.5;11.045;-0.5449999999999999
2026-05-14 11:00:00;14;11.2;11.414399999999995;-0.21439999999999593
2026-05-14 12:00:00;14;11.3;12.227799999999995;-0.9277999999999942
2026-05-14 13:00:00;14;12.2;11.527999999999997;0.6720000000000024
2026-05-14 14:00:00;14;12.3;11.653999999999998;0.6460000000000026
2026-05-14 15:00:00;14;12.6;11.955799999999995;0.644200000000005
2026-05-14 16:00:00;14;11.2;12.232759999999995;-1.0327599999999961
2026-05-14 17:00:00;14;10.4;10.904000000000003;-0.5040000000000031
2026-05-14 18:00:00;14;9.2;9.764999999999999;-0.5649999999999995
2026-05-14 19:00:00;14;8.3;8.521;-0.22100000000000009
2026-05-14 20:00:00;14;7.6;7.657600000000007;-0.05760000000000698
2026-05-14 21:00:00;14;6.8;7.035999999999998;-0.235999999999998
2026-05-14 22:00:00;14;6.6;6.436;0.1639999999999997
2026-05-14 23:00:00;14;6.6;6.308439999999999;0.2915600000000005
2026-05-15 00:00:00;14;6.0;6.7146799999999995;-0.7146799999999995
2026-05-15 01:00:00;14;5.4;5.824800000000002;-0.42480000000000206
2026-05-15 02:00:00;14;5.4;5.13032;0.26968000000000014
2026-05-15 03:00:00;14;5.1;5.0982;0.0017999999999993577
2026-05-15 04:00:00;14;4.6;4.764760000000001;-0.16476000000000113
2026-05-15 05:00:00;14;4.5;4.066119999999998;0.43388000000000204
2026-05-15 06:00:00;14;4.7;5.27;-0.5699999999999994
2026-05-15 07:00:00;14;5.1;5.463000000000002;-0.3630000000000022
2026-05-15 08:00:00;14;5.6;6.3012;-0.7012
2026-05-15 09:00:00;14;6.3;6.3683600000000045;-0.06836000000000464
2026-05-15 10:00:00;14;6.2;7.20396;-1.0039600000000002
2026-05-15 11:00:00;14;7.0;6.5756;0.42440000000000033
2026-05-15 12:00:00;14;9.1;7.511600000000002;1.5883999999999974
2026-05-15 13:00:00;14;9.0;9.723;-0.7230000000000008
2026-05-15 14:00:00;14;9.3;8.703600000000003;0.5963999999999974
2026-05-15 15:00:00;14;9.5;9.269480000000003;0.23051999999999673
2026-05-15 16:00:00;14;9.1;9.069359999999996;0.030640000000003553
2026-05-15 17:00:00;14;9.2;8.458400000000003;0.7415999999999965
2026-05-15 18:00:00;14;8.3;8.676559999999995;-0.37655999999999423
2026-05-15 19:00:00;14;7.0;7.885599999999998;-0.8855999999999984
2026-05-15 20:00:00;14;6.2;6.389000000000002;-0.18900000000000183
2026-05-15 21:00:00;14;5.3;5.605120000000002;-0.3051200000000023
2026-05-15 22:00:00;14;4.7;4.889999999999997;-0.18999999999999684
2026-05-15 23:00:00;14;4.2;3.8490799999999994;0.3509200000000008
2026-05-16 00:00:00;14;4.6;3.423519999999997;1.1764800000000029
2026-05-16 01:00:00;14;4.3;3.9665599999999968;0.33344000000000307
2026-05-16 02:00:00;14;3.7;3.8280399999999974;-0.12803999999999727
2026-05-16 03:00:00;14;3.5;3.3309999999999977;0.16900000000000226
2026-05-16 04:00:00;14;3.8;3.20448;0.5955199999999996
2026-05-16 05:00:00;14;4.5;3.6630000000000003;0.8369999999999997
2026-05-16 06:00:00;14;5.5;5.309999999999998;0.19000000000000217
2026-05-16 07:00:00;14;6.4;6.358;0.0420000000000007
2026-05-16 08:00:00;14;7.5;7.4826399999999955;0.017360000000004483
2026-05-16 09:00:00;14;7.9;8.501000000000001;-0.6010000000000009
2026-05-16 10:00:00;14;8.7;8.678799999999999;0.02120000000000033
2026-05-16 11:00:00;14;9.3;9.469000000000005;-0.16900000000000404
2026-05-16 12:00:00;14;10.7;9.960040000000001;0.7399599999999982
2026-05-16 13:00:00;14;11.2;11.38012;-0.1801200000000005
2026-05-16 14:00:00;14;11.6;11.202999999999996;0.3970000000000038
2026-05-16 15:00:00;14;11.5;11.77100000000001;-0.2710000000000097
2026-05-16 16:00:00;14;11.4;11.328000000000001;0.07199999999999918
2026-05-16 17:00:00;14;10.8;10.979000000000001;-0.17900000000000027
2026-05-16 18:00:00;14;10.1;9.860000000000001;0.23999999999999844
2026-05-16 19:00:00;14;8.7;9.385;-0.6850000000000005
2026-05-16 20:00:00;14;8.2;8.107000000000003;0.09299999999999642
2026-05-16 21:00:00;14;7.6;7.441;0.1589999999999998
2026-05-16 22:00:00;14;7.4;6.856;0.5440000000000005
2026-05-16 23:00:00;14;7.2;6.85736;0.3426400000000003
2026-05-17 00:00:00;14;7.6;7.098919999999998;0.5010800000000017
2026-05-17 01:00:00;14;6.9;7.214840000000001;-0.31484000000000023
2026-05-17 02:00:00;14;6.4;6.399000000000002;0.0009999999999985576
2026-05-17 03:00:00;14;5.5;6.099039999999999;-0.5990399999999987
2026-05-17 04:00:00;14;5.2;5.095319999999998;0.10468000000000188
2026-05-17 05:00:00;14;5.4;4.804000000000002;0.5959999999999983
2026-05-17 06:00:00;14;6.9;7.0299999999999985;-0.12999999999999812
2026-05-17 07:00:00;14;9.2;8.984000000000002;0.21599999999999753
2026-05-17 08:00:00;14;10.8;11.121000000000002;-0.3210000000000015
2026-05-17 09:00:00;14;11.9;11.979000000000003;-0.0790000000000024
2026-05-17 10:00:00;14;12.9;12.630999999999997;0.2690000000000037
2026-05-17 11:00:00;14;13.9;13.411;0.48900000000000077
2026-05-17 12:00:00;14;15.1;14.791000000000002;0.3089999999999975
2026-05-17 13:00:00;14;16.1;15.616000000000001;0.484
2026-05-17 14:00:00;14;16.6;16.708280000000006;-0.10828000000000415
2026-05-17 15:00:00;14;16.6;16.531999999999996;0.06800000000000495
2026-05-17 16:00:00;14;16.4;16.04903999999999;0.3509600000000077
2026-05-17 17:00:00;14;14.6;15.570000000000004;-0.9700000000000042
2026-05-17 18:00:00;14;14.7;13.135;1.5649999999999995
2026-05-17 19:00:00;14;13.1;13.424000000000005;-0.3240000000000052
2026-05-17 20:00:00;14;12.2;11.985999999999995;0.21400000000000396
2026-05-17 21:00:00;14;10.7;11.56000000000001;-0.8600000000000101
2026-05-17 22:00:00;14;9.9;9.670000000000002;0.22999999999999865
2026-05-17 23:00:00;14;9.6;9.313000000000002;0.28699999999999726
2026-05-18 00:00:00;14;9.3;9.182000000000006;0.117999999999995
2026-05-18 01:00:00;14;8.5;8.864039999999996;-0.3640399999999957
2026-05-18 02:00:00;14;8.2;8.133399999999998;0.0666000000000011
2026-05-18 03:00:00;14;7.6;7.930839999999998;-0.33083999999999847
2026-05-18 04:00:00;14;7.2;7.246000000000001;-0.04600000000000115
2026-05-18 05:00:00;14;7.8;6.7970000000000015;1.0029999999999983
2026-05-18 06:00:00;14;9.2;9.113;0.08699999999999974
2026-05-18 07:00:00;14;10.4;11.35;-0.9499999999999993
2026-05-18 08:00:00;14;11.0;12.054;-1.0540000000000003
2026-05-18 09:00:00;14;11.6;11.988920000000007;-0.3889200000000077
2026-05-18 10:00:00;14;12.4;12.65528;-0.25527999999999906
2026-05-18 11:00:00;14;13.4;13.163999999999996;0.2360000000000042
2026-05-18 12:00:00;14;14.8;14.176000000000002;0.6239999999999988
2026-05-18 13:00:00;14;15.0;15.072000000000003;-0.07200000000000273
2026-05-18 14:00:00;14;15.2;14.837400000000004;0.36259999999999515
2026-05-18 15:00:00;14;15.3;15.337399999999997;-0.037399999999996325
2026-05-18 16:00:00;14;14.9;15.317200000000009;-0.41720000000000823
2026-05-18 17:00:00;14;14.4;13.670999999999998;0.7290000000000028
2026-05-18 18:00:00;14;14.1;13.543000000000001;0.5569999999999986
2026-05-18 19:00:00;14;12.4;13.385159999999999;-0.9851599999999987
2026-05-18 20:00:00;14;11.6;11.396999999999998;0.20300000000000118
2026-05-18 21:00:00;14;11.0;10.991;0.009000000000000341
2026-05-18 22:00:00;14;10.1;10.402000000000005;-0.30200000000000493
2026-05-18 23:00:00;14;9.3;9.430999999999997;-0.13099999999999667
2026-05-19 00:00:00;14;9.0;8.467999999999998;0.5320000000000018
2026-05-19 01:00:00;14;9.104;8.783999999999999;0.3200000000000003
2026-05-19 02:00:00;14;9.208;8.711880000000004;0.4961199999999959
2026-05-19 03:00:00;14;9.312;8.945559999999999;0.36644000000000077
2026-05-19 04:00:00;14;9.416;9.171720000000002;0.24427999999999805
2026-05-19 05:00:00;14;9.52;9.201399999999996;0.31860000000000355
2026-05-19 06:00:00;14;9.624;10.22916;-0.6051599999999997
2026-05-19 07:00:00;14;9.728;10.141399999999999;-0.4133999999999993
2026-05-19 08:00:00;14;9.832;10.098039999999997;-0.2660399999999967
2026-05-19 09:00:00;14;9.936;10.277119999999998;-0.3411199999999983
2026-05-19 10:00:00;14;10.04;10.338680000000004;-0.2986800000000045
2026-05-19 11:00:00;14;10.144;10.228480000000005;-0.08448000000000455
2026-05-19 12:00:00;14;10.248;10.120519999999999;0.12748000000000026
2026-05-19 13:00:00;14;10.352;10.140479999999995;0.21152000000000548
2026-05-19 14:00:00;14;10.456;10.258680000000002;0.19731999999999772
2026-05-19 15:00:00;14;10.56;10.346880000000006;0.21311999999999465
2026-05-19 16:00:00;14;10.664;10.421880000000002;0.24211999999999811
2026-05-19 17:00:00;14;10.768;10.519799999999998;0.24820000000000242
2026-05-19 18:00:00;14;10.872;10.422279999999995;0.44972000000000456
2026-05-19 19:00:00;14;10.976;10.663479999999998;0.3125200000000028
2026-05-19 20:00:00;14;11.08;10.761279999999998;0.31872000000000256
2026-05-19 21:00:00;14;11.184;10.848159999999996;0.3358400000000028
2026-05-19 22:00:00;14;11.288;10.969280000000001;0.318719999999999
2026-05-19 23:00:00;14;11.392;10.924240000000003;0.4677599999999966
2026-05-20 00:00:00;14;11.496;11.263399999999995;0.23260000000000502
2026-05-20 01:00:00;14;11.6;11.109679999999994;0.49032000000000586
2026-05-20 02:00:00;14;11.0;11.399239999999995;-0.3992399999999954
2026-05-20 03:00:00;14;10.8;10.8038;-0.0038000000000000256
2026-05-20 04:00:00;14;10.5;10.49268;0.007319999999999993
2026-05-20 05:00:00;14;10.9;10.178639999999998;0.7213600000000024
2026-05-20 06:00:00;14;12.5;11.444119999999998;1.055880000000002
2026-05-20 07:00:00;14;14.5;13.433;1.0670000000000002
2026-05-20 08:00:00;14;16.6;15.800759999999995;0.7992400000000064
2026-05-20 09:00:00;14;17.8;17.787000000000006;0.012999999999994571
2026-05-20 10:00:00;14;18.9;19.092999999999996;-0.19299999999999784
2026-05-20 11:00:00;14;19.5;19.771000000000004;-0.27100000000000435
2026-05-20 12:00:00;14;20.2;19.980000000000004;0.2199999999999953
2026-05-20 13:00:00;14;20.1;20.487;-0.3869999999999969
2026-05-20 14:00:00;14;20.6;20.202999999999996;0.39700000000000557
2026-05-20 15:00:00;14;21.2;20.212999999999997;0.9870000000000019
2026-05-20 16:00:00;14;21.8;20.63500000000001;1.164999999999992
2026-05-20 17:00:00;14;20.8;21.048999999999996;-0.24899999999999523
2026-05-20 18:00:00;14;19.9;19.642000000000007;0.257999999999992
2026-05-20 19:00:00;14;18.0;18.642;-0.6419999999999995
2026-05-20 20:00:00;14;16.6;16.98100000000001;-0.38100000000000733
2026-05-20 21:00:00;14;14.9;15.746999999999993;-0.8469999999999924
2026-05-20 22:00:00;14;14.0;13.923999999999994;0.07600000000000584
2026-05-20 23:00:00;14;13.4;13.305999999999992;0.0940000000000083
2026-05-21 00:00:00;14;12.3;13.196440000000004;-0.8964400000000037
2026-05-21 01:00:00;14;11.7;11.807000000000007;-0.1070000000000082
2026-05-21 02:00:00;14;11.2;11.040999999999997;0.15900000000000247
2026-05-21 03:00:00;14;10.7;10.9804;-0.2804000000000002
2026-05-21 04:00:00;14;10.3;10.266000000000005;0.03399999999999537
2026-05-21 05:00:00;14;11.1;9.963000000000005;1.1369999999999951
2026-05-21 06:00:00;14;13.0;11.97635999999999;1.0236400000000092
2026-05-21 07:00:00;14;14.8;15.086999999999996;-0.2869999999999955
2026-05-21 08:00:00;14;16.8;16.931000000000015;-0.13100000000001444
2026-05-21 09:00:00;14;18.8;18.774999999999995;0.025000000000005684
2026-05-21 10:00:00;14;20.6;20.178000000000008;0.4219999999999935
2026-05-21 11:00:00;14;22.1;21.984000000000016;0.11599999999998545
2026-05-21 12:00:00;14;23.8;23.165999999999993;0.6340000000000074
2026-05-21 13:00:00;14;24.6;24.541000000000007;0.058999999999993946
2026-05-21 14:00:00;14;24.9;24.745999999999995;0.15400000000000347
2026-05-21 15:00:00;14;24.9;24.656999999999986;0.24300000000001276
2026-05-21 16:00:00;14;24.6;24.328000000000003;0.27199999999999847
2026-05-21 17:00:00;14;23.7;23.680999999999997;0.019000000000001904
2026-05-21 18:00:00;14;23.2;22.129;1.070999999999998
2026-05-21 19:00:00;14;20.9;21.697999999999993;-0.7979999999999947
2026-05-21 20:00:00;14;19.4;19.753;-0.35300000000000153
2026-05-21 21:00:00;14;18.0;18.092;-0.09199999999999875
2026-05-21 22:00:00;14;16.8;16.84399999999999;-0.043999999999989825
2026-05-21 23:00:00;14;15.6;15.715999999999994;-0.11599999999999433
2026-05-22 00:00:00;14;14.3;14.695000000000004;-0.3950000000000031
2026-05-22 01:00:00;14;13.9;13.337000000000005;0.5629999999999953
2026-05-22 02:00:00;14;13.8;13.183000000000007;0.6169999999999938
2026-05-22 03:00:00;14;13.5;13.127999999999993;0.372000000000007
2026-05-22 04:00:00;14;13.3;12.837999999999997;0.4620000000000033
2026-05-22 05:00:00;14;14.3;13.162079999999998;1.137920000000003
2026-05-22 06:00:00;14;17.1;15.464200000000003;1.635799999999998
2026-05-22 07:00:00;14;20.1;17.603000000000005;2.4969999999999963
2026-05-22 08:00:00;14;22.5;21.724999999999987;0.7750000000000128
2026-05-22 09:00:00;14;24.4;23.798;0.6020000000000003
2026-05-22 10:00:00;14;25.9;25.468000000000004;0.43199999999999505
2026-05-22 11:00:00;14;27.0;26.330999999999996;0.669000000000004
2026-05-22 12:00:00;14;28.3;27.30100000000001;0.9989999999999917
2026-05-22 13:00:00;14;28.8;28.193;0.6069999999999993
2026-05-22 14:00:00;14;28.9;28.134000000000004;0.7659999999999947
2026-05-22 15:00:00;14;28.7;27.846000000000014;0.853999999999985
2026-05-22 16:00:00;14;28.0;27.046000000000006;0.9539999999999935
2026-05-22 17:00:00;14;26.5;26.320000000000007;0.1799999999999926
2026-05-22 18:00:00;14;25.2;24.44000000000001;0.7599999999999909
2026-05-22 19:00:00;14;23.3;23.290999999999983;0.009000000000018105
2026-05-22 20:00:00;14;22.3;21.889000000000006;0.41099999999999426
2026-05-22 21:00:00;14;21.4;20.503999999999984;0.896000000000015
2026-05-22 22:00:00;14;20.6;20.424000000000007;0.17599999999999483
2026-05-22 23:00:00;14;19.8;19.143;0.657
2026-05-23 00:00:00;14;18.7;18.23300000000001;0.4669999999999881
2026-05-23 01:00:00;14;17.9;17.397;0.5030000000000001
2026-05-23 02:00:00;14;17.1;17.185999999999993;-0.08599999999999142
2026-05-23 03:00:00;14;16.5;16.354000000000003;0.14599999999999724
2026-05-23 04:00:00;14;16.1;15.80399999999999;0.2960000000000118
2026-05-23 05:00:00;14;16.7;15.871439999999998;0.8285600000000013
2026-05-23 06:00:00;14;18.8;16.929840000000002;1.8701599999999985
2026-05-23 07:00:00;14;21.1;19.726999999999993;1.3730000000000082
2026-05-23 08:00:00;14;23.2;21.731000000000005;1.468999999999994
2026-05-23 09:00:00;14;25.0;24.055999999999997;0.9440000000000026
2026-05-23 10:00:00;14;26.6;25.542000000000012;1.0579999999999892
2026-05-23 11:00:00;14;27.8;26.599999999999994;1.2000000000000064
2026-05-23 12:00:00;14;28.9;27.87300000000001;1.0269999999999868
2026-05-23 13:00:00;14;29.5;28.220000000000024;1.2799999999999763
2026-05-23 14:00:00;14;29.8;28.145000000000017;1.6549999999999834
2026-05-23 15:00:00;14;29.5;27.557000000000016;1.9429999999999836
2026-05-23 16:00:00;14;28.6;27.387000000000004;1.2129999999999974
2026-05-23 17:00:00;14;27.2;26.735000000000014;0.46499999999998565
2026-05-23 18:00:00;14;26.4;25.73400000000001;0.6659999999999897
2026-05-23 19:00:00;14;24.8;24.568000000000005;0.23199999999999577
2026-05-23 20:00:00;14;23.5;23.60199999999999;-0.10199999999998965
2026-05-23 21:00:00;14;22.3;22.051000000000013;0.24899999999998812
2026-05-23 22:00:00;14;21.1;20.93999999999999;0.1600000000000108
2026-05-23 23:00:00;14;20.5;19.85800000000001;0.6419999999999888
2026-05-24 00:00:00;14;18.7;19.38200000000001;-0.6820000000000093
2026-05-24 01:00:00;14;18.0;17.516000000000005;0.48399999999999466
2026-05-24 02:00:00;14;17.4;17.20999999999999;0.19000000000000838
2026-05-24 03:00:00;14;16.6;16.44000000000001;0.15999999999999304
2026-05-24 04:00:00;14;15.8;15.940000000000003;-0.14000000000000234
2026-05-24 05:00:00;14;16.3;15.767280000000003;0.5327199999999976
2026-05-24 06:00:00;14;18.0;16.861480000000007;1.1385199999999926
2026-05-24 07:00:00;14;20.9;19.89799999999999;1.0020000000000095
2026-05-24 08:00:00;14;23.3;21.897000000000002;1.4029999999999987
2026-05-24 09:00:00;14;25.2;24.249000000000006;0.9509999999999934
2026-05-24 10:00:00;14;27.1;25.560000000000006;1.5399999999999956
2026-05-24 11:00:00;14;28.7;27.227000000000007;1.4729999999999919
2026-05-24 12:00:00;14;30.2;28.186000000000007;2.0139999999999922
2026-05-24 13:00:00;14;30.9;28.23000000000002;2.669999999999977
2026-05-24 14:00:00;14;31.1;28.064000000000018;3.0359999999999836
2026-05-24 15:00:00;14;30.6;27.560000000000016;3.039999999999985
2026-05-24 16:00:00;14;29.5;27.144000000000005;2.3559999999999945
2026-05-24 17:00:00;14;28.7;26.96500000000001;1.7349999999999888
2026-05-24 18:00:00;14;28.1;26.82100000000001;1.2789999999999928
2026-05-24 19:00:00;14;25.8;26.479000000000006;-0.6790000000000056
2026-05-24 20:00:00;14;24.1;23.507999999999996;0.5920000000000059
2026-05-24 21:00:00;14;22.9;21.608;1.291999999999998
2026-05-24 22:00:00;14;21.4;20.572999999999997;0.8270000000000017
2026-05-24 23:00:00;14;20.0;19.631;0.3689999999999998
2026-05-25 00:00:00;14;19.5;18.670999999999996;0.8290000000000042
2026-05-25 01:00:00;14;18.9;18.225999999999996;0.674000000000003
2026-05-25 02:00:00;14;18.6;17.704;0.8960000000000008
2026-05-25 03:00:00;14;18.3;17.733;0.5670000000000002
2026-05-25 04:00:00;14;18.1;18.469999999999988;-0.3699999999999868
2026-05-25 05:00:00;14;18.9;18.576999999999988;0.32300000000001106
2026-05-25 06:00:00;14;21.2;18.658;2.541999999999998
2026-05-25 07:00:00;14;24.1;21.470000000000006;2.6299999999999955
2026-05-25 08:00:00;14;26.4;24.362999999999996;2.0370000000000026
2026-05-25 09:00:00;14;28.1;26.31699999999999;1.783000000000012
2026-05-25 10:00:00;14;29.3;27.116000000000007;2.183999999999994
2026-05-25 11:00:00;14;30.5;27.50800000000001;2.9919999999999902
2026-05-25 12:00:00;14;31.4;28.01900000000001;3.3809999999999896
2026-05-25 13:00:00;14;31.6;27.787000000000006;3.8129999999999953
2026-05-25 14:00:00;14;31.9;27.87200000000001;4.027999999999988
2026-05-25 15:00:00;14;30.4;27.115000000000013;3.284999999999986
2026-05-25 16:00:00;14;28.2;26.888000000000012;1.311999999999987
2026-05-25 17:00:00;14;28.6;26.783000000000015;1.816999999999986
2026-05-25 18:00:00;14;28.8;26.975000000000023;1.824999999999978
2026-05-25 19:00:00;14;27.2;26.937000000000015;0.2629999999999839
2026-05-25 20:00:00;14;25.7;25.779000000000007;-0.07900000000000773
2026-05-25 21:00:00;14;24.0;23.986000000000004;0.013999999999995794
2026-05-25 22:00:00;14;22.6;22.756;-0.1559999999999988
2026-05-25 23:00:00;14;21.3;21.49499999999999;-0.19499999999998963
2026-05-26 00:00:00;14;18.7;19.534000000000006;-0.8340000000000067
2026-05-26 01:00:00;14;18.3;17.298000000000002;1.001999999999999
2026-05-26 02:00:00;14;18.4;17.284999999999993;1.1150000000000055
2026-05-26 03:00:00;14;18.4;17.697;0.7029999999999994
2026-05-26 04:00:00;14;18.3;18.54899999999999;-0.24899999999998812
2026-05-26 05:00:00;14;19.1;18.564999999999984;0.5350000000000179
2026-05-26 06:00:00;14;21.5;18.645;2.8550000000000004
2026-05-26 07:00:00;14;23.8;21.63199999999999;2.16800000000001
2026-05-26 08:00:00;14;26.1;23.927999999999994;2.1720000000000077
2026-05-26 09:00:00;14;28.0;26.171999999999993;1.8280000000000065
2026-05-26 10:00:00;14;29.5;27.129000000000005;2.370999999999995
2026-05-26 11:00:00;14;30.4;27.505000000000013;2.8949999999999854
2026-05-26 12:00:00;14;30.8;27.942000000000004;2.857999999999997
2026-05-26 13:00:00;14;31.8;27.866000000000007;3.933999999999994
2026-05-26 14:00:00;14;31.8;27.84400000000001;3.9559999999999924
2026-05-26 15:00:00;14;32.0;27.816000000000013;4.183999999999987
2026-05-26 16:00:00;14;31.6;27.891000000000016;3.7089999999999854
2026-05-26 17:00:00;14;30.5;27.630000000000013;2.869999999999987
2026-05-26 18:00:00;14;29.5;27.584000000000017;1.9159999999999826
2026-05-26 19:00:00;14;28.2;27.01400000000002;1.1859999999999786
2026-05-26 20:00:00;14;26.6;26.929000000000016;-0.32900000000001484
2026-05-26 21:00:00;14;25.7;24.861000000000008;0.8389999999999915
2026-05-26 22:00:00;14;24.8;23.966000000000005;0.8339999999999961
2026-05-26 23:00:00;14;24.1;23.645999999999994;0.45400000000000773
2026-05-27 00:00:00;14;21.5;22.090999999999994;-0.590999999999994
2026-05-27 01:00:00;14;20.3;20.224;0.07600000000000051
2026-05-27 02:00:00;14;19.8;19.098;0.7020000000000017
2026-05-27 03:00:00;14;19.5;18.575000000000003;0.9249999999999972
2026-05-27 04:00:00;14;19.1;18.274999999999995;0.8250000000000064
2026-05-27 05:00:00;14;19.5;18.25400000000001;1.2459999999999916
2026-05-27 06:00:00;14;21.0;18.474;2.526
2026-05-27 07:00:00;14;23.1;21.476000000000013;1.6239999999999881
2026-05-27 08:00:00;14;25.2;23.00399999999999;2.1960000000000086
2026-05-27 09:00:00;14;26.9;25.257;1.6429999999999971
2026-05-27 10:00:00;14;28.4;26.209;2.190999999999999
2026-05-27 11:00:00;14;29.6;27.41500000000001;2.1849999999999916
2026-05-27 12:00:00;14;31.2;27.83700000000003;3.3629999999999676
2026-05-27 13:00:00;14;31.1;27.637000000000015;3.4629999999999868
2026-05-27 14:00:00;14;31.1;27.546000000000017;3.5539999999999843
2026-05-27 15:00:00;14;31.1;27.507000000000016;3.5929999999999858
2026-05-27 16:00:00;14;30.6;27.49000000000002;3.1099999999999817
2026-05-27 17:00:00;14;30.1;27.466000000000022;2.633999999999979
2026-05-27 18:00:00;14;28.9;27.374000000000024;1.525999999999975
2026-05-27 19:00:00;14;27.1;27.459000000000024;-0.3590000000000231
2026-05-27 20:00:00;14;25.5;26.309000000000015;-0.8090000000000153
2026-05-27 21:00:00;14;24.0;24.366;-0.36599999999999966
2026-05-27 22:00:00;14;22.7;22.889;-0.18900000000000006
2026-05-27 23:00:00;14;21.6;21.689999999999994;-0.08999999999999275
2026-05-28 00:00:00;14;20.3;20.460000000000008;-0.16000000000000725
2026-05-28 01:00:00;14;19.6;19.068000000000005;0.5319999999999965
2026-05-28 02:00:00;14;18.9;18.313;0.5869999999999997
2026-05-28 03:00:00;14;17.9;17.913;-0.013000000000001677
2026-05-28 04:00:00;14;17.1;17.942999999999994;-0.8429999999999929
2026-05-28 05:00:00;14;17.2;17.147999999999993;0.05200000000000671
2026-05-28 06:00:00;14;19.1;17.366999999999997;1.733000000000004
2026-05-28 07:00:00;14;21.2;19.662999999999993;1.5370000000000061
2026-05-28 08:00:00;14;23.2;21.717000000000006;1.4829999999999934
2026-05-28 09:00:00;14;25.7;23.853999999999992;1.8460000000000072
2026-05-28 10:00:00;14;28.1;25.76900000000001;2.3309999999999924
2026-05-28 11:00:00;14;28.7;27.13800000000002;1.5619999999999798
2026-05-28 12:00:00;14;29.8;27.672000000000025;2.1279999999999752
2026-05-28 13:00:00;14;29.8;27.573000000000025;2.2269999999999754
2026-05-28 14:00:00;14;29.6;27.588000000000026;2.0119999999999756
2026-05-28 15:00:00;14;29.4;27.36800000000002;2.0319999999999787
2026-05-28 16:00:00;14;28.8;27.26900000000002;1.530999999999981
2026-05-28 17:00:00;14;27.8;26.84600000000002;0.9539999999999793
2026-05-28 18:00:00;14;27.5;26.536000000000016;0.9639999999999844
2026-05-28 19:00:00;14;25.8;26.065000000000012;-0.2650000000000112
2026-05-28 20:00:00;14;24.3;24.278999999999996;0.02100000000000435
2026-05-28 21:00:00;14;22.9;23.158000000000015;-0.2580000000000169
2026-05-28 22:00:00;14;21.6;22.037000000000003;-0.43700000000000117
2026-05-28 23:00:00;14;20.4;20.43100000000001;-0.031000000000013017
2026-05-29 00:00:00;14;19.2;19.152000000000005;0.047999999999994714
2026-05-29 01:00:00;14;18.4;17.944999999999993;0.4550000000000054
2026-05-29 02:00:00;14;17.5;17.421000000000006;0.07899999999999352
2026-05-29 03:00:00;14;16.6;16.492;0.10800000000000054
2026-05-29 04:00:00;14;16.2;15.798000000000002;0.40199999999999747
2026-05-29 05:00:00;14;17.2;16.090280000000003;1.1097199999999958
2026-05-29 06:00:00;14;18.7;17.475;1.2249999999999979
2026-05-29 07:00:00;14;20.6;19.33599999999999;1.26400000000001
2026-05-29 08:00:00;14;22.7;21.497000000000003;1.2029999999999959
2026-05-29 09:00:00;14;24.8;23.889;0.9110000000000014
2026-05-29 10:00:00;14;27.2;25.43399999999999;1.766000000000009
2026-05-29 11:00:00;14;28.8;27.110000000000017;1.6899999999999835
2026-05-29 12:00:00;14;30.1;27.880000000000024;2.2199999999999775
2026-05-29 13:00:00;14;30.2;27.87200000000002;2.327999999999978
2026-05-29 14:00:00;14;30.1;27.737000000000016;2.3629999999999853
2026-05-29 15:00:00;14;29.9;27.66400000000002;2.2359999999999793
2026-05-29 16:00:00;14;29.4;27.62900000000002;1.7709999999999795
2026-05-29 17:00:00;14;28.7;27.367000000000015;1.3329999999999842
2026-05-29 18:00:00;14;27.9;27.21600000000001;0.6839999999999868
2026-05-29 19:00:00;14;26.3;26.281000000000002;0.01899999999999835
2026-05-29 20:00:00;14;23.7;24.25;-0.5500000000000007
2026-05-29 21:00:00;14;22.2;21.432999999999993;0.7670000000000066
2026-05-29 22:00:00;14;21.2;20.803999999999988;0.39600000000001145
2026-05-29 23:00:00;14;20.8;19.71100000000001;1.0889999999999915
2026-05-30 00:00:00;14;19.1;19.548;-0.44799999999999685
2026-05-30 01:00:00;14;19.0;18.034999999999997;0.9650000000000034
2026-05-30 02:00:00;14;18.6;17.922000000000004;0.6779999999999973
2026-05-30 03:00:00;14;18.1;17.78899999999999;0.3110000000000106
2026-05-30 04:00:00;14;17.8;18.585999999999984;-0.7859999999999836
2026-05-30 05:00:00;14;18.6;18.606999999999985;-0.006999999999983686
2026-05-30 06:00:00;14;20.1;18.822999999999993;1.2770000000000081
2026-05-30 07:00:00;14;22.5;20.37;2.129999999999999
2026-05-30 08:00:00;14;25.2;22.553000000000008;2.6469999999999914
2026-05-30 09:00:00;14;27.3;25.578999999999997;1.7210000000000036
2026-05-30 10:00:00;14;28.8;27.511000000000013;1.2889999999999873
2026-05-30 11:00:00;14;29.8;28.20300000000002;1.59699999999998
2026-05-30 12:00:00;14;30.6;27.865000000000027;2.7349999999999746
2026-05-30 13:00:00;14;30.8;27.730000000000018;3.0699999999999825
2026-05-30 14:00:00;14;31.1;27.71400000000002;3.3859999999999815
2026-05-30 15:00:00;14;31.0;27.67800000000002;3.3219999999999814
2026-05-30 16:00:00;14;30.5;27.93800000000002;2.56199999999998
2026-05-30 17:00:00;14;29.8;27.474000000000025;2.3259999999999756
2026-05-30 18:00:00;14;29.1;27.791000000000018;1.3089999999999833
2026-05-30 19:00:00;14;27.2;27.06900000000002;0.1309999999999789
2026-05-30 20:00:00;14;25.4;26.08400000000001;-0.6840000000000117
2026-05-30 21:00:00;14;23.6;23.974000000000004;-0.37400000000000233
2026-05-30 22:00:00;14;22.3;22.033000000000012;0.2669999999999888
2026-05-30 23:00:00;14;21.0;20.818999999999992;0.18100000000000804
2026-05-13 00:00:00;15;13.7;13.881599999999999;-0.18159999999999954
2026-05-13 01:00:00;15;12.7;13.2808;-0.5808
2026-05-13 02:00:00;15;12.0;12.27;-0.2699999999999996
2026-05-13 03:00:00;15;12.0;11.785999999999996;0.21400000000000396
2026-05-13 04:00:00;15;12.0;12.19484;-0.19483999999999924
2026-05-13 05:00:00;15;12.4;12.26424;0.1357600000000012
2026-05-13 06:00:00;15;14.9;13.886880000000009;1.0131199999999918
2026-05-13 07:00:00;15;17.1;17.112000000000002;-0.012000000000000455
2026-05-13 08:00:00;15;18.4;18.708;-0.30799999999999983
2026-05-13 09:00:00;15;19.4;19.405999999999995;-0.005999999999996675
2026-05-13 10:00:00;15;20.5;20.230000000000015;0.26999999999998536
2026-05-13 11:00:00;15;20.9;20.932;-0.03200000000000003
2026-05-13 12:00:00;15;21.7;20.90599999999999;0.7940000000000076
2026-05-13 13:00:00;15;21.0;21.769999999999996;-0.769999999999996
2026-05-13 14:00:00;15;21.4;20.746;0.6539999999999999
2026-05-13 15:00:00;15;21.0;20.952;0.047999999999998266
2026-05-13 16:00:00;15;20.7;20.37400000000001;0.32599999999998985
2026-05-13 17:00:00;15;20.2;20.134000000000007;0.06599999999999184
2026-05-13 18:00:00;15;20.1;19.460999999999995;0.6390000000000065
2026-05-13 19:00:00;15;19.1;19.308999999999997;-0.20899999999999608
2026-05-13 20:00:00;15;18.2;18.12600000000001;0.07399999999999096
2026-05-13 21:00:00;15;17.5;17.371000000000002;0.12899999999999778
2026-05-13 22:00:00;15;16.8;16.927;-0.1269999999999989
2026-05-13 23:00:00;15;16.1;16.08299999999999;0.017000000000010118
2026-05-14 00:00:00;15;16.0;15.018999999999997;0.9810000000000034
2026-05-14 01:00:00;15;15.3;15.55051999999999;-0.2505199999999892
2026-05-14 02:00:00;15;14.5;14.772999999999998;-0.2729999999999979
2026-05-14 03:00:00;15;13.9;14.109600000000006;-0.20960000000000534
2026-05-14 04:00:00;15;13.5;13.476000000000006;0.023999999999993804
2026-05-14 05:00:00;15;13.1;13.2328;-0.13279999999999959
2026-05-14 06:00:00;15;14.3;13.598639999999996;0.7013600000000046
2026-05-14 07:00:00;15;15.6;15.991999999999994;-0.39199999999999413
2026-05-14 08:00:00;15;16.7;16.843000000000004;-0.14300000000000423
2026-05-14 09:00:00;15;17.1;17.886000000000003;-0.7860000000000014
2026-05-14 10:00:00;15;17.3;18.165000000000006;-0.8650000000000055
2026-05-14 11:00:00;15;17.0;18.493000000000006;-1.4930000000000057
2026-05-14 12:00:00;15;16.9;17.428000000000004;-0.5280000000000058
2026-05-14 13:00:00;15;16.2;16.86;-0.6600000000000001
2026-05-14 14:00:00;15;16.5;16.477720000000005;0.02227999999999497
2026-05-14 15:00:00;15;16.7;16.118240000000004;0.5817599999999956
2026-05-14 16:00:00;15;16.5;16.24512;0.25488
2026-05-14 17:00:00;15;16.4;16.026919999999997;0.37308000000000163
2026-05-14 18:00:00;15;16.5;15.813359999999994;0.6866400000000059
2026-05-14 19:00:00;15;15.9;16.17672;-0.2767199999999992
2026-05-14 20:00:00;15;15.5;15.271399999999998;0.2286000000000019
2026-05-14 21:00:00;15;14.6;15.232000000000005;-0.632000000000005
2026-05-14 22:00:00;15;13.6;14.160639999999995;-0.5606399999999958
2026-05-14 23:00:00;15;13.1;13.0028;0.09719999999999906
2026-05-15 00:00:00;15;12.7;12.720199999999995;-0.020199999999995555
2026-05-15 01:00:00;15;12.1;12.474680000000005;-0.374680000000005
2026-05-15 02:00:00;15;11.8;11.850600000000007;-0.05060000000000642
2026-05-15 03:00:00;15;11.5;11.5494;-0.04940000000000033
2026-05-15 04:00:00;15;11.1;11.386239999999997;-0.2862399999999976
2026-05-15 05:00:00;15;10.9;11.058240000000001;-0.15824000000000105
2026-05-15 06:00:00;15;11.5;11.931720000000006;-0.43172000000000565
2026-05-15 07:00:00;15;12.4;12.074119999999999;0.3258800000000015
2026-05-15 08:00:00;15;13.1;13.562999999999994;-0.46299999999999386
2026-05-15 09:00:00;15;14.7;13.809879999999994;0.8901200000000049
2026-05-15 10:00:00;15;15.7;15.892279999999994;-0.1922799999999949
2026-05-15 11:00:00;15;16.3;16.64700000000001;-0.3470000000000084
2026-05-15 12:00:00;15;17.7;16.77428;0.9257199999999983
2026-05-15 13:00:00;15;17.0;18.102;-1.1020000000000003
2026-05-15 14:00:00;15;17.1;16.968000000000004;0.1319999999999979
2026-05-15 15:00:00;15;17.2;16.444000000000006;0.7559999999999931
2026-05-15 16:00:00;15;17.2;16.679999999999993;0.5200000000000067
2026-05-15 17:00:00;15;16.6;16.41799999999999;0.18200000000001282
2026-05-15 18:00:00;15;15.9;15.889039999999998;0.010960000000002523
2026-05-15 19:00:00;15;14.7;14.925000000000002;-0.2250000000000032
2026-05-15 20:00:00;15;13.7;13.933;-0.23300000000000054
2026-05-15 21:00:00;15;12.8;13.316000000000004;-0.5160000000000036
2026-05-15 22:00:00;15;12.1;12.084000000000001;0.015999999999998238
2026-05-15 23:00:00;15;11.7;11.642999999999995;0.057000000000003936
2026-05-16 00:00:00;15;11.6;11.311879999999999;0.28812000000000104
2026-05-16 01:00:00;15;11.2;11.451319999999988;-0.2513199999999891
2026-05-16 02:00:00;15;10.9;10.90192;-0.0019200000000001438
2026-05-16 03:00:00;15;10.5;10.749040000000004;-0.24904000000000437
2026-05-16 04:00:00;15;10.2;10.244999999999997;-0.04499999999999815
2026-05-16 05:00:00;15;10.5;10.113719999999997;0.38628000000000284
2026-05-16 06:00:00;15;12.0;11.050199999999991;0.9498000000000086
2026-05-16 07:00:00;15;13.2;13.592999999999988;-0.39299999999998825
2026-05-16 08:00:00;15;14.8;14.521999999999993;0.2780000000000076
2026-05-16 09:00:00;15;16.0;16.172000000000004;-0.17200000000000415
2026-05-16 10:00:00;15;17.2;17.055;0.14499999999999957
2026-05-16 11:00:00;15;18.1;18.305999999999994;-0.2059999999999924
2026-05-16 12:00:00;15;19.2;18.896000000000004;0.30399999999999494
2026-05-16 13:00:00;15;19.2;19.508;-0.30799999999999983
2026-05-16 14:00:00;15;19.4;19.240999999999996;0.15900000000000247
2026-05-16 15:00:00;15;19.3;19.348;-0.047999999999998266
2026-05-16 16:00:00;15;18.9;18.950000000000003;-0.05000000000000426
2026-05-16 17:00:00;15;18.3;18.048;0.25200000000000244
2026-05-16 18:00:00;15;17.5;17.165;0.33500000000000085
2026-05-16 19:00:00;15;16.5;16.535;-0.03500000000000014
2026-05-16 20:00:00;15;16.0;15.55499999999999;0.44500000000000917
2026-05-16 21:00:00;15;15.4;15.198999999999998;0.2010000000000023
2026-05-16 22:00:00;15;14.9;14.772999999999998;0.12700000000000244
2026-05-16 23:00:00;15;14.3;14.473999999999988;-0.17399999999998705
2026-05-17 00:00:00;15;13.8;13.827520000000002;-0.027520000000000877
2026-05-17 01:00:00;15;13.2;13.502999999999997;-0.30299999999999727
2026-05-17 02:00:00;15;12.4;12.53044;-0.1304400000000001
2026-05-17 03:00:00;15;11.9;11.87900000000001;0.020999999999990138
2026-05-17 04:00:00;15;11.6;11.469000000000008;0.13099999999999135
2026-05-17 05:00:00;15;11.9;11.329239999999997;0.5707600000000035
2026-05-17 06:00:00;15;13.3;13.073320000000002;0.22667999999999822
2026-05-17 07:00:00;15;15.8;15.256000000000002;0.5439999999999987
2026-05-17 08:00:00;15;18.0;17.58399999999999;0.416000000000011
2026-05-17 09:00:00;15;19.1;19.419999999999987;-0.3199999999999861
2026-05-17 10:00:00;15;19.5;20.03600000000001;-0.5360000000000085
2026-05-17 11:00:00;15;19.8;19.969999999999995;-0.1699999999999946
2026-05-17 12:00:00;15;20.3;20.121000000000002;0.1789999999999985
2026-05-17 13:00:00;15;19.7;20.705000000000005;-1.005000000000006
2026-05-17 14:00:00;15;19.1;19.335;-0.23499999999999943
2026-05-17 15:00:00;15;19.3;18.877;0.4230000000000018
2026-05-17 16:00:00;15;18.9;18.96700000000001;-0.06700000000001083
2026-05-17 17:00:00;15;18.0;18.019999999999996;-0.01999999999999602
2026-05-17 18:00:00;15;17.6;17.109999999999992;0.4900000000000091
2026-05-17 19:00:00;15;16.4;16.774000000000008;-0.37400000000000944
2026-05-17 20:00:00;15;16.2;15.719000000000005;0.48099999999999454
2026-05-17 21:00:00;15;16.0;15.664439999999997;0.33556000000000274
2026-05-17 22:00:00;15;15.7;15.72368;-0.02368000000000059
2026-05-17 23:00:00;15;15.4;15.366200000000001;0.033799999999999386
2026-05-18 00:00:00;15;14.9;14.917199999999998;-0.017199999999997218
2026-05-18 01:00:00;15;14.3;14.504319999999993;-0.20431999999999206
2026-05-18 02:00:00;15;13.6;13.999999999999991;-0.3999999999999915
2026-05-18 03:00:00;15;12.7;13.169399999999989;-0.4693999999999896
2026-05-18 04:00:00;15;11.9;12.415000000000004;-0.5150000000000041
2026-05-18 05:00:00;15;12.9;11.581;1.3190000000000008
2026-05-18 06:00:00;15;15.6;14.390439999999991;1.2095600000000086
2026-05-18 07:00:00;15;17.1;17.471999999999984;-0.3719999999999821
2026-05-18 08:00:00;15;18.2;18.151999999999997;0.04800000000000182
2026-05-18 09:00:00;15;18.0;18.668999999999993;-0.6689999999999934
2026-05-18 10:00:00;15;18.3;18.239000000000004;0.06099999999999639
2026-05-18 11:00:00;15;19.4;18.412000000000006;0.9879999999999924
2026-05-18 12:00:00;15;20.3;19.895000000000003;0.4049999999999976
2026-05-18 13:00:00;15;20.2;20.333000000000006;-0.13300000000000622
2026-05-18 14:00:00;15;20.3;20.308999999999994;-0.008999999999993236
2026-05-18 15:00:00;15;19.9;20.356;-0.45600000000000307
2026-05-18 16:00:00;15;18.9;19.368999999999996;-0.46899999999999764
2026-05-18 17:00:00;15;17.7;17.679999999999996;0.020000000000003126
2026-05-18 18:00:00;15;17.3;16.916999999999998;0.38300000000000267
2026-05-18 19:00:00;15;16.7;16.629;0.07099999999999795
2026-05-18 20:00:00;15;16.4;16.13720000000001;0.26279999999998793
2026-05-18 21:00:00;15;16.2;16.171280000000007;0.02871999999999275
2026-05-18 22:00:00;15;16.1;15.84784000000001;0.25215999999999106
2026-05-18 23:00:00;15;15.8;15.88148;-0.08147999999999911
2026-05-19 00:00:00;15;15.4;15.499199999999991;-0.09919999999999085
2026-05-19 01:00:00;15;15.448;14.924199999999994;0.5238000000000067
2026-05-19 02:00:00;15;15.496;15.240000000000007;0.2559999999999931
2026-05-19 03:00:00;15;15.544;15.341400000000004;0.20259999999999678
2026-05-19 04:00:00;15;15.592;15.403519999999997;0.18848000000000376
2026-05-19 05:00:00;15;15.64;15.60743999999999;0.0325600000000108
2026-05-19 06:00:00;15;15.688;16.12212;-0.4341199999999983
2026-05-19 07:00:00;15;15.736;16.267920000000004;-0.5319200000000031
2026-05-19 08:00:00;15;15.784;16.383799999999997;-0.5997999999999966
2026-05-19 09:00:00;15;15.832;16.641760000000005;-0.8097600000000043
2026-05-19 10:00:00;15;15.88;16.573;-0.6929999999999996
2026-05-19 11:00:00;15;15.928;16.326639999999994;-0.3986399999999932
2026-05-19 12:00:00;15;15.976;16.225199999999994;-0.24919999999999298
2026-05-19 13:00:00;15;16.024;16.437240000000003;-0.41324000000000183
2026-05-19 14:00:00;15;16.072000000000003;16.47116;-0.3991599999999984
2026-05-19 15:00:00;15;16.12;16.3032;-0.18319999999999936
2026-05-19 16:00:00;15;16.168;16.286479999999997;-0.11847999999999814
2026-05-19 17:00:00;15;16.216;15.955880000000004;0.260119999999997
2026-05-19 18:00:00;15;16.264000000000003;16.06428;0.19972000000000278
2026-05-19 19:00:00;15;16.312;16.220080000000006;0.09191999999999467
2026-05-19 20:00:00;15;16.36;16.202960000000008;0.1570399999999914
2026-05-19 21:00:00;15;16.408;16.30032000000001;0.10767999999999134
2026-05-19 22:00:00;15;16.456000000000003;16.31196000000001;0.14403999999999328
2026-05-19 23:00:00;15;16.504;16.331360000000004;0.17263999999999768
2026-05-20 00:00:00;15;16.552;16.357800000000005;0.19419999999999504
2026-05-20 01:00:00;15;16.6;16.587160000000004;0.012839999999997076
2026-05-20 02:00:00;15;16.4;16.5516;-0.15160000000000196
2026-05-20 03:00:00;15;16.1;16.360400000000006;-0.2604000000000042
2026-05-20 04:00:00;15;15.8;15.605040000000004;0.19495999999999647
2026-05-20 05:00:00;15;16.4;16.000639999999994;0.39936000000000504
2026-05-20 06:00:00;15;19.3;17.033240000000017;2.2667599999999837
2026-05-20 07:00:00;15;21.4;19.67299999999999;1.7270000000000074
2026-05-20 08:00:00;15;23.0;22.19;0.8099999999999987
2026-05-20 09:00:00;15;24.3;23.40000000000001;0.8999999999999915
2026-05-20 10:00:00;15;25.1;25.01800000000001;0.08199999999999008
2026-05-20 11:00:00;15;25.7;25.367000000000004;0.33299999999999486
2026-05-20 12:00:00;15;27.2;25.97;1.2300000000000004
2026-05-20 13:00:00;15;26.4;26.51800000000002;-0.11800000000001987
2026-05-20 14:00:00;15;25.7;25.462000000000018;0.23799999999998178
2026-05-20 15:00:00;15;25.0;24.800000000000008;0.19999999999999218
2026-05-20 16:00:00;15;24.3;23.465;0.8350000000000009
2026-05-20 17:00:00;15;23.2;22.52299999999999;0.6770000000000103
2026-05-20 18:00:00;15;22.5;21.712999999999997;0.7870000000000026
2026-05-20 19:00:00;15;21.7;21.17600000000001;0.5239999999999903
2026-05-20 20:00:00;15;20.5;20.651000000000014;-0.151000000000014
2026-05-20 21:00:00;15;19.0;19.236000000000008;-0.23600000000000776
2026-05-20 22:00:00;15;17.9;17.992000000000004;-0.09200000000000585
2026-05-20 23:00:00;15;16.8;17.016999999999992;-0.21699999999999164
2026-05-21 00:00:00;15;16.3;15.827999999999996;0.47200000000000486
2026-05-21 01:00:00;15;16.1;15.617000000000004;0.482999999999997
2026-05-21 02:00:00;15;15.5;15.415999999999999;0.0840000000000014
2026-05-21 03:00:00;15;15.1;14.984000000000004;0.1159999999999961
2026-05-21 04:00:00;15;15.0;14.531;0.4689999999999994
2026-05-21 05:00:00;15;16.1;14.811999999999996;1.2880000000000056
2026-05-21 06:00:00;15;18.9;17.319199999999988;1.5808000000000106
2026-05-21 07:00:00;15;20.3;19.878999999999998;0.4210000000000029
2026-05-21 08:00:00;15;21.4;21.547999999999988;-0.14799999999998903
2026-05-21 09:00:00;15;21.8;21.399;0.4009999999999998
2026-05-21 10:00:00;15;21.9;21.13200000000001;0.76799999999999
2026-05-21 11:00:00;15;22.2;21.596000000000007;0.6039999999999921
2026-05-21 12:00:00;15;23.8;22.058000000000007;1.7419999999999938
2026-05-21 13:00:00;15;23.3;23.21;0.08999999999999986
2026-05-21 14:00:00;15;23.1;22.457000000000008;0.6429999999999936
2026-05-21 15:00:00;15;22.7;22.171999999999997;0.5280000000000022
2026-05-21 16:00:00;15;22.5;21.805999999999994;0.6940000000000062
2026-05-21 17:00:00;15;21.9;21.624999999999996;0.27500000000000213
2026-05-21 18:00:00;15;21.4;20.843000000000007;0.5569999999999915
2026-05-21 19:00:00;15;20.3;20.506000000000004;-0.20600000000000307
2026-05-21 20:00:00;15;19.7;19.264000000000003;0.4359999999999964
2026-05-21 21:00:00;15;19.3;18.632000000000012;0.6679999999999886
2026-05-21 22:00:00;15;18.5;18.341000000000005;0.15899999999999537
2026-05-21 23:00:00;15;18.5;17.400000000000006;1.0999999999999943
2026-05-22 00:00:00;15;17.1;17.447999999999997;-0.3479999999999954
2026-05-22 01:00:00;15;17.0;16.338000000000005;0.6619999999999955
2026-05-22 02:00:00;15;17.6;16.331000000000003;1.2689999999999984
2026-05-22 03:00:00;15;17.7;16.883999999999997;0.8160000000000025
2026-05-22 04:00:00;15;17.4;17.69799999999999;-0.29799999999999116
2026-05-22 05:00:00;15;17.7;18.021479999999993;-0.321479999999994
2026-05-22 06:00:00;15;20.1;18.549999999999983;1.5500000000000185
2026-05-22 07:00:00;15;21.0;20.643999999999995;0.3560000000000052
2026-05-22 08:00:00;15;22.0;21.487000000000013;0.5129999999999875
2026-05-22 09:00:00;15;22.6;21.948000000000008;0.6519999999999939
2026-05-22 10:00:00;15;22.9;21.953000000000003;0.9469999999999956
2026-05-22 11:00:00;15;23.0;22.526000000000003;0.47399999999999665
2026-05-22 12:00:00;15;24.3;23.083000000000002;1.2169999999999987
2026-05-22 13:00:00;15;23.7;24.439;-0.7390000000000008
2026-05-22 14:00:00;15;23.4;22.934000000000005;0.465999999999994
2026-05-22 15:00:00;15;23.0;22.686999999999994;0.31300000000000594
2026-05-22 16:00:00;15;22.7;22.26299999999999;0.43700000000000827
2026-05-22 17:00:00;15;22.3;22.068999999999996;0.2310000000000052
2026-05-22 18:00:00;15;21.9;20.976999999999997;0.9230000000000018
2026-05-22 19:00:00;15;21.0;20.846999999999998;0.15300000000000225
2026-05-22 20:00:00;15;20.8;20.06299999999999;0.737000000000009
2026-05-22 21:00:00;15;20.6;19.850999999999996;0.7490000000000059
2026-05-22 22:00:00;15;19.9;19.71999999999999;0.18000000000000682
2026-05-22 23:00:00;15;19.0;18.78000000000001;0.21999999999999176
2026-05-23 00:00:00;15;17.9;17.994999999999997;-0.09499999999999886
2026-05-23 01:00:00;15;17.2;17.179999999999993;0.02000000000000668
2026-05-23 02:00:00;15;16.8;16.498999999999995;0.3010000000000055
2026-05-23 03:00:00;15;17.2;16.051839999999995;1.1481600000000043
2026-05-23 04:00:00;15;17.6;16.855000000000004;0.7449999999999974
2026-05-23 05:00:00;15;18.8;18.119479999999985;0.6805200000000156
2026-05-23 06:00:00;15;20.4;18.921999999999997;1.4780000000000015
2026-05-23 07:00:00;15;22.4;21.370999999999995;1.0290000000000035
2026-05-23 08:00:00;15;23.6;22.763000000000012;0.8369999999999891
2026-05-23 09:00:00;15;24.1;23.72499999999999;0.37500000000001066
2026-05-23 10:00:00;15;23.9;23.42;0.4799999999999969
2026-05-23 11:00:00;15;23.9;23.111;0.7889999999999979
2026-05-23 12:00:00;15;25.1;23.656;1.4440000000000026
2026-05-23 13:00:00;15;25.0;24.825000000000003;0.17499999999999716
2026-05-23 14:00:00;15;25.2;24.851000000000017;0.34899999999998244
2026-05-23 15:00:00;15;25.2;24.719;0.4809999999999981
2026-05-23 16:00:00;15;25.2;24.518;0.6819999999999986
2026-05-23 17:00:00;15;24.3;23.412999999999993;0.8870000000000076
2026-05-23 18:00:00;15;23.4;22.888;0.5119999999999969
2026-05-23 19:00:00;15;22.8;21.895;0.9050000000000011
2026-05-23 20:00:00;15;22.7;21.725000000000005;0.9749999999999943
2026-05-23 21:00:00;15;22.2;21.708000000000006;0.4919999999999938
2026-05-23 22:00:00;15;21.7;21.116999999999983;0.5830000000000162
2026-05-23 23:00:00;15;21.1;20.918999999999997;0.1810000000000045
2026-05-24 00:00:00;15;19.1;19.960000000000008;-0.8600000000000065
2026-05-24 01:00:00;15;19.6;17.950999999999997;1.6490000000000045
2026-05-24 02:00:00;15;20.2;18.57200000000001;1.6279999999999895
2026-05-24 03:00:00;15;20.3;19.554000000000002;0.7459999999999987
2026-05-24 04:00:00;15;19.8;19.369;0.43100000000000094
2026-05-24 05:00:00;15;20.2;18.810000000000006;1.3899999999999935
2026-05-24 06:00:00;15;22.3;19.568;2.7319999999999993
2026-05-24 07:00:00;15;24.1;21.586000000000002;2.5139999999999993
2026-05-24 08:00:00;15;25.2;23.333999999999993;1.8660000000000068
2026-05-24 09:00:00;15;26.1;24.34100000000001;1.7589999999999897
2026-05-24 10:00:00;15;26.6;25.617000000000004;0.982999999999997
2026-05-24 11:00:00;15;27.4;25.378999999999998;2.021000000000001
2026-05-24 12:00:00;15;28.9;26.60200000000001;2.2979999999999876
2026-05-24 13:00:00;15;28.5;27.46300000000002;1.0369999999999813
2026-05-24 14:00:00;15;28.3;27.386000000000013;0.9139999999999873
2026-05-24 15:00:00;15;28.2;27.30600000000001;0.8939999999999877
2026-05-24 16:00:00;15;27.9;27.38300000000001;0.5169999999999888
2026-05-24 17:00:00;15;26.9;26.886000000000003;0.013999999999995794
2026-05-24 18:00:00;15;26.0;24.99700000000001;1.0029999999999895
2026-05-24 19:00:00;15;25.0;23.93499999999999;1.0650000000000084
2026-05-24 20:00:00;15;24.4;23.238999999999987;1.161000000000012
2026-05-24 21:00:00;15;24.1;23.417999999999996;0.6820000000000057
2026-05-24 22:00:00;15;23.3;23.10400000000001;0.19599999999999085
2026-05-24 23:00:00;15;22.1;22.118;-0.01799999999999713
2026-05-25 00:00:00;15;21.2;21.041;0.15899999999999892
2026-05-25 01:00:00;15;20.6;19.964000000000002;0.6359999999999992
2026-05-25 02:00:00;15;19.8;19.77999999999999;0.020000000000010232
2026-05-25 03:00:00;15;19.0;18.801000000000005;0.19899999999999451
2026-05-25 04:00:00;15;18.6;18.218999999999998;0.3810000000000038
2026-05-25 05:00:00;15;20.3;18.475;1.8249999999999993
2026-05-25 06:00:00;15;23.8;19.77499999999999;4.025000000000009
2026-05-25 07:00:00;15;26.1;23.357000000000003;2.7429999999999986
2026-05-25 08:00:00;15;27.3;26.153000000000002;1.1469999999999985
2026-05-25 09:00:00;15;28.0;26.544;1.4559999999999995
2026-05-25 10:00:00;15;28.0;27.096000000000004;0.9039999999999964
2026-05-25 11:00:00;15;28.1;27.000000000000004;1.0999999999999979
2026-05-25 12:00:00;15;28.9;26.974000000000018;1.9259999999999806
2026-05-25 13:00:00;15;28.4;27.39600000000001;1.0039999999999871
2026-05-25 14:00:00;15;28.1;27.434;0.6660000000000004
2026-05-25 15:00:00;15;28.4;27.15500000000002;1.2449999999999797
2026-05-25 16:00:00;15;28.7;27.474000000000018;1.2259999999999813
2026-05-25 17:00:00;15;28.3;27.369000000000025;0.9309999999999761
2026-05-25 18:00:00;15;27.9;27.199000000000023;0.7009999999999756
2026-05-25 19:00:00;15;26.8;26.600000000000012;0.19999999999998863
2026-05-25 20:00:00;15;25.9;25.243000000000002;0.6569999999999965
2026-05-25 21:00:00;15;25.3;24.372999999999994;0.9270000000000067
2026-05-25 22:00:00;15;24.2;24.046000000000003;0.15399999999999636
2026-05-25 23:00:00;15;23.7;23.337999999999997;0.3620000000000019
2026-05-26 00:00:00;15;23.2;22.356000000000005;0.8439999999999941
2026-05-26 01:00:00;15;23.1;22.203999999999997;0.8960000000000043
2026-05-26 02:00:00;15;23.1;22.21999999999999;0.8800000000000097
2026-05-26 03:00:00;15;23.2;22.215999999999987;0.9840000000000124
2026-05-26 04:00:00;15;23.2;22.204999999999988;0.9950000000000117
2026-05-26 05:00:00;15;23.0;22.119999999999994;0.8800000000000061
2026-05-26 06:00:00;15;24.9;22.250000000000004;2.649999999999995
2026-05-26 07:00:00;15;25.9;24.421000000000003;1.4789999999999957
2026-05-26 08:00:00;15;27.1;25.654000000000007;1.4459999999999944
2026-05-26 09:00:00;15;28.0;26.628000000000007;1.3719999999999928
2026-05-26 10:00:00;15;28.1;27.194000000000006;0.9059999999999953
2026-05-26 11:00:00;15;27.7;27.20400000000001;0.495999999999988
2026-05-26 12:00:00;15;28.8;26.717;2.083000000000002
2026-05-26 13:00:00;15;28.2;27.47200000000001;0.7279999999999909
2026-05-26 14:00:00;15;28.2;27.468000000000007;0.7319999999999922
2026-05-26 15:00:00;15;28.3;27.33000000000002;0.9699999999999811
2026-05-26 16:00:00;15;28.0;27.356000000000016;0.6439999999999841
2026-05-26 17:00:00;15;27.7;26.821000000000012;0.8789999999999871
2026-05-26 18:00:00;15;27.0;26.330000000000013;0.6699999999999875
2026-05-26 19:00:00;15;25.8;25.892000000000007;-0.09200000000000585
2026-05-26 20:00:00;15;25.7;24.238999999999997;1.461000000000002
2026-05-26 21:00:00;15;25.2;24.425000000000004;0.774999999999995
2026-05-26 22:00:00;15;24.5;24.278999999999996;0.22100000000000364
2026-05-26 23:00:00;15;24.1;23.764000000000006;0.33599999999999497
2026-05-27 00:00:00;15;23.4;23.104;0.2959999999999994
2026-05-27 01:00:00;15;22.9;22.419;0.4809999999999981
2026-05-27 02:00:00;15;22.3;22.121000000000013;0.17899999999998784
2026-05-27 03:00:00;15;21.9;21.000999999999998;0.8990000000000009
2026-05-27 04:00:00;15;21.7;20.977000000000007;0.7229999999999919
2026-05-27 05:00:00;15;22.3;20.888000000000012;1.4119999999999884
2026-05-27 06:00:00;15;24.3;21.195999999999998;3.1040000000000028
2026-05-27 07:00:00;15;25.8;24.018000000000015;1.7819999999999858
2026-05-27 08:00:00;15;26.5;25.268;1.2319999999999993
2026-05-27 09:00:00;15;26.4;25.447999999999993;0.9520000000000053
2026-05-27 10:00:00;15;26.3;24.858999999999988;1.4410000000000132
2026-05-27 11:00:00;15;26.2;24.595999999999982;1.604000000000017
2026-05-27 12:00:00;15;27.5;24.82099999999999;2.679000000000009
2026-05-27 13:00:00;15;26.9;26.401000000000014;0.49899999999998457
2026-05-27 14:00:00;15;26.8;25.599999999999994;1.2000000000000064
2026-05-27 15:00:00;15;26.4;25.589999999999996;0.8100000000000023
2026-05-27 16:00:00;15;26.3;24.963999999999995;1.3360000000000056
2026-05-27 17:00:00;15;26.1;24.722999999999992;1.3770000000000095
2026-05-27 18:00:00;15;26.1;24.27300000000001;1.826999999999991
2026-05-27 19:00:00;15;25.4;24.622999999999994;0.7770000000000046
2026-05-27 20:00:00;15;24.4;24.048000000000002;0.35199999999999676
2026-05-27 21:00:00;15;24.0;23.357;0.6430000000000007
2026-05-27 22:00:00;15;23.5;23.020999999999987;0.4790000000000134
2026-05-27 23:00:00;15;22.7;22.198000000000015;0.5019999999999847
2026-05-28 00:00:00;15;20.9;20.756999999999998;0.14300000000000068
2026-05-28 01:00:00;15;20.4;19.848000000000003;0.551999999999996
2026-05-28 02:00:00;15;20.0;19.390000000000004;0.6099999999999959
2026-05-28 03:00:00;15;19.2;18.915;0.28500000000000014
2026-05-28 04:00:00;15;18.9;18.211;0.6890000000000001
2026-05-28 05:00:00;15;20.1;18.225000000000005;1.8749999999999964
2026-05-28 06:00:00;15;22.6;19.722999999999992;2.8770000000000095
2026-05-28 07:00:00;15;24.6;22.393999999999995;2.2060000000000066
2026-05-28 08:00:00;15;25.7;23.653999999999982;2.046000000000017
2026-05-28 09:00:00;15;26.1;25.2;0.9000000000000021
2026-05-28 10:00:00;15;25.6;25.41499999999998;0.18500000000002004
2026-05-28 11:00:00;15;25.1;24.468999999999998;0.6310000000000038
2026-05-28 12:00:00;15;26.2;23.875000000000004;2.3249999999999957
2026-05-28 13:00:00;15;25.7;24.77499999999998;0.9250000000000185
2026-05-28 14:00:00;15;25.7;24.33099999999998;1.3690000000000175
2026-05-28 15:00:00;15;25.9;24.37699999999998;1.5230000000000175
2026-05-28 16:00:00;15;26.1;24.636999999999986;1.4630000000000152
2026-05-28 17:00:00;15;25.4;24.670999999999985;0.7290000000000134
2026-05-28 18:00:00;15;24.9;23.333;1.5670000000000002
2026-05-28 19:00:00;15;23.9;23.03199999999999;0.8680000000000092
2026-05-28 20:00:00;15;23.8;21.007999999999996;2.792000000000005
2026-05-28 21:00:00;15;23.2;20.48399999999999;2.716000000000008
2026-05-28 22:00:00;15;22.6;19.451999999999988;3.148000000000014
2026-05-28 23:00:00;15;21.6;19.514999999999997;2.0850000000000044
2026-05-29 00:00:00;15;21.0;19.976000000000006;1.0239999999999938
2026-05-29 01:00:00;15;20.2;19.57700000000001;0.6229999999999905
2026-05-29 02:00:00;15;20.9;19.032;1.8679999999999986
2026-05-29 03:00:00;15;19.9;19.657000000000004;0.242999999999995
2026-05-29 04:00:00;15;19.8;18.741;1.059000000000001
2026-05-29 05:00:00;15;20.8;18.861000000000008;1.938999999999993
2026-05-29 06:00:00;15;23.2;19.835;3.3649999999999984
2026-05-29 07:00:00;15;25.1;22.729999999999997;2.3700000000000045
2026-05-29 08:00:00;15;26.1;24.721000000000004;1.3789999999999978
2026-05-29 09:00:00;15;27.0;25.83000000000001;1.169999999999991
2026-05-29 10:00:00;15;27.0;26.240000000000006;0.7599999999999945
2026-05-29 11:00:00;15;26.7;26.176000000000002;0.5239999999999974
2026-05-29 12:00:00;15;27.7;25.377999999999982;2.322000000000017
2026-05-29 13:00:00;15;27.1;26.763;0.33699999999999974
2026-05-29 14:00:00;15;27.2;26.194999999999997;1.0050000000000026
2026-05-29 15:00:00;15;27.2;26.324999999999996;0.8750000000000036
2026-05-29 16:00:00;15;27.1;26.282000000000004;0.8179999999999978
2026-05-29 17:00:00;15;26.1;26.236000000000008;-0.13600000000000634
2026-05-29 18:00:00;15;25.4;23.831;1.568999999999999
2026-05-29 19:00:00;15;24.8;23.14099999999999;1.6590000000000096
2026-05-29 20:00:00;15;24.1;22.631999999999984;1.4680000000000177
2026-05-29 21:00:00;15;23.4;21.281999999999996;2.118000000000002
2026-05-29 22:00:00;15;22.8;20.815;1.9849999999999994
2026-05-29 23:00:00;15;22.7;21.046999999999997;1.6530000000000022
2026-05-30 00:00:00;15;22.0;20.622;1.3780000000000001
2026-05-30 01:00:00;15;21.8;20.92099999999999;0.879000000000012
2026-05-30 02:00:00;15;21.3;20.907000000000007;0.3929999999999936
2026-05-30 03:00:00;15;20.6;20.461000000000002;0.13899999999999935
2026-05-30 04:00:00;15;20.3;19.590999999999998;0.7090000000000032
2026-05-30 05:00:00;15;21.4;19.65599999999999;1.7440000000000069
2026-05-30 06:00:00;15;23.7;20.932000000000002;2.767999999999997
2026-05-30 07:00:00;15;25.2;22.790000000000006;2.409999999999993
2026-05-30 08:00:00;15;26.1;24.438;1.6620000000000026
2026-05-30 09:00:00;15;26.6;25.315999999999995;1.284000000000006
2026-05-30 10:00:00;15;26.9;25.524999999999995;1.3750000000000036
2026-05-30 11:00:00;15;27.4;25.63099999999999;1.769000000000009
2026-05-30 12:00:00;15;28.0;26.400000000000006;1.5999999999999943
2026-05-30 13:00:00;15;27.2;26.916000000000004;0.28399999999999537
2026-05-30 14:00:00;15;26.5;26.11200000000001;0.387999999999991
2026-05-30 15:00:00;15;26.0;24.903999999999996;1.0960000000000036
2026-05-30 16:00:00;15;25.3;24.481999999999985;0.8180000000000156
2026-05-30 17:00:00;15;24.6;23.270999999999994;1.3290000000000077
2026-05-30 18:00:00;15;24.4;22.538999999999987;1.8610000000000113
2026-05-30 19:00:00;15;23.8;21.92199999999999;1.8780000000000108
2026-05-30 20:00:00;15;23.8;20.917999999999996;2.882000000000005
2026-05-30 21:00:00;15;23.6;21.725999999999996;1.8740000000000059
2026-05-30 22:00:00;15;23.2;22.001000000000005;1.1989999999999945
2026-05-30 23:00:00;15;23.0;22.090000000000014;0.9099999999999859
2026-05-13 00:00:00;16;10.9;10.923000000000002;-0.023000000000001464
2026-05-13 01:00:00;16;10.6;10.328999999999999;0.2710000000000008
2026-05-13 02:00:00;16;9.3;10.282319999999997;-0.9823199999999961
2026-05-13 03:00:00;16;8.6;8.739999999999995;-0.13999999999999524
2026-05-13 04:00:00;16;8.2;8.263999999999998;-0.06399999999999828
2026-05-13 05:00:00;16;7.9;7.876999999999999;0.023000000000001464
2026-05-13 06:00:00;16;9.4;8.680200000000005;0.7197999999999958
2026-05-13 07:00:00;16;10.2;10.849000000000004;-0.6490000000000045
2026-05-13 08:00:00;16;11.1;11.411760000000001;-0.31176000000000137
2026-05-13 09:00:00;16;12.4;12.054039999999997;0.3459600000000034
2026-05-13 10:00:00;16;13.5;13.849999999999993;-0.34999999999999254
2026-05-13 11:00:00;16;14.6;14.691;-0.09100000000000108
2026-05-13 12:00:00;16;15.3;15.364;-0.06400000000000006
2026-05-13 13:00:00;16;14.9;15.763999999999996;-0.8639999999999954
2026-05-13 14:00:00;16;14.4;14.797000000000008;-0.39700000000000735
2026-05-13 15:00:00;16;14.4;13.909560000000004;0.490439999999996
2026-05-13 16:00:00;16;13.4;13.896000000000006;-0.49600000000000577
2026-05-13 17:00:00;16;13.1;12.695999999999996;0.40400000000000347
2026-05-13 18:00:00;16;11.5;12.709839999999996;-1.2098399999999963
2026-05-13 19:00:00;16;10.6;10.972999999999999;-0.37299999999999933
2026-05-13 20:00:00;16;10.2;9.936000000000002;0.26399999999999757
2026-05-13 21:00:00;16;9.8;9.855839999999997;-0.05583999999999634
2026-05-13 22:00:00;16;9.1;9.336000000000004;-0.2360000000000042
2026-05-13 23:00:00;16;8.8;8.639;0.16100000000000136
2026-05-14 00:00:00;16;8.1;8.697439999999997;-0.5974399999999971
2026-05-14 01:00:00;16;7.6;7.737919999999995;-0.13791999999999494
2026-05-14 02:00:00;16;7.2;7.2010000000000005;-0.001000000000000334
2026-05-14 03:00:00;16;6.9;6.900999999999998;-0.0009999999999976694
2026-05-14 04:00:00;16;6.8;6.708240000000001;0.09175999999999895
2026-05-14 05:00:00;16;6.8;6.796640000000001;0.0033599999999989194
2026-05-14 06:00:00;16;8.4;7.741760000000003;0.6582399999999975
2026-05-14 07:00:00;16;9.6;10.026000000000003;-0.4260000000000037
2026-05-14 08:00:00;16;10.7;10.821;-0.12100000000000044
2026-05-14 09:00:00;16;11.7;11.811000000000003;-0.1110000000000042
2026-05-14 10:00:00;16;10.1;12.618999999999998;-2.5189999999999984
2026-05-14 11:00:00;16;12.1;9.921120000000007;2.1788799999999924
2026-05-14 12:00:00;16;12.3;12.976;-0.6760000000000002
2026-05-14 13:00:00;16;12.8;12.869080000000004;-0.06908000000000314
2026-05-14 14:00:00;16;12.2;12.973999999999998;-0.7739999999999991
2026-05-14 15:00:00;16;13.3;12.165599999999998;1.134400000000003
2026-05-14 16:00:00;16;13.4;13.052;0.34800000000000075
2026-05-14 17:00:00;16;11.1;12.679480000000002;-1.579480000000002
2026-05-14 18:00:00;16;10.4;10.252;0.1479999999999997
2026-05-14 19:00:00;16;9.6;9.630999999999998;-0.030999999999998806
2026-05-14 20:00:00;16;8.7;9.214000000000002;-0.5140000000000029
2026-05-14 21:00:00;16;8.4;8.085;0.3149999999999995
2026-05-14 22:00:00;16;7.4;7.9036399999999984;-0.5036399999999981
2026-05-14 23:00:00;16;6.8;6.897000000000002;-0.0970000000000022
2026-05-15 00:00:00;16;6.7;6.4060000000000015;0.2939999999999987
2026-05-15 01:00:00;16;6.1;6.380919999999996;-0.2809199999999965
2026-05-15 02:00:00;16;5.7;5.708640000000003;-0.008640000000002424
2026-05-15 03:00:00;16;5.3;5.345560000000002;-0.04556000000000182
2026-05-15 04:00:00;16;5.1;5.058319999999999;0.04168000000000038
2026-05-15 05:00:00;16;5.0;4.863200000000003;0.13679999999999737
2026-05-15 06:00:00;16;6.4;6.746;-0.3460000000000001
2026-05-15 07:00:00;16;8.2;8.33;-0.13000000000000078
2026-05-15 08:00:00;16;10.1;10.137000000000006;-0.03700000000000614
2026-05-15 09:00:00;16;11.3;11.787999999999997;-0.487999999999996
2026-05-15 10:00:00;16;12.2;12.347000000000007;-0.14700000000000735
2026-05-15 11:00:00;16;13.1;13.198999999999998;-0.09899999999999842
2026-05-15 12:00:00;16;13.9;13.456000000000001;0.44399999999999906
2026-05-15 13:00:00;16;14.6;14.367;0.23299999999999876
2026-05-15 14:00:00;16;13.8;14.768999999999995;-0.9689999999999941
2026-05-15 15:00:00;16;13.8;13.575000000000006;0.22499999999999432
2026-05-15 16:00:00;16;11.5;13.223320000000001;-1.723320000000001
2026-05-15 17:00:00;16;12.2;11.152000000000003;1.0479999999999965
2026-05-15 18:00:00;16;10.9;11.295000000000002;-0.39500000000000135
2026-05-15 19:00:00;16;10.8;10.395;0.40500000000000114
2026-05-15 20:00:00;16;9.7;10.196000000000002;-0.4960000000000022
2026-05-15 21:00:00;16;8.9;9.3;-0.40000000000000036
2026-05-15 22:00:00;16;8.4;8.346;0.05400000000000027
2026-05-15 23:00:00;16;7.7;7.833000000000002;-0.13300000000000178
2026-05-16 00:00:00;16;7.4;7.242000000000001;0.15799999999999947
2026-05-16 01:00:00;16;6.6;6.9776000000000025;-0.3776000000000028
2026-05-16 02:00:00;16;6.6;6.174000000000001;0.4259999999999984
2026-05-16 03:00:00;16;6.2;6.301079999999998;-0.10107999999999784
2026-05-16 04:00:00;16;5.9;5.971;-0.07099999999999973
2026-05-16 05:00:00;16;5.8;5.733079999999998;0.06692000000000142
2026-05-16 06:00:00;16;7.1;7.305999999999995;-0.20599999999999508
2026-05-16 07:00:00;16;8.7;8.838999999999997;-0.13899999999999757
2026-05-16 08:00:00;16;10.5;10.165999999999997;0.3340000000000032
2026-05-16 09:00:00;16;11.8;12.058;-0.2579999999999991
2026-05-16 10:00:00;16;12.9;13.031000000000004;-0.13100000000000378
2026-05-16 11:00:00;16;13.7;13.576000000000011;0.12399999999998812
2026-05-16 12:00:00;16;14.8;14.256000000000006;0.5439999999999952
2026-05-16 13:00:00;16;14.4;15.441;-1.0410000000000004
2026-05-16 14:00:00;16;15.1;14.450959999999986;0.6490400000000136
2026-05-16 15:00:00;16;15.1;15.021600000000001;0.07839999999999847
2026-05-16 16:00:00;16;15.3;14.688999999999995;0.611000000000006
2026-05-16 17:00:00;16;15.1;14.513000000000002;0.586999999999998
2026-05-16 18:00:00;16;14.1;14.115;-0.015000000000000568
2026-05-16 19:00:00;16;13.4;13.118000000000002;0.28199999999999825
2026-05-16 20:00:00;16;12.8;12.664999999999997;0.13500000000000334
2026-05-16 21:00:00;16;12.2;12.416720000000005;-0.2167200000000058
2026-05-16 22:00:00;16;11.6;11.780000000000005;-0.18000000000000504
2026-05-16 23:00:00;16;11.3;11.116000000000001;0.18399999999999928
2026-05-17 00:00:00;16;10.9;10.971799999999998;-0.07179999999999787
2026-05-17 01:00:00;16;10.8;10.480240000000004;0.31975999999999694
2026-05-17 02:00:00;16;10.6;10.451640000000003;0.14835999999999672
2026-05-17 03:00:00;16;10.6;10.3632;0.2367999999999988
2026-05-17 04:00:00;16;10.6;10.519160000000007;0.08083999999999314
2026-05-17 05:00:00;16;10.4;10.663000000000006;-0.26300000000000523
2026-05-17 06:00:00;16;11.3;10.845439999999995;0.45456000000000607
2026-05-17 07:00:00;16;12.6;12.281999999999993;0.3180000000000067
2026-05-17 08:00:00;16;13.4;13.58676;-0.1867599999999996
2026-05-17 09:00:00;16;14.0;14.443999999999999;-0.44399999999999906
2026-05-17 10:00:00;16;15.2;14.796799999999998;0.4032000000000018
2026-05-17 11:00:00;16;14.8;16.136999999999997;-1.3369999999999962
2026-05-17 12:00:00;16;14.8;14.931999999999993;-0.13199999999999257
2026-05-17 13:00:00;16;15.6;15.455800000000005;0.14419999999999433
2026-05-17 14:00:00;16;16.1;15.493999999999998;0.6060000000000034
2026-05-17 15:00:00;16;15.7;16.073599999999995;-0.37359999999999616
2026-05-17 16:00:00;16;15.3;15.383000000000013;-0.08300000000001262
2026-05-17 17:00:00;16;14.6;14.655999999999992;-0.055999999999992056
2026-05-17 18:00:00;16;14.1;13.735999999999999;0.36400000000000077
2026-05-17 19:00:00;16;12.8;13.425960000000005;-0.6259600000000045
2026-05-17 20:00:00;16;11.7;12.113;-0.41300000000000026
2026-05-17 21:00:00;16;11.2;10.941000000000004;0.258999999999995
2026-05-17 22:00:00;16;10.8;10.763;0.03700000000000081
2026-05-17 23:00:00;16;10.0;10.448640000000006;-0.44864000000000637
2026-05-18 00:00:00;16;9.6;9.831;-0.23099999999999987
2026-05-18 01:00:00;16;8.9;9.046999999999999;-0.14699999999999847
2026-05-18 02:00:00;16;8.6;8.7328;-0.13279999999999959
2026-05-18 03:00:00;16;8.4;8.094999999999999;0.3050000000000015
2026-05-18 04:00:00;16;8.4;8.249639999999998;0.1503600000000027
2026-05-18 05:00:00;16;8.4;8.218519999999994;0.18148000000000586
2026-05-18 06:00:00;16;10.1;9.101800000000004;0.9981999999999953
2026-05-18 07:00:00;16;10.9;12.039000000000005;-1.1390000000000047
2026-05-18 08:00:00;16;11.9;11.732039999999998;0.16796000000000255
2026-05-18 09:00:00;16;12.6;12.904000000000003;-0.3040000000000038
2026-05-18 10:00:00;16;12.7;13.501599999999991;-0.8015999999999917
2026-05-18 11:00:00;16;12.9;13.443399999999995;-0.5433999999999948
2026-05-18 12:00:00;16;14.2;13.712720000000008;0.4872799999999913
2026-05-18 13:00:00;16;15.2;14.826000000000011;0.3739999999999881
2026-05-18 14:00:00;16;15.1;15.605000000000004;-0.5050000000000043
2026-05-18 15:00:00;16;14.7;14.97660000000001;-0.27660000000001084
2026-05-18 16:00:00;16;14.9;14.223999999999991;0.676000000000009
2026-05-18 17:00:00;16;15.0;14.130999999999998;0.8690000000000015
2026-05-18 18:00:00;16;14.7;14.158999999999999;0.5410000000000004
2026-05-18 19:00:00;16;14.1;13.950000000000005;0.14999999999999503
2026-05-18 20:00:00;16;13.0;13.466000000000003;-0.46600000000000286
2026-05-18 21:00:00;16;12.6;12.058000000000003;0.5419999999999963
2026-05-18 22:00:00;16;12.4;12.029999999999998;0.37000000000000277
2026-05-18 23:00:00;16;12.1;11.92092000000001;0.17907999999999014
2026-05-19 00:00:00;16;12.1;11.728680000000002;0.3713199999999972
2026-05-19 01:00:00;16;12.16;11.758720000000004;0.4012799999999963
2026-05-19 02:00:00;16;12.22;11.90468;0.3153199999999998
2026-05-19 03:00:00;16;12.28;11.94416;0.33583999999999925
2026-05-19 04:00:00;16;12.34;11.93128;0.40872000000000064
2026-05-19 05:00:00;16;12.4;11.957720000000005;0.4422799999999949
2026-05-19 06:00:00;16;12.46;12.472480000000008;-0.012480000000007152
2026-05-19 07:00:00;16;12.52;12.916759999999993;-0.39675999999999334
2026-05-19 08:00:00;16;12.58;13.026959999999997;-0.44695999999999714
2026-05-19 09:00:00;16;12.64;13.054599999999999;-0.4145999999999983
2026-05-19 10:00:00;16;12.7;13.048639999999999;-0.3486399999999996
2026-05-19 11:00:00;16;12.76;12.863079999999995;-0.10307999999999495
2026-05-19 12:00:00;16;12.82;12.852480000000003;-0.03248000000000317
2026-05-19 13:00:00;16;12.88;13.074919999999995;-0.19491999999999443
2026-05-19 14:00:00;16;12.94;12.933520000000003;0.0064799999999962665
2026-05-19 15:00:00;16;13.0;12.891440000000006;0.10855999999999355
2026-05-19 16:00:00;16;13.06;12.94504;0.11495999999999995
2026-05-19 17:00:00;16;13.12;12.897159999999996;0.22284000000000326
2026-05-19 18:00:00;16;13.18;12.88996;0.2900399999999994
2026-05-19 19:00:00;16;13.24;13.062799999999996;0.17720000000000447
2026-05-19 20:00:00;16;13.3;13.089999999999998;0.21000000000000263
2026-05-19 21:00:00;16;13.36;13.103960000000002;0.25603999999999694
2026-05-19 22:00:00;16;13.42;13.158399999999995;0.26160000000000494
2026-05-19 23:00:00;16;13.48;13.197680000000002;0.28231999999999857
2026-05-20 00:00:00;16;13.54;13.250080000000002;0.28991999999999685
2026-05-20 01:00:00;16;13.6;13.444280000000003;0.15571999999999697
2026-05-20 02:00:00;16;14.1;13.44444;0.6555599999999995
2026-05-20 03:00:00;16;13.9;13.799080000000005;0.10091999999999501
2026-05-20 04:00:00;16;13.1;13.583080000000002;-0.48308000000000284
2026-05-20 05:00:00;16;12.4;12.916200000000002;-0.5162000000000013
2026-05-20 06:00:00;16;14.1;12.925879999999998;1.174120000000002
2026-05-20 07:00:00;16;15.0;15.372640000000013;-0.37264000000001296
2026-05-20 08:00:00;16;15.9;15.933600000000004;-0.033600000000003405
2026-05-20 09:00:00;16;16.9;16.668;0.23199999999999932
2026-05-20 10:00:00;16;17.5;17.711000000000002;-0.21100000000000207
2026-05-20 11:00:00;16;18.0;17.943000000000005;0.056999999999995055
2026-05-20 12:00:00;16;18.8;18.64700000000001;0.1529999999999916
2026-05-20 13:00:00;16;19.5;18.785000000000004;0.7149999999999963
2026-05-20 14:00:00;16;19.2;19.45199999999999;-0.2519999999999918
2026-05-20 15:00:00;16;19.9;19.07200000000001;0.8279999999999887
2026-05-20 16:00:00;16;19.2;19.485;-0.28500000000000014
2026-05-20 17:00:00;16;19.0;18.36;0.6400000000000006
2026-05-20 18:00:00;16;19.0;17.824999999999996;1.1750000000000043
2026-05-20 19:00:00;16;18.0;17.958000000000002;0.04199999999999804
2026-05-20 20:00:00;16;17.0;16.798000000000012;0.20199999999998752
2026-05-20 21:00:00;16;15.5;16.108000000000004;-0.6080000000000041
2026-05-20 22:00:00;16;14.1;14.673000000000002;-0.5730000000000022
2026-05-20 23:00:00;16;13.1;13.281000000000008;-0.18100000000000804
2026-05-21 00:00:00;16;11.7;12.678999999999995;-0.9789999999999957
2026-05-21 01:00:00;16;11.3;10.975999999999999;0.3240000000000016
2026-05-21 02:00:00;16;11.2;10.822000000000001;0.37799999999999834
2026-05-21 03:00:00;16;11.1;11.054840000000002;0.045159999999997424
2026-05-21 04:00:00;16;10.9;11.035120000000001;-0.13512000000000057
2026-05-21 05:00:00;16;10.9;10.526040000000002;0.3739599999999985
2026-05-21 06:00:00;16;12.8;11.621479999999998;1.1785200000000025
2026-05-21 07:00:00;16;14.9;14.953919999999988;-0.05391999999998731
2026-05-21 08:00:00;16;17.4;16.584400000000002;0.8155999999999963
2026-05-21 09:00:00;16;19.9;18.771999999999995;1.1280000000000037
2026-05-21 10:00:00;16;21.5;21.28800000000001;0.21199999999998909
2026-05-21 11:00:00;16;22.5;22.562000000000012;-0.06200000000001182
2026-05-21 12:00:00;16;24.0;23.032000000000007;0.9679999999999929
2026-05-21 13:00:00;16;24.5;24.322000000000003;0.17799999999999727
2026-05-21 14:00:00;16;25.0;24.30099999999999;0.6990000000000087
2026-05-21 15:00:00;16;25.2;24.595999999999993;0.6040000000000063
2026-05-21 16:00:00;16;25.2;24.28899999999999;0.9110000000000085
2026-05-21 17:00:00;16;24.7;23.795;0.9049999999999976
2026-05-21 18:00:00;16;24.4;23.245000000000005;1.154999999999994
2026-05-21 19:00:00;16;22.5;22.270999999999994;0.2290000000000063
2026-05-21 20:00:00;16;20.5;20.331000000000007;0.16899999999999338
2026-05-21 21:00:00;16;19.6;18.698000000000004;0.9019999999999975
2026-05-21 22:00:00;16;18.8;18.221;0.5790000000000006
2026-05-21 23:00:00;16;18.1;17.710999999999988;0.38900000000001356
2026-05-22 00:00:00;16;17.0;17.209999999999994;-0.20999999999999375
2026-05-22 01:00:00;16;16.1;16.10700000000001;-0.007000000000008555
2026-05-22 02:00:00;16;15.5;15.170000000000007;0.32999999999999297
2026-05-22 03:00:00;16;14.9;14.89000000000001;0.009999999999990905
2026-05-22 04:00:00;16;14.4;14.516999999999996;-0.11699999999999555
2026-05-22 05:00:00;16;14.2;14.162600000000005;0.03739999999999455
2026-05-22 06:00:00;16;16.2;14.909000000000002;1.2909999999999968
2026-05-22 07:00:00;16;18.4;17.73708;0.6629199999999997
2026-05-22 08:00:00;16;20.9;19.60399999999999;1.29600000000001
2026-05-22 09:00:00;16;23.6;22.169999999999995;1.4300000000000068
2026-05-22 10:00:00;16;26.1;24.47700000000001;1.6229999999999905
2026-05-22 11:00:00;16;27.9;26.672000000000008;1.2279999999999909
2026-05-22 12:00:00;16;29.5;27.298000000000002;2.201999999999998
2026-05-22 13:00:00;16;30.0;27.772000000000016;2.2279999999999838
2026-05-22 14:00:00;16;30.5;27.587000000000007;2.912999999999993
2026-05-22 15:00:00;16;30.5;27.353000000000016;3.1469999999999843
2026-05-22 16:00:00;16;30.2;27.25700000000001;2.9429999999999907
2026-05-22 17:00:00;16;29.7;27.019000000000016;2.680999999999983
2026-05-22 18:00:00;16;29.1;26.935000000000013;2.1649999999999885
2026-05-22 19:00:00;16;27.5;26.96100000000001;0.5389999999999908
2026-05-22 20:00:00;16;25.4;26.222000000000016;-0.8220000000000169
2026-05-22 21:00:00;16;24.0;23.26299999999999;0.737000000000009
2026-05-22 22:00:00;16;22.7;21.762999999999998;0.9370000000000012
2026-05-22 23:00:00;16;21.5;21.351000000000003;0.14899999999999736
2026-05-23 00:00:00;16;20.2;19.762000000000004;0.4379999999999953
2026-05-23 01:00:00;16;19.3;18.745999999999995;0.5540000000000056
2026-05-23 02:00:00;16;18.6;18.209999999999994;0.3900000000000077
2026-05-23 03:00:00;16;18.0;17.683999999999997;0.3160000000000025
2026-05-23 04:00:00;16;17.2;17.89799999999999;-0.6979999999999897
2026-05-23 05:00:00;16;17.2;16.810000000000006;0.38999999999999346
2026-05-23 06:00:00;16;18.8;17.013000000000005;1.7869999999999955
2026-05-23 07:00:00;16;21.0;19.358999999999998;1.6410000000000018
2026-05-23 08:00:00;16;23.6;21.718000000000007;1.8819999999999943
2026-05-23 09:00:00;16;26.4;24.20099999999999;2.1990000000000087
2026-05-23 10:00:00;16;28.5;26.39799999999999;2.102000000000011
2026-05-23 11:00:00;16;29.9;27.732000000000006;2.167999999999992
2026-05-23 12:00:00;16;31.5;28.21100000000001;3.288999999999991
2026-05-23 13:00:00;16;31.9;27.985000000000014;3.914999999999985
2026-05-23 14:00:00;16;32.0;27.834000000000017;4.165999999999983
2026-05-23 15:00:00;16;31.8;27.76000000000001;4.039999999999992
2026-05-23 16:00:00;16;31.4;27.313000000000006;4.086999999999993
2026-05-23 17:00:00;16;30.6;27.000000000000014;3.599999999999987
2026-05-23 18:00:00;16;30.0;27.025000000000013;2.974999999999987
2026-05-23 19:00:00;16;28.5;26.936000000000007;1.563999999999993
2026-05-23 20:00:00;16;26.2;26.994999999999994;-0.7949999999999946
2026-05-23 21:00:00;16;24.5;24.078999999999994;0.4210000000000065
2026-05-23 22:00:00;16;23.2;21.88200000000001;1.3179999999999907
2026-05-23 23:00:00;16;22.2;21.478999999999996;0.7210000000000036
2026-05-24 00:00:00;16;20.5;20.128999999999987;0.3710000000000129
2026-05-24 01:00:00;16;19.9;18.771000000000004;1.1289999999999942
2026-05-24 02:00:00;16;19.0;18.428999999999995;0.5710000000000051
2026-05-24 03:00:00;16;18.4;17.830000000000005;0.5699999999999932
2026-05-24 04:00:00;16;17.8;18.215999999999994;-0.41599999999999326
2026-05-24 05:00:00;16;17.7;17.993999999999993;-0.2939999999999934
2026-05-24 06:00:00;16;19.3;17.479999999999997;1.8200000000000038
2026-05-24 07:00:00;16;21.5;18.867;2.632999999999999
2026-05-24 08:00:00;16;24.2;21.726999999999997;2.4730000000000025
2026-05-24 09:00:00;16;26.8;25.026000000000003;1.7739999999999974
2026-05-24 10:00:00;16;28.9;26.37899999999999;2.521000000000008
2026-05-24 11:00:00;16;30.4;27.465000000000014;2.9349999999999845
2026-05-24 12:00:00;16;31.9;28.068000000000016;3.831999999999983
2026-05-24 13:00:00;16;32.0;27.834000000000014;4.165999999999986
2026-05-24 14:00:00;16;32.0;27.63800000000002;4.361999999999981
2026-05-24 15:00:00;16;31.8;27.18800000000002;4.611999999999981
2026-05-24 16:00:00;16;31.3;27.115000000000013;4.184999999999988
2026-05-24 17:00:00;16;30.8;26.848000000000017;3.951999999999984
2026-05-24 18:00:00;16;30.1;26.761000000000017;3.3389999999999844
2026-05-24 19:00:00;16;28.6;26.750000000000018;1.8499999999999837
2026-05-24 20:00:00;16;27.1;26.945000000000004;0.15499999999999758
2026-05-24 21:00:00;16;26.0;25.850000000000005;0.14999999999999503
2026-05-24 22:00:00;16;25.1;23.944000000000003;1.1559999999999988
2026-05-24 23:00:00;16;24.4;23.215;1.1849999999999987
2026-05-25 00:00:00;16;23.2;22.026999999999994;1.1730000000000054
2026-05-25 01:00:00;16;22.6;21.172000000000004;1.4279999999999973
2026-05-25 02:00:00;16;22.0;20.425999999999995;1.5740000000000052
2026-05-25 03:00:00;16;21.2;20.03399999999999;1.166000000000011
2026-05-25 04:00:00;16;20.6;19.490000000000002;1.1099999999999994
2026-05-25 05:00:00;16;20.5;18.892;1.6080000000000005
2026-05-25 06:00:00;16;22.0;18.885;3.1149999999999984
2026-05-25 07:00:00;16;23.8;21.189;2.6110000000000007
2026-05-25 08:00:00;16;26.0;22.185999999999993;3.814000000000007
2026-05-25 09:00:00;16;28.3;25.487999999999996;2.8120000000000047
2026-05-25 10:00:00;16;30.6;27.391000000000012;3.208999999999989
2026-05-25 11:00:00;16;32.3;27.513000000000005;4.786999999999992
2026-05-25 12:00:00;16;34.0;27.85000000000002;6.149999999999981
2026-05-25 13:00:00;16;34.5;27.90500000000001;6.594999999999992
2026-05-25 14:00:00;16;34.7;27.91300000000001;6.786999999999992
2026-05-25 15:00:00;16;34.7;27.85200000000001;6.847999999999992
2026-05-25 16:00:00;16;34.5;27.781000000000017;6.718999999999983
2026-05-25 17:00:00;16;33.9;27.605000000000018;6.29499999999998
2026-05-25 18:00:00;16;33.2;27.76400000000001;5.435999999999993
2026-05-25 19:00:00;16;31.4;27.495000000000015;3.9049999999999834
2026-05-25 20:00:00;16;29.2;26.978000000000012;2.221999999999987
2026-05-25 21:00:00;16;27.4;26.992000000000015;0.4079999999999835
2026-05-25 22:00:00;16;26.1;26.09400000000001;0.005999999999993122
2026-05-25 23:00:00;16;25.0;24.158999999999995;0.8410000000000046
2026-05-26 00:00:00;16;24.0;22.925;1.0749999999999993
2026-05-26 01:00:00;16;22.9;21.454999999999995;1.4450000000000038
2026-05-26 02:00:00;16;22.2;20.835999999999995;1.3640000000000043
2026-05-26 03:00:00;16;21.5;20.088999999999984;1.4110000000000156
2026-05-26 04:00:00;16;20.9;19.849;1.0509999999999984
2026-05-26 05:00:00;16;20.5;19.480000000000004;1.019999999999996
2026-05-26 06:00:00;16;22.3;18.823;3.4770000000000003
2026-05-26 07:00:00;16;24.1;20.726000000000003;3.3739999999999988
2026-05-26 08:00:00;16;26.2;23.141999999999992;3.058000000000007
2026-05-26 09:00:00;16;28.5;25.583999999999996;2.916000000000004
2026-05-26 10:00:00;16;30.8;27.513000000000012;3.2869999999999884
2026-05-26 11:00:00;16;32.6;27.579000000000004;5.020999999999997
2026-05-26 12:00:00;16;34.2;28.010000000000012;6.189999999999991
2026-05-26 13:00:00;16;34.5;27.936000000000014;6.563999999999986
2026-05-26 14:00:00;16;34.7;28.06400000000001;6.635999999999992
2026-05-26 15:00:00;16;34.8;28.01200000000001;6.787999999999986
2026-05-26 16:00:00;16;34.7;27.97500000000002;6.724999999999984
2026-05-26 17:00:00;16;34.3;27.800000000000008;6.499999999999989
2026-05-26 18:00:00;16;34.0;27.81000000000001;6.189999999999991
2026-05-26 19:00:00;16;31.9;27.54300000000001;4.356999999999989
2026-05-26 20:00:00;16;29.6;27.237000000000016;2.3629999999999853
2026-05-26 21:00:00;16;28.0;27.09100000000002;0.9089999999999812
2026-05-26 22:00:00;16;26.7;26.590000000000003;0.10999999999999588
2026-05-26 23:00:00;16;25.4;25.092999999999996;0.30700000000000216
2026-05-27 00:00:00;16;23.9;23.564;0.3359999999999985
2026-05-27 01:00:00;16;22.9;21.548999999999996;1.3510000000000026
2026-05-27 02:00:00;16;22.0;20.636999999999997;1.363000000000003
2026-05-27 03:00:00;16;21.3;20.00199999999999;1.2980000000000125
2026-05-27 04:00:00;16;20.8;19.616000000000003;1.1839999999999975
2026-05-27 05:00:00;16;20.8;18.995;1.8049999999999997
2026-05-27 06:00:00;16;22.5;19.031000000000002;3.4689999999999976
2026-05-27 07:00:00;16;24.4;21.028000000000002;3.3719999999999963
2026-05-27 08:00:00;16;26.6;23.554999999999993;3.045000000000009
2026-05-27 09:00:00;16;28.9;25.96999999999999;2.930000000000007
2026-05-27 10:00:00;16;31.0;27.447000000000003;3.5529999999999973
2026-05-27 11:00:00;16;32.8;27.564000000000007;5.23599999999999
2026-05-27 12:00:00;16;34.5;27.97600000000001;6.52399999999999
2026-05-27 13:00:00;16;34.2;27.863000000000014;6.336999999999989
2026-05-27 14:00:00;16;33.0;27.91500000000001;5.08499999999999
2026-05-27 15:00:00;16;33.8;27.729000000000013;6.070999999999984
2026-05-27 16:00:00;16;32.5;27.60900000000002;4.8909999999999805
2026-05-27 17:00:00;16;32.2;27.418000000000017;4.781999999999986
2026-05-27 18:00:00;16;31.1;27.146000000000022;3.9539999999999793
2026-05-27 19:00:00;16;30.0;27.026000000000025;2.9739999999999753
2026-05-27 20:00:00;16;28.0;27.092000000000017;0.9079999999999835
2026-05-27 21:00:00;16;27.0;26.61900000000001;0.38099999999998957
2026-05-27 22:00:00;16;26.0;25.938000000000002;0.06199999999999761
2026-05-27 23:00:00;16;25.1;24.17399999999999;0.9260000000000126
2026-05-28 00:00:00;16;23.6;23.364;0.23600000000000065
2026-05-28 01:00:00;16;22.9;21.415;1.4849999999999994
2026-05-28 02:00:00;16;22.1;21.156000000000002;0.9439999999999991
2026-05-28 03:00:00;16;21.4;20.140999999999984;1.2590000000000146
2026-05-28 04:00:00;16;20.7;19.866;0.8339999999999996
2026-05-28 05:00:00;16;20.5;18.908000000000005;1.5919999999999952
2026-05-28 06:00:00;16;21.5;18.865;2.6350000000000016
2026-05-28 07:00:00;16;23.6;21.141000000000005;2.458999999999996
2026-05-28 08:00:00;16;26.1;22.424;3.676000000000002
2026-05-28 09:00:00;16;28.6;25.728999999999996;2.8710000000000058
2026-05-28 10:00:00;16;30.9;27.579;3.320999999999998
2026-05-28 11:00:00;16;32.7;27.741999999999997;4.9580000000000055
2026-05-28 12:00:00;16;33.9;28.226999999999993;5.673000000000005
2026-05-28 13:00:00;16;34.4;28.086000000000002;6.3139999999999965
2026-05-28 14:00:00;16;33.0;27.554000000000016;5.445999999999984
2026-05-28 15:00:00;16;34.2;27.854000000000013;6.345999999999989
2026-05-28 16:00:00;16;33.3;28.090000000000014;5.209999999999983
2026-05-28 17:00:00;16;30.2;26.884000000000025;3.315999999999974
2026-05-28 18:00:00;16;32.2;27.46500000000002;4.734999999999982
2026-05-28 19:00:00;16;30.1;27.013000000000023;3.0869999999999784
2026-05-28 20:00:00;16;28.0;26.990000000000013;1.0099999999999874
2026-05-28 21:00:00;16;26.2;26.538000000000007;-0.33800000000000807
2026-05-28 22:00:00;16;25.4;24.143999999999988;1.2560000000000109
2026-05-28 23:00:00;16;24.5;23.633000000000006;0.8669999999999938
2026-05-29 00:00:00;16;22.0;21.773999999999997;0.22600000000000264
2026-05-29 01:00:00;16;21.1;20.03399999999999;1.0660000000000132
2026-05-29 02:00:00;16;20.8;19.277000000000008;1.5229999999999926
2026-05-29 03:00:00;16;20.6;18.95300000000001;1.6469999999999914
2026-05-29 04:00:00;16;20.7;18.753000000000004;1.9469999999999956
2026-05-29 05:00:00;16;21.2;18.886000000000003;2.3139999999999965
2026-05-29 06:00:00;16;22.5;19.608000000000004;2.891999999999996
2026-05-29 07:00:00;16;24.7;20.370000000000008;4.329999999999991
2026-05-29 08:00:00;16;27.4;23.54699999999998;3.8530000000000193
2026-05-29 09:00:00;16;29.5;26.892000000000017;2.6079999999999828
2026-05-29 10:00:00;16;31.3;27.686999999999998;3.613000000000003
2026-05-29 11:00:00;16;32.7;27.780000000000005;4.919999999999998
2026-05-29 12:00:00;16;33.5;28.229999999999997;5.270000000000003
2026-05-29 13:00:00;16;33.9;28.172000000000004;5.727999999999994
2026-05-29 14:00:00;16;34.1;28.310000000000013;5.7899999999999885
2026-05-29 15:00:00;16;34.2;28.157000000000018;6.042999999999985
2026-05-29 16:00:00;16;33.5;28.096000000000018;5.403999999999982
2026-05-29 17:00:00;16;32.3;27.526000000000007;4.77399999999999
2026-05-29 18:00:00;16;32.2;27.772000000000013;4.42799999999999
2026-05-29 19:00:00;16;29.4;26.93000000000001;2.469999999999988
2026-05-29 20:00:00;16;27.9;26.988000000000007;0.9119999999999919
2026-05-29 21:00:00;16;27.2;26.500000000000004;0.6999999999999957
2026-05-29 22:00:00;16;26.5;25.945999999999998;0.554000000000002
2026-05-29 23:00:00;16;25.5;24.639999999999997;0.860000000000003
2026-05-30 00:00:00;16;23.5;23.547000000000008;-0.0470000000000077
2026-05-30 01:00:00;16;22.6;21.199;1.4009999999999998
2026-05-30 02:00:00;16;21.9;20.89300000000001;1.0069999999999872
2026-05-30 03:00:00;16;21.5;20.815;0.6849999999999987
2026-05-30 04:00:00;16;20.7;20.054000000000006;0.6459999999999937
2026-05-30 05:00:00;16;20.9;18.993000000000002;1.9069999999999965
2026-05-30 06:00:00;16;22.0;19.896999999999995;2.103000000000005
2026-05-30 07:00:00;16;24.1;21.342;2.7580000000000027
2026-05-30 08:00:00;16;26.1;23.007999999999996;3.092000000000006
2026-05-30 09:00:00;16;28.1;25.49299999999999;2.60700000000001
2026-05-30 10:00:00;16;29.7;27.308000000000007;2.3919999999999924
2026-05-30 11:00:00;16;31.0;27.418000000000006;3.5819999999999936
2026-05-30 12:00:00;16;33.0;28.109000000000016;4.890999999999984
2026-05-30 13:00:00;16;31.6;27.20100000000002;4.398999999999983
2026-05-30 14:00:00;16;31.3;27.303000000000008;3.996999999999993
2026-05-30 15:00:00;16;31.0;27.19800000000001;3.801999999999989
2026-05-30 16:00:00;16;29.9;27.053000000000015;2.8469999999999835
2026-05-30 17:00:00;16;28.6;26.869000000000018;1.7309999999999839
2026-05-30 18:00:00;16;26.3;26.94200000000002;-0.6420000000000208
2026-05-30 19:00:00;16;26.0;24.079999999999995;1.9200000000000053
2026-05-30 20:00:00;16;25.3;23.983999999999984;1.3160000000000167
2026-05-30 21:00:00;16;23.5;23.007999999999992;0.492000000000008
2026-05-30 22:00:00;16;21.0;20.679000000000006;0.3209999999999944
2026-05-30 23:00:00;16;19.4;19.864000000000004;-0.46400000000000574
2026-05-13 00:00:00;17;6.2;6.412000000000002;-0.21200000000000152
2026-05-13 01:00:00;17;5.6;5.6129999999999995;-0.0129999999999999
2026-05-13 02:00:00;17;5.3;4.927999999999999;0.3720000000000008
2026-05-13 03:00:00;17;5.1;4.934079999999999;0.16592000000000073
2026-05-13 04:00:00;17;6.6;4.8318400000000015;1.7681599999999982
2026-05-13 05:00:00;17;7.1;6.59756;0.50244
2026-05-13 06:00:00;17;8.3;8.105000000000008;0.19499999999999318
2026-05-13 07:00:00;17;9.4;9.644999999999992;-0.2449999999999921
2026-05-13 08:00:00;17;11.7;10.572999999999995;1.1270000000000042
2026-05-13 09:00:00;17;12.4;13.242000000000003;-0.8420000000000023
2026-05-13 10:00:00;17;13.6;13.288999999999996;0.3110000000000035
2026-05-13 11:00:00;17;13.9;14.063000000000011;-0.16300000000001091
2026-05-13 12:00:00;17;14.6;14.694999999999999;-0.09499999999999886
2026-05-13 13:00:00;17;14.2;15.186999999999998;-0.9869999999999983
2026-05-13 14:00:00;17;14.2;14.39760000000001;-0.1976000000000102
2026-05-13 15:00:00;17;14.5;13.987999999999992;0.5120000000000076
2026-05-13 16:00:00;17;14.0;14.088999999999988;-0.08899999999998798
2026-05-13 17:00:00;17;12.9;13.439000000000007;-0.5390000000000068
2026-05-13 18:00:00;17;11.9;11.744000000000002;0.1559999999999988
2026-05-13 19:00:00;17;10.4;11.042;-0.6419999999999995
2026-05-13 20:00:00;17;9.4;9.750000000000004;-0.3500000000000032
2026-05-13 21:00:00;17;9.1;8.844999999999999;0.2550000000000008
2026-05-13 22:00:00;17;8.3;8.667999999999997;-0.3679999999999968
2026-05-13 23:00:00;17;7.6;7.81876;-0.2187600000000005
2026-05-14 00:00:00;17;7.1;6.972;0.12799999999999923
2026-05-14 01:00:00;17;7.0;6.599600000000002;0.40039999999999765
2026-05-14 02:00:00;17;6.9;6.90692;-0.006920000000000037
2026-05-14 03:00:00;17;6.9;6.6763200000000005;0.22367999999999988
2026-05-14 04:00:00;17;6.8;6.852239999999998;-0.05223999999999851
2026-05-14 05:00:00;17;6.6;6.831400000000002;-0.2314000000000025
2026-05-14 06:00:00;17;7.1;7.6977600000000015;-0.5977600000000018
2026-05-14 07:00:00;17;8.1;8.211760000000002;-0.11176000000000208
2026-05-14 08:00:00;17;9.4;9.420000000000002;-0.02000000000000135
2026-05-14 09:00:00;17;10.6;10.636;-0.03599999999999959
2026-05-14 10:00:00;17;11.2;11.780999999999999;-0.5809999999999995
2026-05-14 11:00:00;17;11.9;11.97752;-0.07751999999999981
2026-05-14 12:00:00;17;10.9;12.629999999999995;-1.729999999999995
2026-05-14 13:00:00;17;11.0;11.457479999999999;-0.45747999999999855
2026-05-14 14:00:00;17;11.6;10.820960000000003;0.7790399999999966
2026-05-14 15:00:00;17;11.8;11.753000000000007;0.04699999999999349
2026-05-14 16:00:00;17;11.4;11.753239999999995;-0.3532399999999942
2026-05-14 17:00:00;17;10.2;11.090000000000002;-0.8900000000000023
2026-05-14 18:00:00;17;9.1;9.473000000000003;-0.3730000000000029
2026-05-14 19:00:00;17;7.8;8.053000000000003;-0.2530000000000028
2026-05-14 20:00:00;17;6.7;7.028000000000002;-0.32800000000000207
2026-05-14 21:00:00;17;6.1;6.16488;-0.06488000000000049
2026-05-14 22:00:00;17;5.7;5.512999999999998;0.18700000000000205
2026-05-14 23:00:00;17;5.7;5.275000000000002;0.42499999999999805
2026-05-15 00:00:00;17;5.1;5.281920000000001;-0.18192000000000164
2026-05-15 01:00:00;17;5.2;4.804760000000001;0.39523999999999937
2026-05-15 02:00:00;17;5.0;5.134200000000001;-0.13420000000000076
2026-05-15 03:00:00;17;4.7;5.043959999999999;-0.34395999999999916
2026-05-15 04:00:00;17;4.6;4.274120000000002;0.32587999999999795
2026-05-15 05:00:00;17;4.8;4.260080000000001;0.5399199999999986
2026-05-15 06:00:00;17;5.8;5.704;0.09600000000000009
2026-05-15 07:00:00;17;6.9;7.320999999999999;-0.4209999999999985
2026-05-15 08:00:00;17;7.9;8.240999999999993;-0.3409999999999922
2026-05-15 09:00:00;17;9.3;9.212;0.08800000000000097
2026-05-15 10:00:00;17;10.5;10.491999999999997;0.008000000000002672
2026-05-15 11:00:00;17;10.6;11.494999999999997;-0.8949999999999978
2026-05-15 12:00:00;17;10.2;11.062119999999998;-0.8621199999999991
2026-05-15 13:00:00;17;10.9;10.535360000000003;0.36463999999999785
2026-05-15 14:00:00;17;11.3;10.800480000000007;0.4995199999999933
2026-05-15 15:00:00;17;12.0;11.342000000000002;0.6579999999999977
2026-05-15 16:00:00;17;11.8;11.735999999999997;0.06400000000000361
2026-05-15 17:00:00;17;11.1;11.22299999999999;-0.12299999999999045
2026-05-15 18:00:00;17;9.6;10.198;-0.5980000000000008
2026-05-15 19:00:00;17;8.4;8.421000000000003;-0.021000000000002572
2026-05-15 20:00:00;17;7.3;7.603000000000003;-0.3030000000000035
2026-05-15 21:00:00;17;6.4;6.686000000000002;-0.28600000000000136
2026-05-15 22:00:00;17;5.9;5.969639999999997;-0.06963999999999704
2026-05-15 23:00:00;17;5.9;5.558199999999999;0.341800000000001
2026-05-16 00:00:00;17;5.8;5.477800000000001;0.3221999999999987
2026-05-16 01:00:00;17;5.8;5.46976;0.33023999999999987
2026-05-16 02:00:00;17;5.7;5.470600000000001;0.22939999999999916
2026-05-16 03:00:00;17;5.6;5.382999999999999;0.21700000000000053
2026-05-16 04:00:00;17;5.3;5.256880000000001;0.04311999999999916
2026-05-16 05:00:00;17;5.2;5.001999999999999;0.19800000000000129
2026-05-16 06:00:00;17;6.3;6.852;-0.5520000000000005
2026-05-16 07:00:00;17;7.9;7.968520000000002;-0.06852000000000125
2026-05-16 08:00:00;17;9.2;9.604000000000006;-0.404000000000007
2026-05-16 09:00:00;17;10.4;10.768999999999991;-0.3689999999999909
2026-05-16 10:00:00;17;10.9;11.462;-0.5619999999999994
2026-05-16 11:00:00;17;11.4;11.701880000000003;-0.30188000000000237
2026-05-16 12:00:00;17;12.4;12.161560000000001;0.23843999999999888
2026-05-16 13:00:00;17;12.3;12.918999999999999;-0.618999999999998
2026-05-16 14:00:00;17;12.1;12.659240000000002;-0.5592400000000026
2026-05-16 15:00:00;17;12.5;12.224;0.2759999999999998
2026-05-16 16:00:00;17;12.7;12.230559999999999;0.4694400000000005
2026-05-16 17:00:00;17;12.1;12.049999999999997;0.05000000000000249
2026-05-16 18:00:00;17;11.3;10.940999999999999;0.35900000000000176
2026-05-16 19:00:00;17;9.6;10.139;-0.5389999999999997
2026-05-16 20:00:00;17;8.4;8.785999999999998;-0.38599999999999746
2026-05-16 21:00:00;17;7.3;7.618999999999999;-0.31899999999999906
2026-05-16 22:00:00;17;6.7;6.678000000000001;0.021999999999999353
2026-05-16 23:00:00;17;6.2;6.26;-0.05999999999999961
2026-05-17 00:00:00;17;6.2;5.643;0.5570000000000004
2026-05-17 01:00:00;17;5.7;5.7376;-0.03759999999999941
2026-05-17 02:00:00;17;5.2;5.303840000000001;-0.10384000000000082
2026-05-17 03:00:00;17;4.6;4.709000000000001;-0.10900000000000176
2026-05-17 04:00:00;17;4.4;4.19708;0.20292000000000066
2026-05-17 05:00:00;17;5.3;4.025080000000002;1.274919999999998
2026-05-17 06:00:00;17;7.2;6.888999999999999;0.31100000000000083
2026-05-17 07:00:00;17;9.1;9.216999999999999;-0.1169999999999991
2026-05-17 08:00:00;17;11.1;10.757999999999996;0.3420000000000041
2026-05-17 09:00:00;17;12.8;13.110000000000005;-0.31000000000000405
2026-05-17 10:00:00;17;14.4;14.228999999999994;0.17100000000000648
2026-05-17 11:00:00;17;15.1;15.511000000000006;-0.4110000000000067
2026-05-17 12:00:00;17;14.6;15.841000000000003;-1.2410000000000032
2026-05-17 13:00:00;17;15.2;15.487999999999998;-0.2879999999999985
2026-05-17 14:00:00;17;15.6;15.244999999999996;0.355000000000004
2026-05-17 15:00:00;17;15.9;15.437000000000003;0.4629999999999974
2026-05-17 16:00:00;17;15.5;15.66299999999999;-0.1629999999999896
2026-05-17 17:00:00;17;15.3;14.572000000000012;0.7279999999999891
2026-05-17 18:00:00;17;14.2;14.357999999999988;-0.15799999999998882
2026-05-17 19:00:00;17;12.6;13.014999999999997;-0.41499999999999737
2026-05-17 20:00:00;17;10.9;11.702999999999996;-0.8029999999999955
2026-05-17 21:00:00;17;10.6;10.109000000000002;0.4909999999999979
2026-05-17 22:00:00;17;10.1;9.948000000000006;0.15199999999999392
2026-05-17 23:00:00;17;9.9;9.766000000000002;0.13399999999999856
2026-05-18 00:00:00;17;9.8;9.763600000000002;0.036399999999998656
2026-05-18 01:00:00;17;9.4;9.4618;-0.061799999999999855
2026-05-18 02:00:00;17;9.1;9.204839999999995;-0.10483999999999583
2026-05-18 03:00:00;17;8.6;8.834640000000004;-0.23464000000000418
2026-05-18 04:00:00;17;8.0;8.153239999999998;-0.1532399999999985
2026-05-18 05:00:00;17;8.4;7.6136;0.7864000000000004
2026-05-18 06:00:00;17;10.2;9.244960000000004;0.955039999999995
2026-05-18 07:00:00;17;11.4;12.210000000000003;-0.8100000000000023
2026-05-18 08:00:00;17;11.9;12.54412000000001;-0.6441200000000098
2026-05-18 09:00:00;17;12.4;12.883000000000006;-0.48300000000000587
2026-05-18 10:00:00;17;11.8;13.153999999999996;-1.3539999999999957
2026-05-18 11:00:00;17;13.7;12.294919999999998;1.4050800000000017
2026-05-18 12:00:00;17;14.6;14.694999999999995;-0.09499999999999531
2026-05-18 13:00:00;17;15.1;15.264000000000005;-0.16400000000000503
2026-05-18 14:00:00;17;15.1;15.281400000000001;-0.18140000000000178
2026-05-18 15:00:00;17;14.9;14.972600000000002;-0.07260000000000133
2026-05-18 16:00:00;17;14.9;14.341;0.559000000000001
2026-05-18 17:00:00;17;14.3;13.983999999999998;0.3160000000000025
2026-05-18 18:00:00;17;13.7;13.345;0.35499999999999865
2026-05-18 19:00:00;17;12.2;12.691000000000006;-0.49100000000000676
2026-05-18 20:00:00;17;10.6;11.352999999999998;-0.7529999999999983
2026-05-18 21:00:00;17;9.9;9.854000000000005;0.04599999999999582
2026-05-18 22:00:00;17;9.2;9.337;-0.13700000000000045
2026-05-18 23:00:00;17;8.8;8.584999999999996;0.2150000000000052
2026-05-19 00:00:00;17;7.7;8.631239999999998;-0.9312399999999981
2026-05-19 01:00:00;17;7.856;7.174000000000004;0.6819999999999959
2026-05-19 02:00:00;17;8.012;7.521520000000002;0.49047999999999803
2026-05-19 03:00:00;17;8.168;8.064839999999998;0.1031600000000008
2026-05-19 04:00:00;17;8.324;8.074760000000001;0.24923999999999857
2026-05-19 05:00:00;17;8.48;8.228560000000002;0.2514399999999988
2026-05-19 06:00:00;17;8.636;9.289880000000004;-0.6538800000000045
2026-05-19 07:00:00;17;8.792;9.52344;-0.731440000000001
2026-05-19 08:00:00;17;8.948;9.388040000000004;-0.4400400000000033
2026-05-19 09:00:00;17;9.104;9.53256;-0.42856000000000094
2026-05-19 10:00:00;17;9.26;9.65824;-0.3982399999999995
2026-05-19 11:00:00;17;9.416;9.562999999999997;-0.1469999999999967
2026-05-19 12:00:00;17;9.572;9.634800000000002;-0.06280000000000285
2026-05-19 13:00:00;17;9.728;9.883199999999999;-0.1551999999999989
2026-05-19 14:00:00;17;9.884;9.859159999999997;0.02484000000000286
2026-05-19 15:00:00;17;10.04;9.6946;0.3453999999999997
2026-05-19 16:00:00;17;10.196;9.84432;0.35168
2026-05-19 17:00:00;17;10.352;10.003199999999998;0.34880000000000244
2026-05-19 18:00:00;17;10.508;10.177639999999995;0.3303600000000042
2026-05-19 19:00:00;17;10.664;10.019640000000004;0.6443599999999954
2026-05-19 20:00:00;17;10.82;10.499360000000001;0.32063999999999915
2026-05-19 21:00:00;17;10.976;10.751079999999996;0.22492000000000445
2026-05-19 22:00:00;17;11.132;10.730799999999999;0.4012000000000011
2026-05-19 23:00:00;17;11.288;10.901400000000006;0.3865999999999943
2026-05-20 00:00:00;17;11.444;10.954360000000003;0.48963999999999785
2026-05-20 01:00:00;17;11.6;11.279800000000002;0.32019999999999804
2026-05-20 02:00:00;17;11.2;11.42724;-0.2272400000000001
2026-05-20 03:00:00;17;11.0;10.866000000000001;0.13399999999999856
2026-05-20 04:00:00;17;11.1;10.841399999999997;0.25860000000000305
2026-05-20 05:00:00;17;11.4;10.913240000000004;0.48675999999999675
2026-05-20 06:00:00;17;13.1;11.535479999999998;1.5645200000000017
2026-05-20 07:00:00;17;14.1;14.823999999999991;-0.7239999999999913
2026-05-20 08:00:00;17;15.2;15.13316;0.06683999999999912
2026-05-20 09:00:00;17;16.7;16.275;0.4250000000000007
2026-05-20 10:00:00;17;17.2;17.868000000000006;-0.6680000000000064
2026-05-20 11:00:00;17;17.9;18.147;-0.2469999999999999
2026-05-20 12:00:00;17;18.6;18.796000000000003;-0.1960000000000015
2026-05-20 13:00:00;17;18.5;18.894999999999996;-0.394999999999996
2026-05-20 14:00:00;17;19.4;18.408999999999995;0.9910000000000032
2026-05-20 15:00:00;17;19.6;19.288000000000007;0.31199999999999406
2026-05-20 16:00:00;17;19.5;19.337;0.16300000000000026
2026-05-20 17:00:00;17;18.8;18.21599999999999;0.5840000000000103
2026-05-20 18:00:00;17;18.3;17.804;0.4960000000000022
2026-05-20 19:00:00;17;16.1;16.938;-0.8379999999999974
2026-05-20 20:00:00;17;14.6;14.817000000000002;-0.2170000000000023
2026-05-20 21:00:00;17;13.4;13.737999999999992;-0.3379999999999921
2026-05-20 22:00:00;17;12.4;12.83376;-0.4337599999999995
2026-05-20 23:00:00;17;11.5;12.076;-0.5760000000000005
2026-05-21 00:00:00;17;11.2;11.011999999999999;0.1880000000000006
2026-05-21 01:00:00;17;10.8;10.886599999999996;-0.08659999999999535
2026-05-21 02:00:00;17;10.5;10.208000000000006;0.2919999999999945
2026-05-21 03:00:00;17;10.2;10.096;0.1039999999999992
2026-05-21 04:00:00;17;9.7;10.017519999999998;-0.31751999999999825
2026-05-21 05:00:00;17;10.9;9.306799999999999;1.5932000000000013
2026-05-21 06:00:00;17;13.4;11.764600000000003;1.635399999999997
2026-05-21 07:00:00;17;15.6;15.384999999999986;0.21500000000001407
2026-05-21 08:00:00;17;17.4;17.357;0.04299999999999926
2026-05-21 09:00:00;17;18.5;19.02799999999998;-0.5279999999999809
2026-05-21 10:00:00;17;19.5;19.325999999999993;0.1740000000000066
2026-05-21 11:00:00;17;20.5;20.37700000000001;0.12299999999999045
2026-05-21 12:00:00;17;22.0;21.04799999999999;0.9520000000000088
2026-05-21 13:00:00;17;22.1;22.351;-0.25099999999999767
2026-05-21 14:00:00;17;22.1;22.130999999999993;-0.0309999999999917
2026-05-21 15:00:00;17;22.5;21.65999999999999;0.8400000000000105
2026-05-21 16:00:00;17;22.2;21.836;0.36400000000000077
2026-05-21 17:00:00;17;21.7;21.28600000000001;0.4139999999999908
2026-05-21 18:00:00;17;21.1;20.411000000000016;0.6889999999999858
2026-05-21 19:00:00;17;19.6;19.95900000000001;-0.35900000000000887
2026-05-21 20:00:00;17;18.5;18.23699999999999;0.2630000000000088
2026-05-21 21:00:00;17;17.8;17.304000000000002;0.49599999999999866
2026-05-21 22:00:00;17;16.5;16.927;-0.4269999999999996
2026-05-21 23:00:00;17;15.6;15.454999999999998;0.14500000000000135
2026-05-22 00:00:00;17;14.9;14.813000000000002;0.08699999999999797
2026-05-22 01:00:00;17;14.1;14.346000000000002;-0.24600000000000222
2026-05-22 02:00:00;17;13.4;13.467000000000002;-0.06700000000000195
2026-05-22 03:00:00;17;12.9;13.046560000000001;-0.1465600000000009
2026-05-22 04:00:00;17;12.5;12.39596;0.10403999999999947
2026-05-22 05:00:00;17;13.2;12.252720000000009;0.9472799999999904
2026-05-22 06:00:00;17;15.6;14.351000000000004;1.2489999999999952
2026-05-22 07:00:00;17;17.5;17.335639999999994;0.1643600000000056
2026-05-22 08:00:00;17;19.5;19.224999999999994;0.2750000000000057
2026-05-22 09:00:00;17;21.4;20.96100000000001;0.4389999999999894
2026-05-22 10:00:00;17;23.1;22.914000000000005;0.1859999999999964
2026-05-22 11:00:00;17;24.2;23.776000000000003;0.42399999999999594
2026-05-22 12:00:00;17;26.2;25.134;1.065999999999999
2026-05-22 13:00:00;17;26.4;26.592999999999996;-0.19299999999999784
2026-05-22 14:00:00;17;26.5;26.34;0.16000000000000014
2026-05-22 15:00:00;17;26.5;25.996000000000013;0.5039999999999871
2026-05-22 16:00:00;17;26.0;25.881999999999998;0.1180000000000021
2026-05-22 17:00:00;17;25.5;25.14900000000002;0.3509999999999813
2026-05-22 18:00:00;17;25.1;24.139;0.9610000000000021
2026-05-22 19:00:00;17;23.2;23.688000000000002;-0.4880000000000031
2026-05-22 20:00:00;17;22.3;21.893000000000008;0.4069999999999929
2026-05-22 21:00:00;17;20.5;20.689999999999987;-0.18999999999998707
2026-05-22 22:00:00;17;18.6;19.464000000000013;-0.8640000000000114
2026-05-22 23:00:00;17;17.8;17.403;0.397000000000002
2026-05-23 00:00:00;17;16.9;17.04799999999999;-0.14799999999999258
2026-05-23 01:00:00;17;16.9;16.057;0.843
2026-05-23 02:00:00;17;16.3;16.241999999999997;0.05800000000000338
2026-05-23 03:00:00;17;15.9;15.924840000000001;-0.024840000000001083
2026-05-23 04:00:00;17;15.1;15.327000000000007;-0.22700000000000742
2026-05-23 05:00:00;17;15.6;14.760999999999983;0.8390000000000164
2026-05-23 06:00:00;17;17.7;16.229359999999996;1.470640000000003
2026-05-23 07:00:00;17;20.4;18.311999999999987;2.0880000000000116
2026-05-23 08:00:00;17;22.9;21.972999999999992;0.9270000000000067
2026-05-23 09:00:00;17;24.9;24.028000000000006;0.8719999999999928
2026-05-23 10:00:00;17;26.1;25.7;0.40000000000000213
2026-05-23 11:00:00;17;27.0;26.706000000000014;0.2939999999999863
2026-05-23 12:00:00;17;28.5;27.220000000000013;1.279999999999987
2026-05-23 13:00:00;17;28.6;27.811000000000032;0.7889999999999695
2026-05-23 14:00:00;17;28.8;27.78700000000003;1.0129999999999697
2026-05-23 15:00:00;17;28.8;27.557000000000016;1.2429999999999843
2026-05-23 16:00:00;17;28.6;27.45000000000001;1.1499999999999915
2026-05-23 17:00:00;17;28.0;26.99000000000001;1.009999999999991
2026-05-23 18:00:00;17;27.5;27.154;0.3460000000000001
2026-05-23 19:00:00;17;25.1;26.099000000000004;-0.9990000000000023
2026-05-23 20:00:00;17;23.0;22.851999999999993;0.1480000000000068
2026-05-23 21:00:00;17;22.3;21.744000000000007;0.5559999999999938
2026-05-23 22:00:00;17;21.5;20.822999999999997;0.6770000000000032
2026-05-23 23:00:00;17;20.9;20.477000000000015;0.42299999999998406
2026-05-24 00:00:00;17;20.5;20.090999999999998;0.4090000000000025
2026-05-24 01:00:00;17;19.5;19.641999999999996;-0.1419999999999959
2026-05-24 02:00:00;17;18.6;18.466999999999995;0.13300000000000622
2026-05-24 03:00:00;17;18.0;17.623;0.3769999999999989
2026-05-24 04:00:00;17;17.5;18.69099999999999;-1.1909999999999883
2026-05-24 05:00:00;17;18.0;17.483999999999995;0.5160000000000053
2026-05-24 06:00:00;17;19.8;19.043999999999997;0.7560000000000038
2026-05-24 07:00:00;17;22.0;19.871000000000002;2.128999999999998
2026-05-24 08:00:00;17;23.8;22.055000000000014;1.7449999999999868
2026-05-24 09:00:00;17;25.4;24.221000000000007;1.1789999999999914
2026-05-24 10:00:00;17;26.8;25.22200000000001;1.5779999999999923
2026-05-24 11:00:00;17;28.0;26.335999999999995;1.664000000000005
2026-05-24 12:00:00;17;30.2;27.50100000000003;2.6989999999999696
2026-05-24 13:00:00;17;30.4;27.685000000000027;2.7149999999999714
2026-05-24 14:00:00;17;30.4;27.57000000000002;2.829999999999977
2026-05-24 15:00:00;17;30.2;27.40600000000002;2.793999999999979
2026-05-24 16:00:00;17;30.1;27.096000000000014;3.003999999999987
2026-05-24 17:00:00;17;29.8;26.958000000000016;2.8419999999999845
2026-05-24 18:00:00;17;29.3;26.85800000000001;2.4419999999999895
2026-05-24 19:00:00;17;26.9;26.78000000000001;0.11999999999999034
2026-05-24 20:00:00;17;25.2;25.057000000000006;0.14299999999999358
2026-05-24 21:00:00;17;24.3;23.73299999999999;0.5670000000000108
2026-05-24 22:00:00;17;23.1;23.23500000000001;-0.13500000000000867
2026-05-24 23:00:00;17;22.0;21.854;0.1460000000000008
2026-05-25 00:00:00;17;21.0;20.755999999999993;0.24400000000000688
2026-05-25 01:00:00;17;20.0;19.80500000000001;0.19499999999998963
2026-05-25 02:00:00;17;19.4;18.780999999999995;0.6190000000000033
2026-05-25 03:00:00;17;19.1;18.281000000000006;0.8189999999999955
2026-05-25 04:00:00;17;18.8;18.10200000000001;0.6979999999999897
2026-05-25 05:00:00;17;19.3;18.321000000000012;0.9789999999999885
2026-05-25 06:00:00;17;21.1;18.698;2.402000000000001
2026-05-25 07:00:00;17;22.9;21.433000000000007;1.4669999999999916
2026-05-25 08:00:00;17;24.4;22.626999999999995;1.7730000000000032
2026-05-25 09:00:00;17;26.0;24.575000000000003;1.4249999999999972
2026-05-25 10:00:00;17;27.5;25.727000000000007;1.7729999999999926
2026-05-25 11:00:00;17;28.8;26.491000000000003;2.3089999999999975
2026-05-25 12:00:00;17;31.0;27.787000000000024;3.212999999999976
2026-05-25 13:00:00;17;31.0;27.818000000000026;3.1819999999999737
2026-05-25 14:00:00;17;31.2;27.62600000000002;3.5739999999999803
2026-05-25 15:00:00;17;31.1;27.52100000000001;3.57899999999999
2026-05-25 16:00:00;17;30.9;27.494000000000014;3.4059999999999846
2026-05-25 17:00:00;17;30.4;27.277000000000015;3.1229999999999833
2026-05-25 18:00:00;17;29.5;27.39300000000001;2.1069999999999887
2026-05-25 19:00:00;17;27.2;26.74900000000002;0.4509999999999792
2026-05-25 20:00:00;17;25.0;25.717000000000013;-0.717000000000013
2026-05-25 21:00:00;17;23.5;23.564999999999987;-0.06499999999998707
2026-05-25 22:00:00;17;22.8;22.210000000000008;0.5899999999999928
2026-05-25 23:00:00;17;22.0;21.870000000000005;0.12999999999999545
2026-05-26 00:00:00;17;20.8;20.903000000000002;-0.10300000000000153
2026-05-26 01:00:00;17;20.3;19.72;0.5800000000000018
2026-05-26 02:00:00;17;19.6;19.429000000000002;0.17099999999999937
2026-05-26 03:00:00;17;19.1;18.618000000000006;0.48199999999999577
2026-05-26 04:00:00;17;18.6;18.398000000000003;0.20199999999999818
2026-05-26 05:00:00;17;19.2;18.556999999999995;0.6430000000000042
2026-05-26 06:00:00;17;21.4;18.778;2.622
2026-05-26 07:00:00;17;23.4;21.469999999999995;1.9300000000000033
2026-05-26 08:00:00;17;25.1;23.314999999999994;1.7850000000000072
2026-05-26 09:00:00;17;26.9;25.04200000000001;1.8579999999999899
2026-05-26 10:00:00;17;28.7;26.412;2.2880000000000003
2026-05-26 11:00:00;17;29.9;27.44900000000001;2.45099999999999
2026-05-26 12:00:00;17;31.1;28.094000000000015;3.005999999999986
2026-05-26 13:00:00;17;31.6;27.931000000000008;3.6689999999999934
2026-05-26 14:00:00;17;32.0;27.86100000000001;4.138999999999989
2026-05-26 15:00:00;17;32.0;27.83600000000001;4.163999999999991
2026-05-26 16:00:00;17;31.9;27.79100000000001;4.1089999999999876
2026-05-26 17:00:00;17;30.9;27.61900000000001;3.280999999999988
2026-05-26 18:00:00;17;29.7;27.21600000000002;2.4839999999999804
2026-05-26 19:00:00;17;27.5;26.860000000000024;0.6399999999999757
2026-05-26 20:00:00;17;25.6;25.903000000000006;-0.3030000000000044
2026-05-26 21:00:00;17;24.4;24.102000000000004;0.2979999999999947
2026-05-26 22:00:00;17;23.5;23.156000000000017;0.34399999999998343
2026-05-26 23:00:00;17;22.6;22.110000000000014;0.4899999999999878
2026-05-27 00:00:00;17;21.2;21.503;-0.3030000000000008
2026-05-27 01:00:00;17;20.4;19.89700000000001;0.5029999999999895
2026-05-27 02:00:00;17;19.4;19.263000000000005;0.13699999999999335
2026-05-27 03:00:00;17;19.0;18.398000000000003;0.6019999999999968
2026-05-27 04:00:00;17;18.8;18.204000000000004;0.5959999999999965
2026-05-27 05:00:00;17;19.7;18.326000000000008;1.3739999999999917
2026-05-27 06:00:00;17;21.3;19.055999999999997;2.2440000000000033
2026-05-27 07:00:00;17;24.0;21.436999999999998;2.5630000000000024
2026-05-27 08:00:00;17;25.8;24.313000000000002;1.4869999999999983
2026-05-27 09:00:00;17;27.5;25.768999999999995;1.7310000000000052
2026-05-27 10:00:00;17;28.9;26.95700000000001;1.9429999999999872
2026-05-27 11:00:00;17;29.8;27.53500000000001;2.26499999999999
2026-05-27 12:00:00;17;30.9;28.034000000000006;2.8659999999999926
2026-05-27 13:00:00;17;31.2;27.89200000000001;3.307999999999989
2026-05-27 14:00:00;17;31.3;27.84000000000001;3.45999999999999
2026-05-27 15:00:00;17;31.2;27.81500000000001;3.384999999999991
2026-05-27 16:00:00;17;31.0;27.79000000000001;3.20999999999999
2026-05-27 17:00:00;17;29.9;27.242000000000015;2.6579999999999835
2026-05-27 18:00:00;17;28.5;27.222000000000016;1.2779999999999845
2026-05-27 19:00:00;17;26.0;26.785000000000018;-0.7850000000000179
2026-05-27 20:00:00;17;24.5;24.146999999999988;0.3530000000000122
2026-05-27 21:00:00;17;23.9;23.247000000000007;0.6529999999999916
2026-05-27 22:00:00;17;23.3;22.736999999999995;0.5630000000000059
2026-05-27 23:00:00;17;22.4;22.061000000000007;0.33899999999999153
2026-05-28 00:00:00;17;21.1;21.028000000000002;0.07199999999999918
2026-05-28 01:00:00;17;20.3;19.849000000000014;0.4509999999999863
2026-05-28 02:00:00;17;19.6;19.351000000000003;0.24899999999999878
2026-05-28 03:00:00;17;19.2;18.456000000000003;0.7439999999999962
2026-05-28 04:00:00;17;18.5;18.223000000000006;0.2769999999999939
2026-05-28 05:00:00;17;18.9;18.253;0.6469999999999985
2026-05-28 06:00:00;17;20.9;18.583000000000002;2.3169999999999966
2026-05-28 07:00:00;17;22.8;21.46300000000001;1.336999999999989
2026-05-28 08:00:00;17;24.2;22.677;1.5229999999999997
2026-05-28 09:00:00;17;25.5;24.66500000000001;0.8349999999999902
2026-05-28 10:00:00;17;26.9;25.037000000000013;1.8629999999999853
2026-05-28 11:00:00;17;28.0;26.078999999999997;1.921000000000003
2026-05-28 12:00:00;17;29.5;26.917000000000012;2.5829999999999878
2026-05-28 13:00:00;17;29.7;27.699000000000023;2.0009999999999764
2026-05-28 14:00:00;17;30.0;27.566000000000017;2.4339999999999833
2026-05-28 15:00:00;17;29.9;27.35800000000002;2.5419999999999803
2026-05-28 16:00:00;17;29.3;27.258000000000017;2.041999999999984
2026-05-28 17:00:00;17;28.5;27.11800000000002;1.3819999999999801
2026-05-28 18:00:00;17;27.8;26.877000000000017;0.922999999999984
2026-05-28 19:00:00;17;25.8;26.00400000000001;-0.20400000000000773
2026-05-28 20:00:00;17;23.9;23.956999999999994;-0.056999999999995055
2026-05-28 21:00:00;17;22.7;22.53200000000001;0.1679999999999886
2026-05-28 22:00:00;17;21.9;21.870000000000008;0.02999999999999048
2026-05-28 23:00:00;17;21.0;20.68100000000002;0.3189999999999813
2026-05-29 00:00:00;17;19.8;19.879;-0.07900000000000063
2026-05-29 01:00:00;17;18.9;18.587000000000003;0.3129999999999953
2026-05-29 02:00:00;17;18.2;18.000999999999998;0.19900000000000162
2026-05-29 03:00:00;17;17.5;17.522000000000002;-0.022000000000002018
2026-05-29 04:00:00;17;17.1;16.810000000000002;0.28999999999999915
2026-05-29 05:00:00;17;18.0;17.252999999999997;0.7470000000000034
2026-05-29 06:00:00;17;20.0;18.963999999999995;1.036000000000005
2026-05-29 07:00:00;17;22.0;20.261;1.7390000000000008
2026-05-29 08:00:00;17;23.7;22.26400000000001;1.4359999999999893
2026-05-29 09:00:00;17;25.3;24.608;0.6920000000000002
2026-05-29 10:00:00;17;26.7;25.78400000000001;0.9159999999999897
2026-05-29 11:00:00;17;27.9;26.862999999999992;1.0370000000000061
2026-05-29 12:00:00;17;29.5;27.530000000000022;1.9699999999999775
2026-05-29 13:00:00;17;29.8;27.845000000000027;1.9549999999999734
2026-05-29 14:00:00;17;30.1;27.76500000000002;2.334999999999983
2026-05-29 15:00:00;17;30.2;27.62400000000002;2.575999999999979
2026-05-29 16:00:00;17;30.0;27.508000000000017;2.491999999999983
2026-05-29 17:00:00;17;29.6;27.342000000000017;2.257999999999985
2026-05-29 18:00:00;17;29.3;27.640000000000015;1.659999999999986
2026-05-29 19:00:00;17;27.1;26.952000000000012;0.14799999999998903
2026-05-29 20:00:00;17;25.6;25.86900000000001;-0.269000000000009
2026-05-29 21:00:00;17;24.1;23.984000000000005;0.1159999999999961
2026-05-29 22:00:00;17;23.1;22.938000000000002;0.16199999999999903
2026-05-29 23:00:00;17;22.4;22.146000000000004;0.25399999999999423
2026-05-30 00:00:00;17;20.5;21.167999999999992;-0.6679999999999922
2026-05-30 01:00:00;17;19.8;19.498000000000005;0.30199999999999605
2026-05-30 02:00:00;17;19.2;18.585;0.6149999999999984
2026-05-30 03:00:00;17;19.0;18.20500000000001;0.794999999999991
2026-05-30 04:00:00;17;18.7;18.455;0.245000000000001
2026-05-30 05:00:00;17;19.7;18.405000000000005;1.2949999999999946
2026-05-30 06:00:00;17;21.3;19.387000000000004;1.9129999999999967
2026-05-30 07:00:00;17;22.3;21.418000000000003;0.8819999999999979
2026-05-30 08:00:00;17;23.1;22.31200000000001;0.7879999999999932
2026-05-30 09:00:00;17;24.2;23.084999999999987;1.1150000000000126
2026-05-30 10:00:00;17;26.0;24.86400000000001;1.1359999999999886
2026-05-30 11:00:00;17;27.0;26.145;0.8550000000000004
2026-05-30 12:00:00;17;28.9;27.275000000000006;1.624999999999993
2026-05-30 13:00:00;17;29.3;28.150000000000013;1.149999999999988
2026-05-30 14:00:00;17;29.6;28.134000000000018;1.4659999999999833
2026-05-30 15:00:00;17;29.6;27.849000000000014;1.750999999999987
2026-05-30 16:00:00;17;29.4;27.52900000000001;1.870999999999988
2026-05-30 17:00:00;17;28.8;27.54900000000001;1.2509999999999906
2026-05-30 18:00:00;17;28.5;27.50100000000001;0.9989999999999917
2026-05-30 19:00:00;17;26.7;26.805000000000003;-0.10500000000000398
2026-05-30 20:00:00;17;25.2;25.104;0.09600000000000009
2026-05-30 21:00:00;17;24.4;24.086999999999993;0.31300000000000594
2026-05-30 22:00:00;17;23.5;23.446000000000005;0.05399999999999494
2026-05-30 23:00:00;17;22.8;22.534000000000002;0.26599999999999824
2026-05-13 00:00:00;18;10.9;10.602640000000003;0.2973599999999976
2026-05-13 01:00:00;18;10.4;10.741000000000001;-0.3410000000000011
2026-05-13 02:00:00;18;10.1;10.162199999999999;-0.06219999999999892
2026-05-13 03:00:00;18;10.1;9.863000000000003;0.23699999999999655
2026-05-13 04:00:00;18;10.0;10.023839999999996;-0.02383999999999631
2026-05-13 05:00:00;18;10.1;9.86279999999999;0.2372000000000103
2026-05-13 06:00:00;18;10.6;10.447479999999995;0.15252000000000443
2026-05-13 07:00:00;18;11.4;11.332879999999998;0.06712000000000273
2026-05-13 08:00:00;18;11.9;12.298000000000002;-0.39800000000000146
2026-05-13 09:00:00;18;12.2;12.526000000000003;-0.32600000000000406
2026-05-13 10:00:00;18;12.6;12.762039999999997;-0.16203999999999752
2026-05-13 11:00:00;18;12.6;13.230000000000002;-0.6300000000000026
2026-05-13 12:00:00;18;12.9;13.08008000000001;-0.18008000000000912
2026-05-13 13:00:00;18;12.1;13.231639999999995;-1.1316399999999955
2026-05-13 14:00:00;18;12.1;12.375639999999999;-0.2756399999999992
2026-05-13 15:00:00;18;12.8;12.079880000000001;0.7201199999999996
2026-05-13 16:00:00;18;12.4;12.663999999999998;-0.26399999999999757
2026-05-13 17:00:00;18;11.8;12.045640000000006;-0.2456400000000052
2026-05-13 18:00:00;18;11.2;11.186999999999998;0.013000000000001677
2026-05-13 19:00:00;18;10.4;10.7376;-0.3376000000000001
2026-05-13 20:00:00;18;10.1;10.005999999999998;0.0940000000000012
2026-05-13 21:00:00;18;9.6;9.840599999999997;-0.24059999999999704
2026-05-13 22:00:00;18;9.5;9.281719999999995;0.21828000000000536
2026-05-13 23:00:00;18;9.2;9.328399999999997;-0.1283999999999974
2026-05-14 00:00:00;18;9.1;9.279440000000003;-0.17944000000000315
2026-05-14 01:00:00;18;8.9;8.84476;0.05523999999999951
2026-05-14 02:00:00;18;9.1;8.712400000000002;0.3875999999999973
2026-05-14 03:00:00;18;8.9;8.958520000000004;-0.058520000000003236
2026-05-14 04:00:00;18;8.6;8.81468;-0.21467999999999954
2026-05-14 05:00:00;18;9.1;8.500879999999999;0.599120000000001
2026-05-14 06:00:00;18;9.3;9.849519999999997;-0.5495199999999958
2026-05-14 07:00:00;18;9.5;9.904320000000007;-0.40432000000000734
2026-05-14 08:00:00;18;10.2;10.131200000000002;0.06879999999999775
2026-05-14 09:00:00;18;11.1;11.038200000000002;0.06179999999999808
2026-05-14 10:00:00;18;10.8;11.955200000000007;-1.155200000000006
2026-05-14 11:00:00;18;11.4;11.042759999999996;0.35724000000000444
2026-05-14 12:00:00;18;12.1;11.860040000000001;0.23995999999999817
2026-05-14 13:00:00;18;11.4;12.627000000000008;-1.2270000000000074
2026-05-14 14:00:00;18;9.1;11.214959999999996;-2.1149599999999964
2026-05-14 15:00:00;18;8.6;8.47948;0.12051999999999907
2026-05-14 16:00:00;18;8.6;8.118000000000002;0.48199999999999754
2026-05-14 17:00:00;18;8.4;8.02432;0.3756800000000009
2026-05-14 18:00:00;18;8.9;7.885760000000002;1.0142399999999983
2026-05-14 19:00:00;18;8.9;8.873880000000002;0.02611999999999881
2026-05-14 20:00:00;18;8.4;8.885160000000003;-0.48516000000000226
2026-05-14 21:00:00;18;8.1;8.211079999999997;-0.11107999999999763
2026-05-14 22:00:00;18;8.3;7.75544;0.5445600000000006
2026-05-14 23:00:00;18;8.1;8.283839999999996;-0.18383999999999645
2026-05-15 00:00:00;18;7.7;8.052840000000002;-0.3528400000000014
2026-05-15 01:00:00;18;7.3;7.41432;-0.1143200000000002
2026-05-15 02:00:00;18;7.5;6.998439999999999;0.5015600000000013
2026-05-15 03:00:00;18;7.3;7.355719999999996;-0.05571999999999644
2026-05-15 04:00:00;18;7.3;7.124159999999998;0.17584000000000177
2026-05-15 05:00:00;18;7.2;7.209119999999998;-0.009119999999997574
2026-05-15 06:00:00;18;8.5;8.135320000000002;0.3646799999999981
2026-05-15 07:00:00;18;10.4;9.821999999999996;0.5780000000000047
2026-05-15 08:00:00;18;11.6;11.788999999999998;-0.18899999999999828
2026-05-15 09:00:00;18;11.9;12.549000000000003;-0.6490000000000027
2026-05-15 10:00:00;18;12.2;12.395999999999997;-0.19599999999999795
2026-05-15 11:00:00;18;12.8;12.656039999999997;0.14396000000000342
2026-05-15 12:00:00;18;13.2;13.235000000000005;-0.03500000000000547
2026-05-15 13:00:00;18;12.9;13.364599999999998;-0.46459999999999724
2026-05-15 14:00:00;18;12.9;13.075159999999999;-0.1751599999999982
2026-05-15 15:00:00;18;12.6;12.842119999999996;-0.24211999999999634
2026-05-15 16:00:00;18;11.9;12.087359999999999;-0.1873599999999982
2026-05-15 17:00:00;18;11.3;11.595;-0.29499999999999993
2026-05-15 18:00:00;18;10.9;10.585;0.3149999999999995
2026-05-15 19:00:00;18;10.1;10.575;-0.47499999999999964
2026-05-15 20:00:00;18;9.3;9.538999999999998;-0.23899999999999721
2026-05-15 21:00:00;18;8.9;8.78;0.120000000000001
2026-05-15 22:00:00;18;9.5;8.450360000000002;1.0496399999999984
2026-05-15 23:00:00;18;9.8;9.321919999999999;0.47808000000000206
2026-05-16 00:00:00;18;9.2;9.646999999999998;-0.4469999999999992
2026-05-16 01:00:00;18;8.6;8.846680000000003;-0.24668000000000312
2026-05-16 02:00:00;18;8.9;8.152479999999999;0.7475200000000015
2026-05-16 03:00:00;18;9.6;8.95516;0.6448400000000003
2026-05-16 04:00:00;18;9.6;9.656400000000001;-0.05640000000000178
2026-05-16 05:00:00;18;9.6;9.6158;-0.01580000000000048
2026-05-16 06:00:00;18;10.6;10.265719999999996;0.33428000000000324
2026-05-16 07:00:00;18;10.7;11.519999999999998;-0.8199999999999985
2026-05-16 08:00:00;18;10.9;10.722559999999996;0.17744000000000426
2026-05-16 09:00:00;18;11.4;11.247119999999995;0.152880000000005
2026-05-16 10:00:00;18;11.7;11.870999999999992;-0.17099999999999227
2026-05-16 11:00:00;18;11.9;12.095559999999999;-0.19555999999999862
2026-05-16 12:00:00;18;13.2;12.297080000000003;0.9029199999999964
2026-05-16 13:00:00;18;13.9;13.554800000000002;0.3451999999999984
2026-05-16 14:00:00;18;13.4;13.913000000000004;-0.5130000000000035
2026-05-16 15:00:00;18;12.6;12.885800000000001;-0.28580000000000183
2026-05-16 16:00:00;18;12.4;12.083239999999998;0.31676000000000215
2026-05-16 17:00:00;18;12.8;12.115520000000002;0.6844799999999989
2026-05-16 18:00:00;18;12.6;12.2892;0.3108000000000004
2026-05-16 19:00:00;18;12.0;12.049879999999995;-0.049879999999994595
2026-05-16 20:00:00;18;11.6;11.670959999999997;-0.07095999999999769
2026-05-16 21:00:00;18;11.1;11.214159999999998;-0.11415999999999826
2026-05-16 22:00:00;18;10.5;10.803600000000003;-0.303600000000003
2026-05-16 23:00:00;18;9.8;10.115839999999999;-0.3158399999999979
2026-05-17 00:00:00;18;9.3;9.461000000000007;-0.1610000000000067
2026-05-17 01:00:00;18;9.3;8.929519999999998;0.37048000000000236
2026-05-17 02:00:00;18;9.2;9.175760000000002;0.024239999999997153
2026-05-17 03:00:00;18;9.1;8.94152;0.15847999999999907
2026-05-17 04:00:00;18;9.1;8.80768;0.29232000000000014
2026-05-17 05:00:00;18;9.4;8.86964;0.5303599999999999
2026-05-17 06:00:00;18;10.1;10.165959999999998;-0.06595999999999869
2026-05-17 07:00:00;18;11.2;10.923880000000004;0.27611999999999526
2026-05-17 08:00:00;18;12.1;12.302000000000003;-0.2020000000000035
2026-05-17 09:00:00;18;12.8;12.894;-0.09399999999999942
2026-05-17 10:00:00;18;12.9;13.415999999999997;-0.5159999999999965
2026-05-17 11:00:00;18;13.2;13.338999999999993;-0.13899999999999402
2026-05-17 12:00:00;18;14.1;13.559000000000005;0.540999999999995
2026-05-17 13:00:00;18;13.9;14.499;-0.5990000000000002
2026-05-17 14:00:00;18;13.9;13.752;0.1479999999999997
2026-05-17 15:00:00;18;13.8;13.576000000000013;0.22399999999998776
2026-05-17 16:00:00;18;12.6;13.47332;-0.8733199999999997
2026-05-17 17:00:00;18;12.1;12.150239999999998;-0.05023999999999873
2026-05-17 18:00:00;18;11.9;11.495999999999992;0.4040000000000088
2026-05-17 19:00:00;18;11.2;11.606999999999998;-0.40699999999999825
2026-05-17 20:00:00;18;10.6;10.693999999999999;-0.09399999999999942
2026-05-17 21:00:00;18;10.2;10.061000000000002;0.13899999999999757
2026-05-17 22:00:00;18;9.8;9.973679999999996;-0.17367999999999562
2026-05-17 23:00:00;18;9.3;9.350999999999994;-0.05099999999999305
2026-05-18 00:00:00;18;9.3;9.1062;0.1938000000000013
2026-05-18 01:00:00;18;9.1;9.101280000000004;-0.0012800000000048328
2026-05-18 02:00:00;18;9.2;8.850799999999998;0.3492000000000015
2026-05-18 03:00:00;18;9.1;8.958039999999999;0.14196000000000097
2026-05-18 04:00:00;18;9.4;8.88092;0.5190800000000007
2026-05-18 05:00:00;18;9.4;9.270640000000004;0.1293599999999966
2026-05-18 06:00:00;18;10.4;9.993200000000002;0.4067999999999987
2026-05-18 07:00:00;18;10.7;11.494879999999998;-0.7948799999999991
2026-05-18 08:00:00;18;11.0;11.199520000000001;-0.19952000000000147
2026-05-18 09:00:00;18;11.7;11.372519999999998;0.3274800000000013
2026-05-18 10:00:00;18;11.7;12.152039999999992;-0.4520399999999931
2026-05-18 11:00:00;18;12.1;11.859439999999998;0.2405600000000021
2026-05-18 12:00:00;18;12.4;12.390999999999995;0.00900000000000567
2026-05-18 13:00:00;18;12.6;12.894;-0.2940000000000005
2026-05-18 14:00:00;18;12.1;12.91236;-0.81236
2026-05-18 15:00:00;18;12.7;11.865599999999999;0.8344000000000005
2026-05-18 16:00:00;18;12.9;12.541000000000002;0.3589999999999982
2026-05-18 17:00:00;18;12.4;12.418000000000001;-0.018000000000000682
2026-05-18 18:00:00;18;12.1;11.885600000000002;0.2143999999999977
2026-05-18 19:00:00;18;12.1;11.752160000000002;0.34783999999999793
2026-05-18 20:00:00;18;12.2;11.752519999999995;0.4474800000000041
2026-05-18 21:00:00;18;12.4;12.000200000000005;0.3997999999999955
2026-05-18 22:00:00;18;12.4;12.119080000000006;0.28091999999999473
2026-05-18 23:00:00;18;12.6;12.130600000000006;0.46939999999999316
2026-05-19 00:00:00;18;12.9;12.293920000000004;0.6060799999999968
2026-05-19 01:00:00;18;12.928;12.898479999999996;0.029520000000005098
2026-05-19 02:00:00;18;12.956;12.697879999999998;0.2581200000000017
2026-05-19 03:00:00;18;12.984;12.680359999999993;0.3036400000000068
2026-05-19 04:00:00;18;13.012;12.723199999999993;0.2888000000000073
2026-05-19 05:00:00;18;13.04;12.908599999999996;0.13140000000000285
2026-05-19 06:00:00;18;13.068;13.229799999999996;-0.16179999999999595
2026-05-19 07:00:00;18;13.096;13.384399999999994;-0.288399999999994
2026-05-19 08:00:00;18;13.124;13.28164;-0.1576399999999989
2026-05-19 09:00:00;18;13.152;13.226399999999998;-0.07439999999999891
2026-05-19 10:00:00;18;13.18;13.231799999999998;-0.05179999999999829
2026-05-19 11:00:00;18;13.208;13.2598;-0.05180000000000007
2026-05-19 12:00:00;18;13.236;13.249960000000002;-0.01396000000000086
2026-05-19 13:00:00;18;13.264;13.273399999999999;-0.009399999999999409
2026-05-19 14:00:00;18;13.292;13.208800000000004;0.08319999999999617
2026-05-19 15:00:00;18;13.32;12.984680000000004;0.33531999999999584
2026-05-19 16:00:00;18;13.348;12.941720000000009;0.40627999999999176
2026-05-19 17:00:00;18;13.376;13.183840000000002;0.19215999999999767
2026-05-19 18:00:00;18;13.404;13.123519999999994;0.28048000000000606
2026-05-19 19:00:00;18;13.432;13.257519999999994;0.17448000000000619
2026-05-19 20:00:00;18;13.46;13.281839999999995;0.17816000000000543
2026-05-19 21:00:00;18;13.488;13.287279999999996;0.200720000000004
2026-05-19 22:00:00;18;13.516;13.302999999999997;0.21300000000000274
2026-05-19 23:00:00;18;13.544;13.422759999999993;0.12124000000000734
2026-05-20 00:00:00;18;13.572;13.549679999999999;0.02232000000000056
2026-05-20 01:00:00;18;13.6;13.511959999999997;0.088040000000003
2026-05-20 02:00:00;18;13.5;13.485759999999997;0.014240000000002695
2026-05-20 03:00:00;18;13.4;13.238439999999995;0.16156000000000503
2026-05-20 04:00:00;18;13.3;13.133519999999999;0.16648000000000174
2026-05-20 05:00:00;18;13.3;13.21748;0.08252000000000059
2026-05-20 06:00:00;18;13.6;13.426560000000002;0.1734399999999976
2026-05-20 07:00:00;18;13.6;13.867680000000007;-0.26768000000000747
2026-05-20 08:00:00;18;13.8;13.83724;-0.03723999999999883
2026-05-20 09:00:00;18;14.8;14.473999999999998;0.3260000000000023
2026-05-20 10:00:00;18;15.2;15.316520000000002;-0.11652000000000307
2026-05-20 11:00:00;18;15.6;15.718399999999992;-0.11839999999999229
2026-05-20 12:00:00;18;16.0;15.09059999999999;0.9094000000000104
2026-05-20 13:00:00;18;15.9;15.712159999999988;0.187840000000012
2026-05-20 14:00:00;18;15.9;15.785199999999989;0.11480000000001134
2026-05-20 15:00:00;18;16.0;15.700239999999992;0.299760000000008
2026-05-20 16:00:00;18;15.7;15.757079999999997;-0.057079999999997355
2026-05-20 17:00:00;18;15.6;14.94620000000001;0.6537999999999897
2026-05-20 18:00:00;18;15.5;14.713200000000002;0.7867999999999977
2026-05-20 19:00:00;18;14.7;14.792199999999998;-0.09219999999999828
2026-05-20 20:00:00;18;13.9;14.08092;-0.1809200000000004
2026-05-20 21:00:00;18;13.8;13.218519999999998;0.5814800000000027
2026-05-20 22:00:00;18;13.9;13.515399999999998;0.3846000000000025
2026-05-20 23:00:00;18;13.9;13.645839999999994;0.25416000000000594
2026-05-21 00:00:00;18;13.5;13.662119999999994;-0.1621199999999945
2026-05-21 01:00:00;18;13.5;13.207600000000003;0.2923999999999971
2026-05-21 02:00:00;18;13.1;13.215359999999999;-0.11535999999999902
2026-05-21 03:00:00;18;12.9;12.894119999999994;0.005880000000006547
2026-05-21 04:00:00;18;12.6;12.647400000000005;-0.047400000000004994
2026-05-21 05:00:00;18;12.4;12.491239999999998;-0.09123999999999732
2026-05-21 06:00:00;18;13.5;12.92556;0.5744399999999992
2026-05-21 07:00:00;18;14.4;14.16104;0.2389600000000005
2026-05-21 08:00:00;18;15.6;15.270599999999995;0.329400000000005
2026-05-21 09:00:00;18;17.0;16.424999999999997;0.5750000000000028
2026-05-21 10:00:00;18;18.2;17.808999999999994;0.39100000000000534
2026-05-21 11:00:00;18;19.3;18.78099999999999;0.519000000000009
2026-05-21 12:00:00;18;20.8;19.717000000000002;1.0829999999999984
2026-05-21 13:00:00;18;21.4;20.906999999999996;0.4930000000000021
2026-05-21 14:00:00;18;21.6;21.204000000000004;0.39599999999999724
2026-05-21 15:00:00;18;21.2;21.217000000000002;-0.017000000000003013
2026-05-21 16:00:00;18;20.7;20.545000000000012;0.15499999999998693
2026-05-21 17:00:00;18;20.4;19.933000000000003;0.4669999999999952
2026-05-21 18:00:00;18;20.5;19.310999999999996;1.1890000000000036
2026-05-21 19:00:00;18;19.5;19.203;0.2970000000000006
2026-05-21 20:00:00;18;18.1;18.271999999999995;-0.1719999999999935
2026-05-21 21:00:00;18;17.5;17.223000000000003;0.27699999999999747
2026-05-21 22:00:00;18;16.8;16.905999999999995;-0.10599999999999454
2026-05-21 23:00:00;18;15.9;16.01664;-0.11663999999999852
2026-05-22 00:00:00;18;15.2;15.395999999999999;-0.19599999999999973
2026-05-22 01:00:00;18;14.8;14.622999999999996;0.17700000000000493
2026-05-22 02:00:00;18;14.2;14.42524;-0.22524000000000122
2026-05-22 03:00:00;18;13.8;13.819119999999998;-0.01911999999999736
2026-05-22 04:00:00;18;13.2;13.443;-0.24300000000000033
2026-05-22 05:00:00;18;12.6;13.209599999999996;-0.6095999999999968
2026-05-22 06:00:00;18;14.0;13.467760000000004;0.5322399999999963
2026-05-22 07:00:00;18;15.4;15.190040000000002;0.20995999999999881
2026-05-22 08:00:00;18;17.4;17.122400000000006;0.2775999999999925
2026-05-22 09:00:00;18;19.5;18.659999999999986;0.8400000000000141
2026-05-22 10:00:00;18;21.2;20.608999999999995;0.5910000000000046
2026-05-22 11:00:00;18;22.6;21.763000000000016;0.8369999999999855
2026-05-22 12:00:00;18;24.6;22.64900000000001;1.9509999999999899
2026-05-22 13:00:00;18;25.5;23.884;1.6159999999999997
2026-05-22 14:00:00;18;25.9;24.41199999999999;1.4880000000000102
2026-05-22 15:00:00;18;25.2;25.267999999999994;-0.06799999999999429
2026-05-22 16:00:00;18;23.4;23.00700000000001;0.39299999999999
2026-05-22 17:00:00;18;22.3;20.817999999999994;1.4820000000000064
2026-05-22 18:00:00;18;22.5;20.48899999999999;2.01100000000001
2026-05-22 19:00:00;18;21.2;20.09899999999999;1.1010000000000097
2026-05-22 20:00:00;18;18.9;19.276000000000003;-0.3760000000000048
2026-05-22 21:00:00;18;18.0;17.397000000000006;0.6029999999999944
2026-05-22 22:00:00;18;17.2;16.921999999999997;0.27800000000000225
2026-05-22 23:00:00;18;15.7;16.288000000000007;-0.5880000000000081
2026-05-23 00:00:00;18;14.4;14.846999999999996;-0.4469999999999956
2026-05-23 01:00:00;18;13.9;13.996999999999998;-0.09699999999999775
2026-05-23 02:00:00;18;13.6;13.426000000000002;0.1739999999999977
2026-05-23 03:00:00;18;13.1;13.159799999999997;-0.05979999999999741
2026-05-23 04:00:00;18;12.6;12.682440000000012;-0.0824400000000125
2026-05-23 05:00:00;18;12.6;12.198000000000002;0.40199999999999747
2026-05-23 06:00:00;18;13.6;13.055800000000007;0.5441999999999929
2026-05-23 07:00:00;18;15.0;14.36132;0.6386800000000008
2026-05-23 08:00:00;18;16.9;16.589000000000006;0.31099999999999284
2026-05-23 09:00:00;18;18.9;18.302999999999994;0.5970000000000049
2026-05-23 10:00:00;18;20.4;20.087;0.31299999999999883
2026-05-23 11:00:00;18;20.8;20.09;0.7100000000000009
2026-05-23 12:00:00;18;21.2;19.537999999999997;1.6620000000000026
2026-05-23 13:00:00;18;21.8;19.487;2.3130000000000024
2026-05-23 14:00:00;18;21.8;18.795000000000005;3.0049999999999955
2026-05-23 15:00:00;18;21.5;18.717000000000006;2.782999999999994
2026-05-23 16:00:00;18;21.1;19.001000000000012;2.0989999999999895
2026-05-23 17:00:00;18;19.7;19.127999999999997;0.5720000000000027
2026-05-23 18:00:00;18;17.7;18.51;-0.8100000000000023
2026-05-23 19:00:00;18;16.2;16.776000000000003;-0.5760000000000041
2026-05-23 20:00:00;18;15.1;15.432000000000002;-0.3320000000000025
2026-05-23 21:00:00;18;14.8;14.452000000000005;0.3479999999999954
2026-05-23 22:00:00;18;14.6;14.255639999999994;0.34436000000000533
2026-05-23 23:00:00;18;14.6;14.170280000000002;0.4297199999999979
2026-05-24 00:00:00;18;14.4;14.235559999999998;0.16444000000000258
2026-05-24 01:00:00;18;14.6;14.14956;0.4504400000000004
2026-05-24 02:00:00;18;14.6;14.199559999999998;0.40044000000000146
2026-05-24 03:00:00;18;14.6;14.176760000000007;0.42323999999999273
2026-05-24 04:00:00;18;14.6;14.198920000000005;0.401079999999995
2026-05-24 05:00:00;18;14.9;14.414400000000002;0.48559999999999803
2026-05-24 06:00:00;18;17.0;15.354080000000005;1.645919999999995
2026-05-24 07:00:00;18;19.5;17.763000000000005;1.7369999999999948
2026-05-24 08:00:00;18;22.5;20.340999999999994;2.159000000000006
2026-05-24 09:00:00;18;24.9;19.532999999999994;5.367000000000004
2026-05-24 10:00:00;18;26.5;24.253;2.247
2026-05-24 11:00:00;18;27.6;26.346000000000004;1.2539999999999978
2026-05-24 12:00:00;18;29.2;26.879000000000016;2.3209999999999837
2026-05-24 13:00:00;18;29.7;27.48800000000002;2.2119999999999784
2026-05-24 14:00:00;18;30.0;27.37200000000001;2.6279999999999895
2026-05-24 15:00:00;18;29.8;27.07700000000002;2.722999999999981
2026-05-24 16:00:00;18;29.3;27.05600000000001;2.243999999999989
2026-05-24 17:00:00;18;28.5;26.88500000000002;1.6149999999999807
2026-05-24 18:00:00;18;27.6;26.75400000000001;0.845999999999993
2026-05-24 19:00:00;18;26.1;26.06100000000002;0.03899999999998016
2026-05-24 20:00:00;18;24.1;24.056000000000004;0.04399999999999693
2026-05-24 21:00:00;18;22.8;21.319000000000003;1.480999999999998
2026-05-24 22:00:00;18;22.0;20.832000000000008;1.1679999999999922
2026-05-24 23:00:00;18;21.7;19.937;1.7629999999999981
2026-05-25 00:00:00;18;21.7;19.857000000000014;1.8429999999999858
2026-05-25 01:00:00;18;21.5;19.86800000000001;1.6319999999999908
2026-05-25 02:00:00;18;21.1;19.77700000000001;1.3229999999999897
2026-05-25 03:00:00;18;20.9;19.509000000000004;1.3909999999999947
2026-05-25 04:00:00;18;20.6;19.557000000000002;1.0429999999999993
2026-05-25 05:00:00;18;20.5;18.901;1.5990000000000002
2026-05-25 06:00:00;18;21.7;18.840000000000007;2.8599999999999923
2026-05-25 07:00:00;18;23.1;19.10700000000001;3.9929999999999914
2026-05-25 08:00:00;18;24.9;21.022999999999996;3.8770000000000024
2026-05-25 09:00:00;18;26.7;23.768999999999995;2.9310000000000045
2026-05-25 10:00:00;18;28.3;25.85999999999998;2.440000000000019
2026-05-25 11:00:00;18;29.2;27.34400000000002;1.8559999999999803
2026-05-25 12:00:00;18;30.8;27.26700000000001;3.5329999999999906
2026-05-25 13:00:00;18;31.2;27.37500000000001;3.8249999999999886
2026-05-25 14:00:00;18;31.6;27.24600000000001;4.353999999999992
2026-05-25 15:00:00;18;31.4;27.23400000000001;4.16599999999999
2026-05-25 16:00:00;18;30.9;27.133000000000017;3.7669999999999817
2026-05-25 17:00:00;18;30.5;27.004000000000023;3.4959999999999773
2026-05-25 18:00:00;18;29.2;26.98800000000002;2.2119999999999784
2026-05-25 19:00:00;18;27.4;26.96500000000002;0.4349999999999774
2026-05-25 20:00:00;18;25.7;26.194000000000013;-0.494000000000014
2026-05-25 21:00:00;18;25.1;23.624999999999996;1.475000000000005
2026-05-25 22:00:00;18;24.2;22.733999999999988;1.4660000000000117
2026-05-25 23:00:00;18;22.8;21.763999999999992;1.0360000000000085
2026-05-26 00:00:00;18;22.2;20.502999999999993;1.6970000000000063
2026-05-26 01:00:00;18;21.8;20.084999999999983;1.7150000000000176
2026-05-26 02:00:00;18;21.6;19.948;1.652000000000001
2026-05-26 03:00:00;18;21.6;19.976000000000003;1.6239999999999988
2026-05-26 04:00:00;18;21.5;19.935000000000002;1.5649999999999977
2026-05-26 05:00:00;18;21.5;19.869000000000003;1.6309999999999967
2026-05-26 06:00:00;18;23.1;19.901000000000007;3.1989999999999945
2026-05-26 07:00:00;18;24.6;20.511999999999997;4.0880000000000045
2026-05-26 08:00:00;18;26.5;23.486999999999988;3.0130000000000123
2026-05-26 09:00:00;18;28.0;25.60199999999999;2.3980000000000103
2026-05-26 10:00:00;18;29.9;26.989000000000004;2.9109999999999943
2026-05-26 11:00:00;18;31.2;27.437000000000012;3.7629999999999875
2026-05-26 12:00:00;18;32.1;27.186000000000014;4.913999999999987
2026-05-26 13:00:00;18;32.4;27.15700000000002;5.242999999999977
2026-05-26 14:00:00;18;32.7;27.355000000000008;5.344999999999995
2026-05-26 15:00:00;18;32.5;27.766000000000005;4.733999999999995
2026-05-26 16:00:00;18;31.8;27.27500000000002;4.524999999999981
2026-05-26 17:00:00;18;30.2;26.966000000000022;3.233999999999977
2026-05-26 18:00:00;18;29.3;26.924000000000024;2.3759999999999764
2026-05-26 19:00:00;18;28.5;26.96800000000002;1.5319999999999787
2026-05-26 20:00:00;18;25.9;27.020000000000014;-1.1200000000000152
2026-05-26 21:00:00;18;24.7;23.999999999999986;0.7000000000000135
2026-05-26 22:00:00;18;23.5;22.36699999999999;1.1330000000000098
2026-05-26 23:00:00;18;22.1;20.215999999999998;1.884000000000004
2026-05-27 00:00:00;18;20.7;19.85099999999999;0.8490000000000109
2026-05-27 01:00:00;18;20.2;18.82700000000001;1.3729999999999905
2026-05-27 02:00:00;18;19.3;18.562999999999995;0.7370000000000054
2026-05-27 03:00:00;18;18.7;18.224000000000004;0.47599999999999554
2026-05-27 04:00:00;18;18.2;17.702000000000005;0.497999999999994
2026-05-27 05:00:00;18;17.8;17.898999999999994;-0.0989999999999931
2026-05-27 06:00:00;18;19.6;18.119999999999994;1.4800000000000075
2026-05-27 07:00:00;18;21.3;18.986000000000004;2.3139999999999965
2026-05-27 08:00:00;18;22.5;21.603;0.8969999999999985
2026-05-27 09:00:00;18;23.5;21.231999999999992;2.268000000000008
2026-05-27 10:00:00;18;25.1;23.265;1.8350000000000009
2026-05-27 11:00:00;18;25.5;24.853000000000005;0.6469999999999949
2026-05-27 12:00:00;18;28.0;25.43300000000001;2.5669999999999895
2026-05-27 13:00:00;18;27.5;26.958999999999996;0.5410000000000039
2026-05-27 14:00:00;18;27.0;26.429000000000002;0.570999999999998
2026-05-27 15:00:00;18;26.9;26.190000000000005;0.7099999999999937
2026-05-27 16:00:00;18;26.8;25.707000000000004;1.0929999999999964
2026-05-27 17:00:00;18;26.0;25.640999999999995;0.3590000000000053
2026-05-27 18:00:00;18;25.1;24.078999999999997;1.0210000000000043
2026-05-27 19:00:00;18;24.0;23.044999999999987;0.9550000000000125
2026-05-27 20:00:00;18;22.9;21.560999999999993;1.3390000000000057
2026-05-27 21:00:00;18;21.5;20.532000000000004;0.9679999999999964
2026-05-27 22:00:00;18;20.2;19.949;0.25099999999999767
2026-05-27 23:00:00;18;19.2;18.850999999999996;0.34900000000000375
2026-05-28 00:00:00;18;19.1;18.127;0.9730000000000025
2026-05-28 01:00:00;18;19.1;18.134;0.9660000000000011
2026-05-28 02:00:00;18;18.8;18.189000000000004;0.6109999999999971
2026-05-28 03:00:00;18;18.5;18.190000000000005;0.30999999999999517
2026-05-28 04:00:00;18;18.0;18.203999999999997;-0.20399999999999707
2026-05-28 05:00:00;18;18.4;18.175999999999995;0.22400000000000375
2026-05-28 06:00:00;18;19.5;18.447000000000006;1.0529999999999937
2026-05-28 07:00:00;18;20.5;19.21699999999999;1.2830000000000084
2026-05-28 08:00:00;18;22.2;21.156;1.0440000000000005
2026-05-28 09:00:00;18;23.7;21.255999999999993;2.444000000000006
2026-05-28 10:00:00;18;24.5;23.413000000000007;1.0869999999999926
2026-05-28 11:00:00;18;24.7;24.015999999999995;0.6840000000000046
2026-05-28 12:00:00;18;27.4;24.48500000000001;2.9149999999999885
2026-05-28 13:00:00;18;25.4;26.415000000000013;-1.0150000000000148
2026-05-28 14:00:00;18;24.9;23.805999999999997;1.0940000000000012
2026-05-28 15:00:00;18;25.0;23.637000000000004;1.362999999999996
2026-05-28 16:00:00;18;24.1;23.186000000000003;0.9139999999999979
2026-05-28 17:00:00;18;23.6;21.739999999999995;1.8600000000000065
2026-05-28 18:00:00;18;20.6;20.480999999999995;0.11900000000000688
2026-05-28 19:00:00;18;18.5;18.928000000000008;-0.42800000000000793
2026-05-28 20:00:00;18;16.9;17.61800000000001;-0.7180000000000106
2026-05-28 21:00:00;18;15.9;16.343000000000004;-0.44300000000000317
2026-05-28 22:00:00;18;15.2;15.270000000000003;-0.07000000000000384
2026-05-28 23:00:00;18;14.9;14.737;0.16300000000000026
2026-05-29 00:00:00;18;14.9;14.472000000000001;0.42799999999999905
2026-05-29 01:00:00;18;14.5;14.504559999999996;-0.004559999999996123
2026-05-29 02:00:00;18;14.2;14.20232;-0.002320000000000988
2026-05-29 03:00:00;18;14.2;13.840240000000001;0.35975999999999786
2026-05-29 04:00:00;18;14.4;13.863679999999995;0.5363200000000052
2026-05-29 05:00:00;18;14.6;14.296959999999997;0.30304000000000286
2026-05-29 06:00:00;18;15.4;15.420440000000001;-0.02044000000000068
2026-05-29 07:00:00;18;16.4;17.32763999999999;-0.9276399999999931
2026-05-29 08:00:00;18;17.4;17.680000000000003;-0.2800000000000047
2026-05-29 09:00:00;18;17.9;18.429000000000006;-0.529000000000007
2026-05-29 10:00:00;18;18.2;18.72000000000001;-0.5200000000000102
2026-05-29 11:00:00;18;19.9;18.796;1.1039999999999992
2026-05-29 12:00:00;18;22.8;20.092000000000006;2.707999999999995
2026-05-29 13:00:00;18;20.2;20.33;-0.129999999999999
2026-05-29 14:00:00;18;18.8;19.096000000000007;-0.2960000000000065
2026-05-29 15:00:00;18;18.2;18.463000000000005;-0.26300000000000523
2026-05-29 16:00:00;18;18.2;18.01599999999999;0.18400000000000816
2026-05-29 17:00:00;18;18.2;17.589000000000002;0.6109999999999971
2026-05-29 18:00:00;18;17.5;17.536999999999995;-0.03699999999999548
2026-05-29 19:00:00;18;16.8;16.858;-0.05799999999999983
2026-05-29 20:00:00;18;15.6;16.103000000000005;-0.5030000000000054
2026-05-29 21:00:00;18;14.6;15.105;-0.5050000000000008
2026-05-29 22:00:00;18;14.2;14.141279999999995;0.058720000000004546
2026-05-29 23:00:00;18;14.1;13.784520000000002;0.3154799999999973
2026-05-30 00:00:00;18;14.5;13.917760000000005;0.5822399999999952
2026-05-30 01:00:00;18;14.5;14.177720000000006;0.3222799999999939
2026-05-30 02:00:00;18;14.1;14.234680000000004;-0.1346800000000048
2026-05-30 03:00:00;18;13.9;13.765960000000009;0.13403999999999172
2026-05-30 04:00:00;18;13.8;13.707880000000003;0.09211999999999776
2026-05-30 05:00:00;18;13.7;13.492000000000004;0.20799999999999486
2026-05-30 06:00:00;18;14.9;14.305000000000001;0.5949999999999989
2026-05-30 07:00:00;18;16.3;15.454759999999988;0.8452400000000129
2026-05-30 08:00:00;18;17.8;17.425279999999997;0.3747200000000035
2026-05-30 09:00:00;18;19.4;18.771999999999995;0.6280000000000037
2026-05-30 10:00:00;18;20.1;19.873000000000008;0.2269999999999932
2026-05-30 11:00:00;18;20.5;20.576999999999995;-0.07699999999999463
2026-05-30 12:00:00;18;21.1;20.523999999999997;0.5760000000000041
2026-05-30 13:00:00;18;21.0;20.998000000000005;0.001999999999995339
2026-05-30 14:00:00;18;20.9;20.723000000000003;0.17699999999999605
2026-05-30 15:00:00;18;21.2;20.511999999999997;0.6880000000000024
2026-05-30 16:00:00;18;20.4;20.655000000000005;-0.2550000000000061
2026-05-30 17:00:00;18;18.7;19.835999999999995;-1.1359999999999957
2026-05-30 18:00:00;18;17.0;17.37;-0.370000000000001
2026-05-30 19:00:00;18;15.9;16.061000000000007;-0.1610000000000067
2026-05-30 20:00:00;18;14.9;15.401;-0.5009999999999994
2026-05-30 21:00:00;18;14.2;14.356;-0.15600000000000058
2026-05-30 22:00:00;18;14.2;13.550999999999995;0.6490000000000045
2026-05-30 23:00:00;18;14.4;13.702039999999997;0.6979600000000037
2026-05-13 00:00:00;19;12.2;12.572480000000006;-0.3724800000000066
2026-05-13 01:00:00;19;11.9;11.898359999999998;0.0016400000000018622
2026-05-13 02:00:00;19;11.1;11.609000000000004;-0.5090000000000039
2026-05-13 03:00:00;19;10.5;10.803119999999995;-0.3031199999999945
2026-05-13 04:00:00;19;10.5;10.122;0.3780000000000001
2026-05-13 05:00:00;19;10.9;10.265439999999998;0.6345600000000022
2026-05-13 06:00:00;19;12.5;11.79028000000001;0.7097199999999901
2026-05-13 07:00:00;19;14.4;14.065999999999995;0.33400000000000496
2026-05-13 08:00:00;19;15.6;16.178000000000008;-0.5780000000000083
2026-05-13 09:00:00;19;16.7;16.749000000000002;-0.04900000000000304
2026-05-13 10:00:00;19;18.4;17.929999999999996;0.4700000000000024
2026-05-13 11:00:00;19;19.3;19.503000000000007;-0.2030000000000065
2026-05-13 12:00:00;19;19.2;20.179000000000013;-0.9790000000000134
2026-05-13 13:00:00;19;19.7;19.348;0.3520000000000003
2026-05-13 14:00:00;19;20.6;19.724000000000004;0.8759999999999977
2026-05-13 15:00:00;19;20.8;20.529;0.2710000000000008
2026-05-13 16:00:00;19;19.8;20.338000000000008;-0.5380000000000074
2026-05-13 17:00:00;19;19.2;18.872000000000003;0.32799999999999585
2026-05-13 18:00:00;19;17.8;18.003;-0.2029999999999994
2026-05-13 19:00:00;19;16.4;16.529;-0.12900000000000134
2026-05-13 20:00:00;19;14.9;15.269999999999998;-0.36999999999999744
2026-05-13 21:00:00;19;14.0;14.021000000000006;-0.021000000000006125
2026-05-13 22:00:00;19;13.6;13.353;0.2469999999999999
2026-05-13 23:00:00;19;13.0;13.2634;-0.26340000000000074
2026-05-14 00:00:00;19;12.4;12.55348;-0.15348000000000006
2026-05-14 01:00:00;19;11.7;12.005999999999995;-0.3059999999999956
2026-05-14 02:00:00;19;10.9;11.203439999999999;-0.3034399999999984
2026-05-14 03:00:00;19;10.4;10.419;-0.019000000000000128
2026-05-14 04:00:00;19;10.1;9.963;0.13700000000000045
2026-05-14 05:00:00;19;10.7;9.875599999999995;0.8244000000000042
2026-05-14 06:00:00;19;11.9;11.55772;0.3422800000000006
2026-05-14 07:00:00;19;12.7;13.285;-0.5850000000000009
2026-05-14 08:00:00;19;13.3;13.978000000000003;-0.6780000000000026
2026-05-14 09:00:00;19;14.0;13.96112;0.03888000000000069
2026-05-14 10:00:00;19;14.9;14.686600000000004;0.21339999999999648
2026-05-14 11:00:00;19;15.4;15.600000000000005;-0.20000000000000462
2026-05-14 12:00:00;19;15.9;16.147000000000006;-0.24700000000000522
2026-05-14 13:00:00;19;17.3;16.056000000000004;1.2439999999999962
2026-05-14 14:00:00;19;17.8;17.882;-0.08200000000000074
2026-05-14 15:00:00;19;17.4;18.020999999999997;-0.6209999999999987
2026-05-14 16:00:00;19;16.5;17.081999999999997;-0.5819999999999972
2026-05-14 17:00:00;19;16.0;15.808;0.19200000000000017
2026-05-14 18:00:00;19;14.2;15.092520000000004;-0.8925200000000046
2026-05-14 19:00:00;19;13.1;13.583000000000004;-0.4830000000000041
2026-05-14 20:00:00;19;12.4;12.391000000000005;0.008999999999995012
2026-05-14 21:00:00;19;12.1;11.865000000000007;0.23499999999999233
2026-05-14 22:00:00;19;11.4;11.714959999999996;-0.3149599999999957
2026-05-14 23:00:00;19;10.8;10.932799999999997;-0.13279999999999603
2026-05-15 00:00:00;19;10.2;10.331999999999999;-0.13199999999999967
2026-05-15 01:00:00;19;9.7;9.926839999999999;-0.22683999999999926
2026-05-15 02:00:00;19;9.2;9.407;-0.20700000000000074
2026-05-15 03:00:00;19;8.7;8.774000000000001;-0.07400000000000162
2026-05-15 04:00:00;19;8.2;8.503399999999997;-0.3033999999999981
2026-05-15 05:00:00;19;8.4;7.868559999999998;0.5314400000000026
2026-05-15 06:00:00;19;9.8;9.635640000000004;0.16435999999999673
2026-05-15 07:00:00;19;10.8;11.277000000000001;-0.4770000000000003
2026-05-15 08:00:00;19;11.3;12.081119999999999;-0.7811199999999978
2026-05-15 09:00:00;19;13.4;12.080359999999999;1.3196400000000015
2026-05-15 10:00:00;19;14.1;15.118000000000006;-1.018000000000006
2026-05-15 11:00:00;19;11.4;14.895999999999999;-3.4959999999999987
2026-05-15 12:00:00;19;12.1;12.098480000000006;0.0015199999999939706
2026-05-15 13:00:00;19;12.7;12.833720000000007;-0.1337200000000074
2026-05-15 14:00:00;19;15.1;12.926400000000003;2.173599999999997
2026-05-15 15:00:00;19;14.9;15.459000000000003;-0.5590000000000028
2026-05-15 16:00:00;19;14.7;14.172;0.5279999999999987
2026-05-15 17:00:00;19;14.8;13.979000000000003;0.820999999999998
2026-05-15 18:00:00;19;13.2;13.891000000000005;-0.691000000000006
2026-05-15 19:00:00;19;11.9;12.179;-0.2789999999999999
2026-05-15 20:00:00;19;11.6;11.190999999999999;0.4090000000000007
2026-05-15 21:00:00;19;10.9;11.266999999999996;-0.36699999999999555
2026-05-15 22:00:00;19;10.4;10.493999999999998;-0.09399999999999764
2026-05-15 23:00:00;19;9.3;10.017999999999999;-0.7179999999999982
2026-05-16 00:00:00;19;9.1;8.719;0.3810000000000002
2026-05-16 01:00:00;19;8.6;8.661000000000001;-0.06100000000000172
2026-05-16 02:00:00;19;8.1;8.22244;-0.12244000000000099
2026-05-16 03:00:00;19;7.8;7.7731599999999945;0.026840000000005304
2026-05-16 04:00:00;19;7.9;7.47;0.4300000000000006
2026-05-16 05:00:00;19;8.4;7.587199999999997;0.8128000000000037
2026-05-16 06:00:00;19;10.4;9.068840000000003;1.331159999999997
2026-05-16 07:00:00;19;12.4;12.100999999999999;0.29900000000000126
2026-05-16 08:00:00;19;13.7;14.122999999999992;-0.42299999999999294
2026-05-16 09:00:00;19;14.9;14.883999999999991;0.016000000000008896
2026-05-16 10:00:00;19;16.3;15.832000000000003;0.4679999999999982
2026-05-16 11:00:00;19;16.1;17.42600000000001;-1.3260000000000076
2026-05-16 12:00:00;19;16.2;16.610719999999993;-0.4107199999999942
2026-05-16 13:00:00;19;17.0;16.543879999999998;0.4561200000000021
2026-05-16 14:00:00;19;18.0;17.307000000000002;0.6929999999999978
2026-05-16 15:00:00;19;17.8;18.037;-0.23699999999999832
2026-05-16 16:00:00;19;17.7;17.560999999999996;0.1390000000000029
2026-05-16 17:00:00;19;16.7;16.904;-0.20400000000000063
2026-05-16 18:00:00;19;15.4;15.853;-0.4529999999999994
2026-05-16 19:00:00;19;13.4;14.239999999999998;-0.8399999999999981
2026-05-16 20:00:00;19;12.4;12.74299999999999;-0.3429999999999893
2026-05-16 21:00:00;19;12.0;11.658000000000005;0.3419999999999952
2026-05-16 22:00:00;19;11.4;11.546999999999999;-0.14699999999999847
2026-05-16 23:00:00;19;10.6;10.869999999999996;-0.269999999999996
2026-05-17 00:00:00;19;10.1;9.954999999999997;0.14500000000000313
2026-05-17 01:00:00;19;9.1;9.626999999999999;-0.5269999999999992
2026-05-17 02:00:00;19;8.8;8.448;0.3520000000000003
2026-05-17 03:00:00;19;8.8;8.486999999999997;0.31300000000000416
2026-05-17 04:00:00;19;8.8;8.69972;0.10028000000000148
2026-05-17 05:00:00;19;9.1;8.750239999999996;0.3497600000000034
2026-05-17 06:00:00;19;10.6;10.677799999999998;-0.07779999999999809
2026-05-17 07:00:00;19;13.1;12.561;0.5389999999999997
2026-05-17 08:00:00;19;15.2;15.285000000000004;-0.0850000000000044
2026-05-17 09:00:00;19;16.7;17.026999999999997;-0.3269999999999982
2026-05-17 10:00:00;19;18.0;18.075000000000003;-0.07500000000000284
2026-05-17 11:00:00;19;19.2;18.985000000000003;0.2149999999999963
2026-05-17 12:00:00;19;20.5;20.043999999999997;0.45600000000000307
2026-05-17 13:00:00;19;21.1;21.32;-0.21999999999999886
2026-05-17 14:00:00;19;21.5;21.297000000000008;0.2029999999999923
2026-05-17 15:00:00;19;20.9;21.204000000000015;-0.30400000000001626
2026-05-17 16:00:00;19;20.2;20.098000000000013;0.1019999999999861
2026-05-17 17:00:00;19;19.9;19.381000000000007;0.5189999999999912
2026-05-17 18:00:00;19;19.0;18.688999999999993;0.31100000000000705
2026-05-17 19:00:00;19;17.1;17.372000000000018;-0.27200000000001623
2026-05-17 20:00:00;19;15.9;16.026;-0.12599999999999945
2026-05-17 21:00:00;19;15.4;14.866000000000007;0.5339999999999936
2026-05-17 22:00:00;19;15.1;14.699199999999998;0.40080000000000204
2026-05-17 23:00:00;19;14.1;14.503999999999994;-0.4039999999999946
2026-05-18 00:00:00;19;13.3;13.366520000000005;-0.06652000000000413
2026-05-18 01:00:00;19;12.6;12.604960000000005;-0.004960000000005849
2026-05-18 02:00:00;19;12.1;12.168999999999997;-0.06899999999999729
2026-05-18 03:00:00;19;11.6;11.829959999999996;-0.2299599999999966
2026-05-18 04:00:00;19;11.2;11.309479999999997;-0.1094799999999978
2026-05-18 05:00:00;19;11.3;10.930559999999996;0.36944000000000443
2026-05-18 06:00:00;19;13.1;12.194319999999996;0.9056800000000038
2026-05-18 07:00:00;19;15.4;15.13;0.2699999999999996
2026-05-18 08:00:00;19;17.4;17.613000000000007;-0.21300000000000807
2026-05-18 09:00:00;19;18.7;19.15299999999998;-0.45299999999998164
2026-05-18 10:00:00;19;19.8;19.614999999999995;0.18500000000000583
2026-05-18 11:00:00;19;20.0;20.628000000000007;-0.6280000000000072
2026-05-18 12:00:00;19;19.9;20.536000000000005;-0.6360000000000063
2026-05-18 13:00:00;19;20.9;20.361000000000004;0.5389999999999944
2026-05-18 14:00:00;19;21.5;20.78500000000001;0.7149999999999892
2026-05-18 15:00:00;19;21.5;21.177;0.3230000000000004
2026-05-18 16:00:00;19;21.1;20.94;0.16000000000000014
2026-05-18 17:00:00;19;21.0;20.190000000000012;0.8099999999999881
2026-05-18 18:00:00;19;20.4;20.07700000000002;0.3229999999999791
2026-05-18 19:00:00;19;18.1;19.458999999999993;-1.358999999999991
2026-05-18 20:00:00;19;16.4;17.197000000000003;-0.7970000000000041
2026-05-18 21:00:00;19;15.1;15.373999999999997;-0.27399999999999736
2026-05-18 22:00:00;19;14.1;14.208;-0.10800000000000054
2026-05-18 23:00:00;19;13.4;13.342;0.05799999999999983
2026-05-19 00:00:00;19;13.2;13.293480000000002;-0.09348000000000312
2026-05-19 01:00:00;19;13.236;12.820600000000011;0.41539999999998933
2026-05-19 02:00:00;19;13.271999999999998;12.991440000000003;0.2805599999999959
2026-05-19 03:00:00;19;13.308;13.043959999999995;0.26404000000000494
2026-05-19 04:00:00;19;13.344;13.1502;0.19379999999999953
2026-05-19 05:00:00;19;13.38;13.142399999999999;0.23760000000000225
2026-05-19 06:00:00;19;13.416;14.282200000000003;-0.8662000000000027
2026-05-19 07:00:00;19;13.452;14.763079999999997;-1.311079999999997
2026-05-19 08:00:00;19;13.488;14.581919999999995;-1.0939199999999953
2026-05-19 09:00:00;19;13.524;14.56192;-1.0379200000000015
2026-05-19 10:00:00;19;13.56;14.106240000000003;-0.5462400000000027
2026-05-19 11:00:00;19;13.596;14.121680000000003;-0.525680000000003
2026-05-19 12:00:00;19;13.632;14.102720000000001;-0.4707200000000018
2026-05-19 13:00:00;19;13.668;13.94912;-0.28112000000000137
2026-05-19 14:00:00;19;13.704;13.747599999999995;-0.04359999999999431
2026-05-19 15:00:00;19;13.74;13.559799999999996;0.18020000000000458
2026-05-19 16:00:00;19;13.776;13.500599999999997;0.275400000000003
2026-05-19 17:00:00;19;13.812;13.405560000000003;0.40643999999999636
2026-05-19 18:00:00;19;13.848;13.300360000000001;0.5476399999999995
2026-05-19 19:00:00;19;13.884;13.494119999999999;0.38988000000000156
2026-05-19 20:00:00;19;13.92;13.650479999999998;0.26952000000000176
2026-05-19 21:00:00;19;13.956;13.629400000000002;0.32659999999999734
2026-05-19 22:00:00;19;13.992;13.691680000000002;0.30031999999999925
2026-05-19 23:00:00;19;14.028;13.737040000000002;0.29095999999999833
2026-05-20 00:00:00;19;14.064;13.792680000000004;0.2713199999999958
2026-05-20 01:00:00;19;14.1;13.77556;0.3244399999999992
2026-05-20 02:00:00;19;13.5;13.79876;-0.2987599999999997
2026-05-20 03:00:00;19;13.2;13.172440000000002;0.027559999999997586
2026-05-20 04:00:00;19;13.1;13.021879999999996;0.07812000000000374
2026-05-20 05:00:00;19;13.6;13.000879999999997;0.5991200000000028
2026-05-20 06:00:00;19;16.1;14.25972;1.8402800000000017
2026-05-20 07:00:00;19;19.2;16.936999999999998;2.2630000000000017
2026-05-20 08:00:00;19;21.9;20.452;1.4479999999999968
2026-05-20 09:00:00;19;23.2;23.377;-0.1769999999999996
2026-05-20 10:00:00;19;24.2;23.526;0.6739999999999995
2026-05-20 11:00:00;19;24.9;25.04600000000002;-0.1460000000000221
2026-05-20 12:00:00;19;26.0;25.299;0.7010000000000005
2026-05-20 13:00:00;19;27.0;26.020000000000003;0.9799999999999969
2026-05-20 14:00:00;19;27.8;26.932000000000027;0.8679999999999737
2026-05-20 15:00:00;19;28.0;27.42900000000002;0.5709999999999802
2026-05-20 16:00:00;19;27.0;27.763;-0.7630000000000017
2026-05-20 17:00:00;19;26.0;26.583000000000006;-0.5830000000000055
2026-05-20 18:00:00;19;25.2;24.108000000000008;1.0919999999999916
2026-05-20 19:00:00;19;23.1;23.66900000000001;-0.5690000000000097
2026-05-20 20:00:00;19;22.1;21.831000000000007;0.2689999999999948
2026-05-20 21:00:00;19;20.5;20.763999999999996;-0.2639999999999958
2026-05-20 22:00:00;19;20.0;19.38000000000001;0.6199999999999903
2026-05-20 23:00:00;19;19.5;18.867;0.6329999999999991
2026-05-21 00:00:00;19;19.0;18.489000000000008;0.5109999999999921
2026-05-21 01:00:00;19;18.6;18.174;0.42600000000000193
2026-05-21 02:00:00;19;18.2;17.767;0.43299999999999983
2026-05-21 03:00:00;19;17.8;17.771999999999988;0.028000000000012903
2026-05-21 04:00:00;19;17.1;18.294999999999995;-1.1949999999999932
2026-05-21 05:00:00;19;16.9;17.092999999999996;-0.19299999999999784
2026-05-21 06:00:00;19;18.3;16.644000000000002;1.6559999999999988
2026-05-21 07:00:00;19;20.1;19.504;0.5960000000000001
2026-05-21 08:00:00;19;21.9;21.61999999999999;0.28000000000000824
2026-05-21 09:00:00;19;23.6;23.04900000000001;0.5509999999999913
2026-05-21 10:00:00;19;25.1;24.562999999999988;0.5370000000000132
2026-05-21 11:00:00;19;26.5;25.876000000000005;0.6239999999999952
2026-05-21 12:00:00;19;27.2;26.634;0.565999999999999
2026-05-21 13:00:00;19;27.8;26.675;1.125
2026-05-21 14:00:00;19;28.5;27.031000000000002;1.4689999999999976
2026-05-21 15:00:00;19;28.5;27.70100000000001;0.7989999999999888
2026-05-21 16:00:00;19;27.0;27.27100000000002;-0.27100000000001856
2026-05-21 17:00:00;19;25.2;26.02100000000002;-0.8210000000000193
2026-05-21 18:00:00;19;24.1;23.793999999999983;0.3060000000000187
2026-05-21 19:00:00;19;21.9;21.53599999999999;0.3640000000000079
2026-05-21 20:00:00;19;20.2;20.484999999999992;-0.28499999999999304
2026-05-21 21:00:00;19;19.1;18.69000000000001;0.40999999999999304
2026-05-21 22:00:00;19;18.3;18.012999999999998;0.2870000000000026
2026-05-21 23:00:00;19;17.5;17.293999999999997;0.20600000000000307
2026-05-22 00:00:00;19;16.7;16.390000000000004;0.30999999999999517
2026-05-22 01:00:00;19;16.0;15.990999999999996;0.009000000000003894
2026-05-22 02:00:00;19;15.7;15.506999999999998;0.1930000000000014
2026-05-22 03:00:00;19;15.6;15.107000000000003;0.4929999999999968
2026-05-22 04:00:00;19;15.5;15.080000000000007;0.4199999999999928
2026-05-22 05:00:00;19;16.1;15.248199999999992;0.8518000000000097
2026-05-22 06:00:00;19;18.5;17.012919999999987;1.487080000000013
2026-05-22 07:00:00;19;20.9;19.551999999999996;1.3480000000000025
2026-05-22 08:00:00;19;22.8;21.86900000000001;0.9309999999999903
2026-05-22 09:00:00;19;24.5;23.653000000000002;0.8469999999999978
2026-05-22 10:00:00;19;25.9;25.055999999999997;0.8440000000000012
2026-05-22 11:00:00;19;27.2;26.143000000000008;1.0569999999999915
2026-05-22 12:00:00;19;28.6;26.476000000000003;2.1239999999999988
2026-05-22 13:00:00;19;28.6;27.515000000000008;1.0849999999999937
2026-05-22 14:00:00;19;28.0;27.383000000000006;0.6169999999999938
2026-05-22 15:00:00;19;27.5;26.693000000000005;0.806999999999995
2026-05-22 16:00:00;19;26.8;26.300000000000008;0.4999999999999929
2026-05-22 17:00:00;19;25.3;25.591000000000005;-0.2910000000000039
2026-05-22 18:00:00;19;23.4;23.758999999999983;-0.358999999999984
2026-05-22 19:00:00;19;20.9;21.77799999999999;-0.877999999999993
2026-05-22 20:00:00;19;19.8;19.503000000000004;0.29699999999999704
2026-05-22 21:00:00;19;19.0;18.475;0.5249999999999986
2026-05-22 22:00:00;19;18.2;17.832000000000004;0.367999999999995
2026-05-22 23:00:00;19;17.5;17.171000000000003;0.3289999999999971
2026-05-23 00:00:00;19;15.8;16.151;-0.3509999999999991
2026-05-23 01:00:00;19;15.1;15.17199999999999;-0.0719999999999903
2026-05-23 02:00:00;19;14.9;14.413000000000006;0.48699999999999477
2026-05-23 03:00:00;19;14.7;14.539560000000002;0.1604399999999977
2026-05-23 04:00:00;19;14.6;14.337840000000005;0.2621599999999944
2026-05-23 05:00:00;19;15.4;14.4888;0.9112000000000009
2026-05-23 06:00:00;19;18.0;17.079999999999988;0.9200000000000124
2026-05-23 07:00:00;19;20.5;19.699999999999996;0.8000000000000043
2026-05-23 08:00:00;19;23.0;21.966999999999995;1.0330000000000048
2026-05-23 09:00:00;19;25.2;24.125000000000004;1.0749999999999957
2026-05-23 10:00:00;19;27.0;25.45400000000001;1.5459999999999887
2026-05-23 11:00:00;19;28.4;26.60600000000001;1.7939999999999898
2026-05-23 12:00:00;19;29.4;27.64;1.759999999999998
2026-05-23 13:00:00;19;29.4;27.533;1.8669999999999973
2026-05-23 14:00:00;19;29.1;27.295000000000005;1.8049999999999962
2026-05-23 15:00:00;19;28.8;27.165000000000013;1.6349999999999874
2026-05-23 16:00:00;19;28.2;27.138000000000005;1.061999999999994
2026-05-23 17:00:00;19;27.0;26.91300000000001;0.08699999999998909
2026-05-23 18:00:00;19;25.6;25.82100000000001;-0.2210000000000072
2026-05-23 19:00:00;19;23.5;23.750999999999998;-0.25099999999999767
2026-05-23 20:00:00;19;22.2;21.828999999999997;0.3710000000000022
2026-05-23 21:00:00;19;21.3;20.677999999999983;0.6220000000000176
2026-05-23 22:00:00;19;20.5;20.221000000000007;0.2789999999999928
2026-05-23 23:00:00;19;20.0;19.101999999999997;0.8980000000000032
2026-05-24 00:00:00;19;19.3;18.782000000000004;0.5179999999999971
2026-05-24 01:00:00;19;19.2;18.360000000000003;0.8399999999999963
2026-05-24 02:00:00;19;19.0;17.818000000000005;1.181999999999995
2026-05-24 03:00:00;19;18.0;18.003000000000014;-0.0030000000000143245
2026-05-24 04:00:00;19;17.2;17.94799999999999;-0.7479999999999905
2026-05-24 05:00:00;19;17.7;16.918999999999997;0.7810000000000024
2026-05-24 06:00:00;19;20.0;17.608999999999998;2.391000000000002
2026-05-24 07:00:00;19;23.0;20.22;2.780000000000001
2026-05-24 08:00:00;19;25.4;22.90599999999999;2.494000000000007
2026-05-24 09:00:00;19;27.0;25.31300000000001;1.6869999999999905
2026-05-24 10:00:00;19;28.3;26.512000000000004;1.7879999999999967
2026-05-24 11:00:00;19;29.2;27.48400000000001;1.7159999999999904
2026-05-24 12:00:00;19;30.6;27.594000000000005;3.0059999999999967
2026-05-24 13:00:00;19;30.7;27.359000000000016;3.3409999999999833
2026-05-24 14:00:00;19;30.5;27.20100000000002;3.2989999999999817
2026-05-24 15:00:00;19;30.0;27.323000000000015;2.6769999999999854
2026-05-24 16:00:00;19;29.4;27.27500000000001;2.1249999999999893
2026-05-24 17:00:00;19;28.5;27.085000000000015;1.414999999999985
2026-05-24 18:00:00;19;27.2;26.960000000000015;0.23999999999998423
2026-05-24 19:00:00;19;25.4;25.90400000000001;-0.504000000000012
2026-05-24 20:00:00;19;23.9;23.775999999999996;0.12400000000000233
2026-05-24 21:00:00;19;23.1;22.627000000000006;0.4729999999999954
2026-05-24 22:00:00;19;22.0;21.803999999999988;0.19600000000001216
2026-05-24 23:00:00;19;21.7;20.993999999999993;0.7060000000000066
2026-05-25 00:00:00;19;19.7;20.754000000000005;-1.0540000000000056
2026-05-25 01:00:00;19;19.0;18.305;0.6950000000000003
2026-05-25 02:00:00;19;18.2;17.890000000000008;0.3099999999999916
2026-05-25 03:00:00;19;18.1;17.601999999999997;0.49800000000000466
2026-05-25 04:00:00;19;18.0;18.543999999999993;-0.5439999999999934
2026-05-25 05:00:00;19;18.0;18.31599999999999;-0.3159999999999883
2026-05-25 06:00:00;19;20.8;18.884;1.9160000000000004
2026-05-25 07:00:00;19;23.9;21.64900000000001;2.250999999999987
2026-05-25 08:00:00;19;26.4;24.44599999999998;1.9540000000000184
2026-05-25 09:00:00;19;28.1;26.672999999999988;1.4270000000000138
2026-05-25 10:00:00;19;29.8;27.589000000000013;2.210999999999988
2026-05-25 11:00:00;19;31.2;28.431000000000004;2.768999999999995
2026-05-25 12:00:00;19;32.2;28.10400000000001;4.095999999999993
2026-05-25 13:00:00;19;32.5;28.041000000000018;4.458999999999982
2026-05-25 14:00:00;19;32.5;27.929000000000006;4.570999999999994
2026-05-25 15:00:00;19;31.9;27.786000000000012;4.113999999999987
2026-05-25 16:00:00;19;30.8;27.700000000000014;3.099999999999987
2026-05-25 17:00:00;19;29.8;27.533000000000015;2.2669999999999852
2026-05-25 18:00:00;19;28.6;27.571000000000012;1.0289999999999893
2026-05-25 19:00:00;19;27.0;27.118000000000023;-0.11800000000002342
2026-05-25 20:00:00;19;25.9;26.107000000000006;-0.20700000000000784
2026-05-25 21:00:00;19;24.8;24.344999999999995;0.4550000000000054
2026-05-25 22:00:00;19;24.0;23.699999999999996;0.30000000000000426
2026-05-25 23:00:00;19;23.0;22.92;0.0799999999999983
2026-05-26 00:00:00;19;20.9;21.64599999999999;-0.7459999999999916
2026-05-26 01:00:00;19;20.0;19.685000000000013;0.31499999999998707
2026-05-26 02:00:00;19;19.8;18.889;0.9110000000000014
2026-05-26 03:00:00;19;19.5;18.648;0.8520000000000003
2026-05-26 04:00:00;19;19.0;18.507;0.49299999999999855
2026-05-26 05:00:00;19;18.5;18.225000000000005;0.274999999999995
2026-05-26 06:00:00;19;20.8;18.618;2.182000000000002
2026-05-26 07:00:00;19;24.3;21.533000000000012;2.766999999999989
2026-05-26 08:00:00;19;27.3;24.818999999999996;2.481000000000005
2026-05-26 09:00:00;19;29.0;27.829000000000015;1.1709999999999852
2026-05-26 10:00:00;19;30.5;28.511999999999997;1.988000000000003
2026-05-26 11:00:00;19;31.7;28.521;3.1789999999999985
2026-05-26 12:00:00;19;32.5;28.256000000000014;4.243999999999986
2026-05-26 13:00:00;19;32.8;28.068000000000012;4.731999999999985
2026-05-26 14:00:00;19;32.6;28.050000000000008;4.549999999999994
2026-05-26 15:00:00;19;32.0;27.86200000000001;4.137999999999991
2026-05-26 16:00:00;19;31.1;27.818000000000016;3.281999999999986
2026-05-26 17:00:00;19;30.0;27.60900000000002;2.3909999999999805
2026-05-26 18:00:00;19;28.4;27.103000000000023;1.2969999999999757
2026-05-26 19:00:00;19;26.0;26.91600000000002;-0.9160000000000217
2026-05-26 20:00:00;19;24.6;24.302999999999994;0.2970000000000077
2026-05-26 21:00:00;19;23.5;23.53000000000001;-0.030000000000008242
2026-05-26 22:00:00;19;22.5;22.134000000000004;0.3659999999999961
2026-05-26 23:00:00;19;21.5;21.247000000000003;0.25299999999999656
2026-05-27 00:00:00;19;19.5;19.98600000000001;-0.4860000000000113
2026-05-27 01:00:00;19;18.7;18.167;0.5329999999999977
2026-05-27 02:00:00;19;18.0;17.669999999999998;0.33000000000000185
2026-05-27 03:00:00;19;17.2;17.349999999999984;-0.14999999999998437
2026-05-27 04:00:00;19;16.7;16.475000000000005;0.22499999999999432
2026-05-27 05:00:00;19;17.0;16.144000000000013;0.8559999999999874
2026-05-27 06:00:00;19;19.0;17.093840000000004;1.9061599999999963
2026-05-27 07:00:00;19;22.2;19.56199999999999;2.638000000000009
2026-05-27 08:00:00;19;25.5;22.461;3.0390000000000015
2026-05-27 09:00:00;19;28.1;25.61200000000001;2.4879999999999924
2026-05-27 10:00:00;19;30.0;27.42800000000001;2.5719999999999885
2026-05-27 11:00:00;19;31.5;27.703000000000003;3.796999999999997
2026-05-27 12:00:00;19;33.1;27.59;5.510000000000002
2026-05-27 13:00:00;19;34.2;27.953000000000003;6.247
2026-05-27 14:00:00;19;34.7;27.973000000000003;6.727
2026-05-27 15:00:00;19;34.2;28.033000000000015;6.166999999999987
2026-05-27 16:00:00;19;34.2;27.99800000000002;6.201999999999984
2026-05-27 17:00:00;19;32.8;27.419000000000015;5.3809999999999825
2026-05-27 18:00:00;19;31.1;27.16700000000003;3.9329999999999714
2026-05-27 19:00:00;19;29.0;27.054000000000027;1.945999999999973
2026-05-27 20:00:00;19;27.2;27.090000000000018;0.10999999999998167
2026-05-27 21:00:00;19;26.8;25.988000000000007;0.8119999999999941
2026-05-27 22:00:00;19;27.9;25.581000000000014;2.318999999999985
2026-05-27 23:00:00;19;26.0;26.689000000000018;-0.6890000000000178
2026-05-28 00:00:00;19;23.5;24.101000000000003;-0.6010000000000026
2026-05-28 01:00:00;19;23.5;22.22200000000001;1.2779999999999916
2026-05-28 02:00:00;19;23.0;22.253000000000007;0.7469999999999928
2026-05-28 03:00:00;19;22.5;21.925999999999995;0.5740000000000052
2026-05-28 04:00:00;19;22.0;21.262000000000008;0.7379999999999924
2026-05-28 05:00:00;19;22.0;20.849;1.1509999999999998
2026-05-28 06:00:00;19;23.0;20.979000000000006;2.0209999999999937
2026-05-28 07:00:00;19;25.7;22.413;3.286999999999999
2026-05-28 08:00:00;19;28.3;25.412000000000006;2.8879999999999946
2026-05-28 09:00:00;19;30.2;27.37200000000001;2.8279999999999887
2026-05-28 10:00:00;19;31.7;27.759000000000025;3.940999999999974
2026-05-28 11:00:00;19;32.7;27.70300000000002;4.996999999999982
2026-05-28 12:00:00;19;33.8;27.68200000000002;6.117999999999977
2026-05-28 13:00:00;19;34.2;27.668000000000017;6.531999999999986
2026-05-28 14:00:00;19;34.3;27.662000000000017;6.63799999999998
2026-05-28 15:00:00;19;34.0;27.619000000000018;6.3809999999999825
2026-05-28 16:00:00;19;33.3;27.59100000000002;5.708999999999978
2026-05-28 17:00:00;19;32.5;27.303000000000026;5.196999999999974
2026-05-28 18:00:00;19;31.0;27.082000000000026;3.9179999999999744
2026-05-28 19:00:00;19;28.8;27.00700000000002;1.7929999999999815
2026-05-28 20:00:00;19;27.4;26.950000000000014;0.4499999999999851
2026-05-28 21:00:00;19;26.5;26.182000000000027;0.31799999999997297
2026-05-28 22:00:00;19;25.6;25.167;0.43299999999999983
2026-05-28 23:00:00;19;24.6;24.206;0.3940000000000019
2026-05-29 00:00:00;19;24.4;23.654000000000007;0.7459999999999916
2026-05-29 01:00:00;19;23.7;23.621999999999993;0.07800000000000651
2026-05-29 02:00:00;19;23.1;22.451000000000004;0.6489999999999974
2026-05-29 03:00:00;19;22.4;22.145000000000014;0.2549999999999848
2026-05-29 04:00:00;19;21.7;21.324000000000005;0.3759999999999941
2026-05-29 05:00:00;19;21.8;20.800000000000015;0.9999999999999858
2026-05-29 06:00:00;19;22.6;20.90200000000001;1.6979999999999897
2026-05-29 07:00:00;19;24.7;22.392999999999997;2.307000000000002
2026-05-29 08:00:00;19;26.4;24.643;1.756999999999998
2026-05-29 09:00:00;19;27.8;25.737999999999996;2.0620000000000047
2026-05-29 10:00:00;19;29.1;26.852000000000007;2.247999999999994
2026-05-29 11:00:00;19;30.4;27.726000000000003;2.673999999999996
2026-05-29 12:00:00;19;31.2;27.882;3.317999999999998
2026-05-29 13:00:00;19;31.4;27.750000000000014;3.6499999999999844
2026-05-29 14:00:00;19;31.5;27.75800000000001;3.7419999999999902
2026-05-29 15:00:00;19;31.2;27.714000000000013;3.4859999999999864
2026-05-29 16:00:00;19;30.9;27.651000000000018;3.248999999999981
2026-05-29 17:00:00;19;30.2;27.453000000000017;2.746999999999982
2026-05-29 18:00:00;19;28.5;27.07200000000002;1.4279999999999795
2026-05-29 19:00:00;19;26.5;26.87800000000001;-0.37800000000001077
2026-05-29 20:00:00;19;24.6;24.60499999999999;-0.004999999999988347
2026-05-29 21:00:00;19;23.5;23.458;0.04200000000000159
2026-05-29 22:00:00;19;23.0;22.210000000000004;0.7899999999999956
2026-05-29 23:00:00;19;22.5;22.161000000000012;0.338999999999988
2026-05-30 00:00:00;19;21.0;20.813;0.18700000000000117
2026-05-30 01:00:00;19;20.5;19.852000000000018;0.6479999999999819
2026-05-30 02:00:00;19;20.0;19.357000000000006;0.6429999999999936
2026-05-30 03:00:00;19;19.5;18.872000000000003;0.6279999999999966
2026-05-30 04:00:00;19;18.8;18.49;0.3100000000000023
2026-05-30 05:00:00;19;19.1;18.025000000000006;1.0749999999999957
2026-05-30 06:00:00;19;21.0;18.51600000000001;2.483999999999991
2026-05-30 07:00:00;19;23.7;21.438000000000017;2.2619999999999827
2026-05-30 08:00:00;19;26.0;23.548000000000002;2.451999999999998
2026-05-30 09:00:00;19;28.0;26.06499999999999;1.9350000000000094
2026-05-30 10:00:00;19;29.4;27.124000000000006;2.2759999999999927
2026-05-30 11:00:00;19;30.1;27.497000000000007;2.6029999999999944
2026-05-30 12:00:00;19;30.4;27.37100000000001;3.0289999999999893
2026-05-30 13:00:00;19;30.5;27.227000000000007;3.2729999999999926
2026-05-30 14:00:00;19;30.4;27.162000000000003;3.237999999999996
2026-05-30 15:00:00;19;29.9;27.066000000000017;2.833999999999982
2026-05-30 16:00:00;19;28.6;27.02300000000002;1.5769999999999804
2026-05-30 17:00:00;19;28.0;26.915000000000017;1.084999999999983
2026-05-30 18:00:00;19;26.8;26.39600000000001;0.40399999999998926
2026-05-30 19:00:00;19;25.1;25.035999999999998;0.06400000000000361
2026-05-30 20:00:00;19;23.8;22.92099999999999;0.879000000000012
2026-05-30 21:00:00;19;23.1;20.896999999999995;2.2030000000000065
2026-05-30 22:00:00;19;22.9;20.826;2.073999999999998
2026-05-30 23:00:00;19;22.1;20.711000000000002;1.3889999999999993
2026-05-13 00:00:00;20;10.0;9.975760000000003;0.024239999999997153
2026-05-13 01:00:00;20;9.8;9.641599999999999;0.1584000000000021
2026-05-13 02:00:00;20;9.6;9.506000000000002;0.09399999999999764
2026-05-13 03:00:00;20;9.1;9.333319999999997;-0.2333199999999973
2026-05-13 04:00:00;20;8.5;8.91664;-0.41663999999999923
2026-05-13 05:00:00;20;8.9;8.182000000000002;0.7179999999999982
2026-05-13 06:00:00;20;10.5;10.666279999999999;-0.16627999999999865
2026-05-13 07:00:00;20;12.1;12.564000000000005;-0.46400000000000574
2026-05-13 08:00:00;20;13.9;13.946999999999992;-0.046999999999991715
2026-05-13 09:00:00;20;15.4;15.360000000000005;0.039999999999995595
2026-05-13 10:00:00;20;16.5;16.715000000000003;-0.2150000000000034
2026-05-13 11:00:00;20;17.4;17.331999999999997;0.06800000000000139
2026-05-13 12:00:00;20;17.9;18.236999999999995;-0.3369999999999962
2026-05-13 13:00:00;20;18.1;18.38200000000001;-0.28200000000000713
2026-05-13 14:00:00;20;18.0;17.95799999999999;0.0420000000000087
2026-05-13 15:00:00;20;18.3;17.80099999999999;0.49900000000000944
2026-05-13 16:00:00;20;18.3;17.86299999999999;0.4370000000000118
2026-05-13 17:00:00;20;17.9;17.417999999999996;0.48200000000000287
2026-05-13 18:00:00;20;16.9;17.103;-0.20300000000000296
2026-05-13 19:00:00;20;15.4;15.618999999999998;-0.21899999999999764
2026-05-13 20:00:00;20;14.1;14.376999999999995;-0.2769999999999957
2026-05-13 21:00:00;20;13.5;13.282999999999998;0.2170000000000023
2026-05-13 22:00:00;20;13.1;12.978279999999993;0.12172000000000693
2026-05-13 23:00:00;20;12.4;12.472480000000003;-0.07248000000000232
2026-05-14 00:00:00;20;12.2;11.878000000000007;0.32199999999999207
2026-05-14 01:00:00;20;11.4;11.931919999999993;-0.5319199999999924
2026-05-14 02:00:00;20;10.6;10.898200000000005;-0.2982000000000049
2026-05-14 03:00:00;20;9.9;10.191999999999995;-0.2919999999999945
2026-05-14 04:00:00;20;9.3;9.511600000000005;-0.21160000000000423
2026-05-14 05:00:00;20;9.2;8.896000000000006;0.30399999999999316
2026-05-14 06:00:00;20;11.1;10.766159999999996;0.3338400000000039
2026-05-14 07:00:00;20;12.7;13.165000000000004;-0.4650000000000052
2026-05-14 08:00:00;20;13.4;14.721000000000002;-1.3210000000000015
2026-05-14 09:00:00;20;13.4;14.645999999999992;-1.2459999999999916
2026-05-14 10:00:00;20;14.1;13.93856;0.16143999999999892
2026-05-14 11:00:00;20;11.9;14.750000000000005;-2.850000000000005
2026-05-14 12:00:00;20;13.4;11.968360000000008;1.4316399999999927
2026-05-14 13:00:00;20;14.3;14.248599999999993;0.051400000000008106
2026-05-14 14:00:00;20;16.0;14.674920000000004;1.3250799999999963
2026-05-14 15:00:00;20;16.7;15.994000000000003;0.705999999999996
2026-05-14 16:00:00;20;15.8;16.569000000000006;-0.7690000000000055
2026-05-14 17:00:00;20;15.6;14.956;0.6440000000000001
2026-05-14 18:00:00;20;14.2;14.609000000000004;-0.40900000000000425
2026-05-14 19:00:00;20;13.6;13.501;0.0990000000000002
2026-05-14 20:00:00;20;12.4;13.008879999999994;-0.6088799999999939
2026-05-14 21:00:00;20;11.2;11.627000000000004;-0.42700000000000493
2026-05-14 22:00:00;20;10.4;10.596000000000002;-0.1960000000000015
2026-05-14 23:00:00;20;9.9;9.726000000000003;0.1739999999999977
2026-05-15 00:00:00;20;9.4;9.701000000000008;-0.30100000000000726
2026-05-15 01:00:00;20;8.8;9.047800000000002;-0.24780000000000157
2026-05-15 02:00:00;20;8.2;8.628879999999993;-0.42887999999999415
2026-05-15 03:00:00;20;7.8;7.906639999999999;-0.10663999999999874
2026-05-15 04:00:00;20;7.5;7.58656;-0.08656000000000041
2026-05-15 05:00:00;20;7.6;7.470200000000005;0.12979999999999503
2026-05-15 06:00:00;20;8.4;8.774000000000006;-0.3740000000000059
2026-05-15 07:00:00;20;9.1;9.723;-0.6230000000000011
2026-05-15 08:00:00;20;11.1;10.317999999999998;0.7820000000000018
2026-05-15 09:00:00;20;12.6;12.925999999999995;-0.3259999999999952
2026-05-15 10:00:00;20;13.5;14.125;-0.625
2026-05-15 11:00:00;20;13.8;14.377999999999997;-0.5779999999999959
2026-05-15 12:00:00;20;15.2;14.278000000000002;0.921999999999997
2026-05-15 13:00:00;20;15.5;15.770000000000008;-0.27000000000000846
2026-05-15 14:00:00;20;15.4;15.747000000000007;-0.34700000000000664
2026-05-15 15:00:00;20;14.9;15.058200000000006;-0.1582000000000061
2026-05-15 16:00:00;20;14.1;14.151000000000002;-0.05100000000000193
2026-05-15 17:00:00;20;13.4;13.414000000000001;-0.014000000000001123
2026-05-15 18:00:00;20;12.6;12.466999999999993;0.13300000000000622
2026-05-15 19:00:00;20;11.1;11.677000000000003;-0.5770000000000035
2026-05-15 20:00:00;20;10.1;10.347000000000001;-0.24700000000000166
2026-05-15 21:00:00;20;9.4;9.396000000000003;0.003999999999997783
2026-05-15 22:00:00;20;9.0;8.950000000000003;0.04999999999999716
2026-05-15 23:00:00;20;8.5;8.740679999999996;-0.2406799999999958
2026-05-16 00:00:00;20;8.4;8.080639999999999;0.3193600000000014
2026-05-16 01:00:00;20;8.1;8.248719999999999;-0.14871999999999908
2026-05-16 02:00:00;20;7.6;7.816959999999995;-0.21695999999999493
2026-05-16 03:00:00;20;7.3;7.270759999999998;0.029240000000001487
2026-05-16 04:00:00;20;7.2;7.042199999999999;0.15780000000000083
2026-05-16 05:00:00;20;7.4;7.0411199999999985;0.35888000000000186
2026-05-16 06:00:00;20;9.4;8.077759999999998;1.3222400000000025
2026-05-16 07:00:00;20;10.8;11.157;-0.3569999999999993
2026-05-16 08:00:00;20;12.2;12.055000000000005;0.14499999999999424
2026-05-16 09:00:00;20;13.4;13.460000000000003;-0.060000000000002274
2026-05-16 10:00:00;20;14.5;14.371000000000002;0.12899999999999778
2026-05-16 11:00:00;20;15.5;15.213000000000005;0.2869999999999955
2026-05-16 12:00:00;20;16.5;16.109000000000005;0.3909999999999947
2026-05-16 13:00:00;20;16.6;16.861999999999995;-0.26199999999999335
2026-05-16 14:00:00;20;17.0;16.384999999999994;0.6150000000000055
2026-05-16 15:00:00;20;16.8;16.416;0.38400000000000034
2026-05-16 16:00:00;20;16.2;15.974999999999998;0.22500000000000142
2026-05-16 17:00:00;20;15.6;15.260999999999997;0.3390000000000022
2026-05-16 18:00:00;20;14.8;14.468000000000007;0.33199999999999363
2026-05-16 19:00:00;20;13.6;13.48699999999999;0.1130000000000102
2026-05-16 20:00:00;20;12.7;12.66;0.03999999999999915
2026-05-16 21:00:00;20;12.0;12.142000000000005;-0.1420000000000048
2026-05-16 22:00:00;20;11.4;11.600999999999997;-0.20099999999999696
2026-05-16 23:00:00;20;10.9;10.916999999999998;-0.016999999999997684
2026-05-17 00:00:00;20;10.3;10.595999999999998;-0.2959999999999976
2026-05-17 01:00:00;20;9.4;9.86592;-0.4659199999999988
2026-05-17 02:00:00;20;8.8;9.005999999999997;-0.20599999999999596
2026-05-17 03:00:00;20;8.3;8.387;-0.08699999999999974
2026-05-17 04:00:00;20;7.8;8.121;-0.3210000000000006
2026-05-17 05:00:00;20;7.9;7.421000000000001;0.4789999999999992
2026-05-17 06:00:00;20;9.4;9.606000000000005;-0.20600000000000485
2026-05-17 07:00:00;20;11.4;11.344000000000005;0.05599999999999561
2026-05-17 08:00:00;20;13.8;13.706999999999992;0.09300000000000885
2026-05-17 09:00:00;20;16.0;15.606999999999989;0.39300000000001134
2026-05-17 10:00:00;20;18.0;17.427999999999994;0.5720000000000063
2026-05-17 11:00:00;20;19.6;19.48699999999999;0.1130000000000102
2026-05-17 12:00:00;20;20.8;20.612;0.1880000000000024
2026-05-17 13:00:00;20;20.6;21.445999999999998;-0.8459999999999965
2026-05-17 14:00:00;20;20.8;20.23399999999999;0.5660000000000096
2026-05-17 15:00:00;20;20.8;20.373999999999995;0.4260000000000055
2026-05-17 16:00:00;20;20.8;20.1;0.6999999999999993
2026-05-17 17:00:00;20;19.2;20.032;-0.8320000000000007
2026-05-17 18:00:00;20;17.1;17.53899999999999;-0.4389999999999894
2026-05-17 19:00:00;20;15.9;15.440000000000005;0.4599999999999955
2026-05-17 20:00:00;20;15.1;14.64799999999999;0.45200000000000884
2026-05-17 21:00:00;20;14.4;14.14099999999999;0.259000000000011
2026-05-17 22:00:00;20;13.6;13.887599999999999;-0.2875999999999994
2026-05-17 23:00:00;20;12.9;12.752;0.1479999999999997
2026-05-18 00:00:00;20;12.0;12.233480000000004;-0.23348000000000368
2026-05-18 01:00:00;20;11.2;11.416000000000006;-0.2160000000000064
2026-05-18 02:00:00;20;10.6;10.673000000000002;-0.07300000000000217
2026-05-18 03:00:00;20;10.1;10.106;-0.006000000000000227
2026-05-18 04:00:00;20;9.5;9.731000000000002;-0.23100000000000165
2026-05-18 05:00:00;20;9.7;9.113000000000001;0.586999999999998
2026-05-18 06:00:00;20;12.4;11.081440000000002;1.318559999999998
2026-05-18 07:00:00;20;15.2;15.054999999999998;0.14500000000000135
2026-05-18 08:00:00;20;17.1;17.633000000000003;-0.5330000000000013
2026-05-18 09:00:00;20;18.8;18.86399999999999;-0.0639999999999894
2026-05-18 10:00:00;20;19.8;19.93500000000001;-0.13500000000000867
2026-05-18 11:00:00;20;20.2;20.679000000000002;-0.47900000000000276
2026-05-18 12:00:00;20;20.5;20.949999999999996;-0.44999999999999574
2026-05-18 13:00:00;20;20.1;20.697999999999993;-0.5979999999999919
2026-05-18 14:00:00;20;20.0;19.980000000000004;0.01999999999999602
2026-05-18 15:00:00;20;19.8;19.728999999999996;0.07100000000000506
2026-05-18 16:00:00;20;19.0;19.054000000000006;-0.0540000000000056
2026-05-18 17:00:00;20;16.5;17.844000000000005;-1.3440000000000047
2026-05-18 18:00:00;20;16.7;15.388999999999994;1.3110000000000053
2026-05-18 19:00:00;20;15.8;15.952999999999998;-0.15299999999999692
2026-05-18 20:00:00;20;14.8;15.001799999999998;-0.20179999999999687
2026-05-18 21:00:00;20;13.9;14.075000000000005;-0.17500000000000426
2026-05-18 22:00:00;20;13.2;13.268000000000002;-0.06800000000000317
2026-05-18 23:00:00;20;12.4;12.606479999999998;-0.20647999999999733
2026-05-19 00:00:00;20;11.8;11.871000000000002;-0.0710000000000015
2026-05-19 01:00:00;20;11.844;11.295;0.5489999999999995
2026-05-19 02:00:00;20;11.888;11.884400000000001;0.0035999999999987153
2026-05-19 03:00:00;20;11.932;11.886519999999997;0.045480000000003074
2026-05-19 04:00:00;20;11.976;11.837240000000001;0.13875999999999955
2026-05-19 05:00:00;20;12.02;11.823719999999994;0.19628000000000512
2026-05-19 06:00:00;20;12.064;13.01728000000001;-0.9532800000000101
2026-05-19 07:00:00;20;12.108;12.817720000000007;-0.7097200000000061
2026-05-19 08:00:00;20;12.152;12.875000000000007;-0.7230000000000079
2026-05-19 09:00:00;20;12.196;12.87980000000001;-0.6838000000000104
2026-05-19 10:00:00;20;12.24;12.951040000000004;-0.7110400000000041
2026-05-19 11:00:00;20;12.284;12.851720000000002;-0.5677200000000013
2026-05-19 12:00:00;20;12.328;12.896120000000003;-0.568120000000004
2026-05-19 13:00:00;20;12.372;12.992519999999995;-0.6205199999999955
2026-05-19 14:00:00;20;12.416;12.838359999999991;-0.4223599999999905
2026-05-19 15:00:00;20;12.46;12.439800000000005;0.020199999999995555
2026-05-19 16:00:00;20;12.504;12.298800000000004;0.20519999999999605
2026-05-19 17:00:00;20;12.548;12.206239999999996;0.3417600000000043
2026-05-19 18:00:00;20;12.592;12.08692;0.5050800000000013
2026-05-19 19:00:00;20;12.636;12.071159999999999;0.5648400000000002
2026-05-19 20:00:00;20;12.68;12.195880000000002;0.4841199999999972
2026-05-19 21:00:00;20;12.724;12.378039999999999;0.3459600000000016
2026-05-19 22:00:00;20;12.768;12.577319999999993;0.1906800000000075
2026-05-19 23:00:00;20;12.812;12.612839999999995;0.19916000000000444
2026-05-20 00:00:00;20;12.856;12.672159999999996;0.18384000000000356
2026-05-20 01:00:00;20;12.9;12.708799999999998;0.19120000000000203
2026-05-20 02:00:00;20;12.8;12.747319999999995;0.05268000000000583
2026-05-20 03:00:00;20;12.5;12.628439999999996;-0.1284399999999959
2026-05-20 04:00:00;20;12.1;12.112240000000009;-0.012240000000009132
2026-05-20 05:00:00;20;13.1;11.803720000000007;1.2962799999999923
2026-05-20 06:00:00;20;16.3;14.314039999999995;1.9859600000000057
2026-05-20 07:00:00;20;18.7;17.40608;1.29392
2026-05-20 08:00:00;20;20.7;19.797;0.9029999999999987
2026-05-20 09:00:00;20;22.4;21.825000000000003;0.5749999999999957
2026-05-20 10:00:00;20;23.4;23.05999999999998;0.3400000000000176
2026-05-20 11:00:00;20;24.2;23.830999999999996;0.3690000000000033
2026-05-20 12:00:00;20;25.5;24.614000000000004;0.8859999999999957
2026-05-20 13:00:00;20;25.5;25.59500000000001;-0.09500000000000952
2026-05-20 14:00:00;20;25.3;25.293000000000003;0.006999999999997897
2026-05-20 15:00:00;20;25.1;24.842000000000002;0.2579999999999991
2026-05-20 16:00:00;20;24.6;24.399000000000004;0.20099999999999696
2026-05-20 17:00:00;20;24.0;23.596000000000007;0.4039999999999928
2026-05-20 18:00:00;20;22.9;22.734000000000016;0.1659999999999826
2026-05-20 19:00:00;20;21.0;21.55899999999999;-0.5589999999999904
2026-05-20 20:00:00;20;19.3;19.821000000000005;-0.5210000000000043
2026-05-20 21:00:00;20;18.1;18.256000000000004;-0.15600000000000236
2026-05-20 22:00:00;20;16.6;16.956999999999997;-0.35699999999999577
2026-05-20 23:00:00;20;15.9;15.666000000000002;0.2339999999999982
2026-05-21 00:00:00;20;14.7;15.161999999999999;-0.46199999999999974
2026-05-21 01:00:00;20;13.6;13.960999999999999;-0.3609999999999989
2026-05-21 02:00:00;20;12.4;13.029000000000003;-0.6290000000000031
2026-05-21 03:00:00;20;11.9;11.850999999999992;0.04900000000000837
2026-05-21 04:00:00;20;11.4;11.590999999999998;-0.19099999999999717
2026-05-21 05:00:00;20;11.9;11.046800000000005;0.8531999999999957
2026-05-21 06:00:00;20;14.9;13.45672000000001;1.4432799999999908
2026-05-21 07:00:00;20;19.0;17.073999999999998;1.926000000000002
2026-05-21 08:00:00;20;21.9;20.592999999999993;1.3070000000000057
2026-05-21 09:00:00;20;23.5;23.780000000000026;-0.280000000000026
2026-05-21 10:00:00;20;24.2;24.1;0.09999999999999787
2026-05-21 11:00:00;20;24.6;24.692999999999994;-0.09299999999999287
2026-05-21 12:00:00;20;25.2;24.52399999999999;0.676000000000009
2026-05-21 13:00:00;20;25.2;24.92200000000001;0.27799999999998803
2026-05-21 14:00:00;20;25.2;24.841000000000008;0.3589999999999911
2026-05-21 15:00:00;20;24.6;24.647;-0.046999999999997044
2026-05-21 16:00:00;20;24.0;24.275999999999996;-0.27599999999999625
2026-05-21 17:00:00;20;23.1;22.840999999999998;0.2590000000000039
2026-05-21 18:00:00;20;21.5;21.586000000000002;-0.08600000000000207
2026-05-21 19:00:00;20;19.0;20.132999999999992;-1.132999999999992
2026-05-21 20:00:00;20;17.7;17.65500000000001;0.04499999999999105
2026-05-21 21:00:00;20;16.8;16.617;0.18299999999999983
2026-05-21 22:00:00;20;15.8;15.619000000000002;0.18099999999999916
2026-05-21 23:00:00;20;14.8;15.070000000000002;-0.27000000000000135
2026-05-22 00:00:00;20;14.1;14.077999999999996;0.022000000000003794
2026-05-22 01:00:00;20;13.7;13.474000000000007;0.22599999999999199
2026-05-22 02:00:00;20;13.0;13.050999999999995;-0.05099999999999483
2026-05-22 03:00:00;20;12.3;12.421000000000006;-0.12100000000000577
2026-05-22 04:00:00;20;12.0;11.976359999999994;0.023640000000005656
2026-05-22 05:00:00;20;13.4;11.817480000000007;1.5825199999999935
2026-05-22 06:00:00;20;16.4;14.83055999999999;1.569440000000009
2026-05-22 07:00:00;20;20.7;18.244079999999993;2.455920000000006
2026-05-22 08:00:00;20;23.6;21.39300000000001;2.20699999999999
2026-05-22 09:00:00;20;25.1;24.786000000000012;0.3139999999999894
2026-05-22 10:00:00;20;26.0;26.017000000000007;-0.017000000000006565
2026-05-22 11:00:00;20;26.6;26.557000000000002;0.04299999999999926
2026-05-22 12:00:00;20;27.0;26.715999999999998;0.2840000000000025
2026-05-22 13:00:00;20;26.8;26.477000000000004;0.32299999999999685
2026-05-22 14:00:00;20;26.4;26.307000000000002;0.09299999999999642
2026-05-22 15:00:00;20;25.5;25.866;-0.36599999999999966
2026-05-22 16:00:00;20;24.4;24.518;-0.1180000000000021
2026-05-22 17:00:00;20;22.9;22.877000000000006;0.022999999999992582
2026-05-22 18:00:00;20;21.2;21.485;-0.28500000000000014
2026-05-22 19:00:00;20;19.2;19.843000000000004;-0.6430000000000042
2026-05-22 20:00:00;20;18.1;18.101000000000006;-0.0010000000000047748
2026-05-22 21:00:00;20;17.2;16.99;0.21000000000000085
2026-05-22 22:00:00;20;16.5;16.500000000000007;-7.105427357601002e-15
2026-05-22 23:00:00;20;15.9;15.535;0.3650000000000002
2026-05-23 00:00:00;20;14.1;15.057999999999998;-0.9579999999999984
2026-05-23 01:00:00;20;13.6;13.312000000000006;0.28799999999999315
2026-05-23 02:00:00;20;13.1;13.062000000000001;0.03799999999999848
2026-05-23 03:00:00;20;13.0;12.595440000000005;0.4045599999999947
2026-05-23 04:00:00;20;12.6;12.709000000000009;-0.10900000000000887
2026-05-23 05:00:00;20;13.5;12.288120000000001;1.211879999999999
2026-05-23 06:00:00;20;17.2;14.714560000000004;2.485439999999995
2026-05-23 07:00:00;20;21.1;17.717000000000006;3.3829999999999956
2026-05-23 08:00:00;20;24.5;21.533000000000005;2.966999999999995
2026-05-23 09:00:00;20;26.3;25.332000000000008;0.9679999999999929
2026-05-23 10:00:00;20;26.8;26.603999999999996;0.19600000000000506
2026-05-23 11:00:00;20;26.7;26.406;0.2940000000000005
2026-05-23 12:00:00;20;26.8;26.038000000000007;0.7619999999999933
2026-05-23 13:00:00;20;26.4;25.792;0.607999999999997
2026-05-23 14:00:00;20;26.7;25.49;1.2100000000000009
2026-05-23 15:00:00;20;26.7;25.739000000000004;0.960999999999995
2026-05-23 16:00:00;20;26.0;25.697000000000003;0.30299999999999727
2026-05-23 17:00:00;20;25.0;24.770000000000003;0.22999999999999687
2026-05-23 18:00:00;20;23.5;23.576999999999995;-0.07699999999999463
2026-05-23 19:00:00;20;21.5;21.645999999999994;-0.1459999999999937
2026-05-23 20:00:00;20;20.4;20.200999999999986;0.19900000000001228
2026-05-23 21:00:00;20;19.9;18.935999999999996;0.9640000000000022
2026-05-23 22:00:00;20;19.1;18.48999999999999;0.6100000000000101
2026-05-23 23:00:00;20;18.4;17.847;0.5529999999999973
2026-05-24 00:00:00;20;17.2;17.297;-0.09700000000000131
2026-05-24 01:00:00;20;15.9;16.45800000000001;-0.5580000000000087
2026-05-24 02:00:00;20;15.1;15.211000000000006;-0.11100000000000598
2026-05-24 03:00:00;20;15.0;14.557000000000002;0.44299999999999784
2026-05-24 04:00:00;20;14.6;14.503;0.09699999999999953
2026-05-24 05:00:00;20;15.4;14.359399999999999;1.0406000000000013
2026-05-24 06:00:00;20;18.6;16.722279999999998;1.8777200000000036
2026-05-24 07:00:00;20;23.2;19.882999999999992;3.3170000000000073
2026-05-24 08:00:00;20;26.6;23.669000000000015;2.9309999999999867
2026-05-24 09:00:00;20;28.3;26.70100000000001;1.5989999999999895
2026-05-24 10:00:00;20;29.0;27.55100000000001;1.448999999999991
2026-05-24 11:00:00;20;29.0;27.35900000000001;1.6409999999999911
2026-05-24 12:00:00;20;28.6;27.133000000000017;1.4669999999999845
2026-05-24 13:00:00;20;28.0;27.040000000000013;0.9599999999999866
2026-05-24 14:00:00;20;27.5;26.697;0.8030000000000008
2026-05-24 15:00:00;20;28.2;26.509;1.690999999999999
2026-05-24 16:00:00;20;27.6;27.315000000000012;0.2849999999999895
2026-05-24 17:00:00;20;26.2;26.438000000000024;-0.23800000000002441
2026-05-24 18:00:00;20;25.0;24.06500000000001;0.9349999999999916
2026-05-24 19:00:00;20;23.0;23.16499999999998;-0.16499999999998138
2026-05-24 20:00:00;20;22.0;21.686;0.31400000000000006
2026-05-24 21:00:00;20;20.9;20.70299999999999;0.19700000000000983
2026-05-24 22:00:00;20;19.8;19.964000000000002;-0.16400000000000148
2026-05-24 23:00:00;20;18.8;18.486000000000004;0.3139999999999965
2026-05-25 00:00:00;20;17.0;17.650000000000006;-0.6500000000000057
2026-05-25 01:00:00;20;16.2;16.41000000000001;-0.2100000000000115
2026-05-25 02:00:00;20;15.4;15.248999999999993;0.1510000000000069
2026-05-25 03:00:00;20;15.1;14.802200000000004;0.2977999999999952
2026-05-25 04:00:00;20;14.9;14.455000000000005;0.44499999999999496
2026-05-25 05:00:00;20;15.5;14.608159999999991;0.8918400000000091
2026-05-25 06:00:00;20;18.3;16.328439999999997;1.9715600000000038
2026-05-25 07:00:00;20;22.3;19.62799999999999;2.6720000000000113
2026-05-25 08:00:00;20;25.9;22.69;3.2099999999999973
2026-05-25 09:00:00;20;28.5;26.355000000000004;2.144999999999996
2026-05-25 10:00:00;20;30.1;27.803000000000026;2.2969999999999757
2026-05-25 11:00:00;20;30.8;27.996000000000024;2.803999999999977
2026-05-25 12:00:00;20;31.2;27.82900000000003;3.3709999999999702
2026-05-25 13:00:00;20;29.6;27.11100000000002;2.488999999999983
2026-05-25 14:00:00;20;29.0;26.98900000000001;2.0109999999999886
2026-05-25 15:00:00;20;28.6;27.085000000000008;1.5149999999999935
2026-05-25 16:00:00;20;28.1;27.05500000000001;1.044999999999991
2026-05-25 17:00:00;20;27.4;26.80000000000002;0.5999999999999801
2026-05-25 18:00:00;20;26.1;26.14800000000001;-0.048000000000008924
2026-05-25 19:00:00;20;24.0;24.110999999999994;-0.11099999999999355
2026-05-25 20:00:00;20;23.0;22.316000000000003;0.6839999999999975
2026-05-25 21:00:00;20;22.0;21.709000000000007;0.29099999999999326
2026-05-25 22:00:00;20;21.0;20.757;0.24299999999999855
2026-05-25 23:00:00;20;20.2;19.84700000000001;0.3529999999999909
2026-05-26 00:00:00;20;18.3;18.885000000000005;-0.5850000000000044
2026-05-26 01:00:00;20;17.4;17.026999999999997;0.3730000000000011
2026-05-26 02:00:00;20;16.6;16.511000000000006;0.08899999999999508
2026-05-26 03:00:00;20;16.2;15.82504;0.37495999999999974
2026-05-26 04:00:00;20;16.0;15.387999999999995;0.6120000000000054
2026-05-26 05:00:00;20;16.8;15.739000000000006;1.0609999999999946
2026-05-26 06:00:00;20;19.5;16.959520000000012;2.540479999999988
2026-05-26 07:00:00;20;23.8;19.462;4.338000000000001
2026-05-26 08:00:00;20;27.2;24.064999999999994;3.135000000000005
2026-05-26 09:00:00;20;28.9;27.615000000000013;1.284999999999986
2026-05-26 10:00:00;20;29.8;28.122999999999998;1.6770000000000032
2026-05-26 11:00:00;20;30.2;27.496000000000002;2.703999999999997
2026-05-26 12:00:00;20;30.4;27.518000000000026;2.881999999999973
2026-05-26 13:00:00;20;29.5;27.561000000000014;1.9389999999999858
2026-05-26 14:00:00;20;29.7;27.531999999999996;2.168000000000003
2026-05-26 15:00:00;20;29.5;27.469;2.030999999999999
2026-05-26 16:00:00;20;28.7;27.14800000000001;1.551999999999989
2026-05-26 17:00:00;20;27.7;26.971000000000018;0.7289999999999814
2026-05-26 18:00:00;20;26.0;26.01400000000002;-0.014000000000020663
2026-05-26 19:00:00;20;23.7;24.077999999999996;-0.37799999999999656
2026-05-26 20:00:00;20;22.6;21.826000000000004;0.7739999999999974
2026-05-26 21:00:00;20;21.9;21.398999999999997;0.5010000000000012
2026-05-26 22:00:00;20;21.0;20.737000000000002;0.2629999999999981
2026-05-26 23:00:00;20;20.0;19.847000000000005;0.15299999999999514
2026-05-27 00:00:00;20;18.5;18.817999999999998;-0.31799999999999784
2026-05-27 01:00:00;20;18.6;17.346999999999998;1.2530000000000037
2026-05-27 02:00:00;20;18.7;17.556000000000004;1.1439999999999948
2026-05-27 03:00:00;20;18.5;18.011000000000003;0.4889999999999972
2026-05-27 04:00:00;20;18.1;18.373999999999988;-0.2739999999999867
2026-05-27 05:00:00;20;18.8;18.47499999999999;0.32500000000000995
2026-05-27 06:00:00;20;20.3;18.721000000000004;1.578999999999997
2026-05-27 07:00:00;20;22.9;21.142;1.7579999999999991
2026-05-27 08:00:00;20;24.8;23.069999999999983;1.7300000000000182
2026-05-27 09:00:00;20;26.4;25.442999999999998;0.9570000000000007
2026-05-27 10:00:00;20;27.5;26.162;1.338000000000001
2026-05-27 11:00:00;20;28.2;26.402;1.7979999999999983
2026-05-27 12:00:00;20;29.5;27.184000000000022;2.3159999999999776
2026-05-27 13:00:00;20;29.9;27.222000000000016;2.677999999999983
2026-05-27 14:00:00;20;30.0;27.096000000000007;2.903999999999993
2026-05-27 15:00:00;20;29.1;27.00600000000002;2.09399999999998
2026-05-27 16:00:00;20;27.5;27.007000000000016;0.49299999999998434
2026-05-27 17:00:00;20;26.2;25.935000000000016;0.2649999999999828
2026-05-27 18:00:00;20;25.5;24.222000000000012;1.277999999999988
2026-05-27 19:00:00;20;23.7;24.145000000000003;-0.44500000000000384
2026-05-27 20:00:00;20;22.2;21.85000000000001;0.34999999999999076
2026-05-27 21:00:00;20;21.2;20.70999999999999;0.4900000000000091
2026-05-27 22:00:00;20;20.4;19.773000000000014;0.6269999999999847
2026-05-27 23:00:00;20;19.7;18.78300000000001;0.9169999999999909
2026-05-28 00:00:00;20;18.5;18.51;-0.010000000000001563
2026-05-28 01:00:00;20;18.1;17.379;0.7210000000000001
2026-05-28 02:00:00;20;17.4;17.276;0.12399999999999878
2026-05-28 03:00:00;20;16.5;16.497000000000007;0.0029999999999930083
2026-05-28 04:00:00;20;14.9;15.666999999999996;-0.7669999999999959
2026-05-28 05:00:00;20;15.1;14.412999999999993;0.6870000000000065
2026-05-28 06:00:00;20;18.9;16.114720000000002;2.7852799999999966
2026-05-28 07:00:00;20;23.0;19.616;3.3840000000000003
2026-05-28 08:00:00;20;26.1;23.217999999999993;2.8820000000000086
2026-05-28 09:00:00;20;28.4;26.210999999999995;2.1890000000000036
2026-05-28 10:00:00;20;29.9;27.399000000000004;2.500999999999994
2026-05-28 11:00:00;20;30.8;27.45500000000001;3.3449999999999918
2026-05-28 12:00:00;20;32.0;27.225000000000012;4.774999999999988
2026-05-28 13:00:00;20;31.7;27.173000000000012;4.526999999999987
2026-05-28 14:00:00;20;31.4;27.045000000000005;4.354999999999993
2026-05-28 15:00:00;20;31.2;26.949000000000005;4.250999999999994
2026-05-28 16:00:00;20;30.0;26.78000000000001;3.2199999999999918
2026-05-28 17:00:00;20;27.4;26.757000000000012;0.6429999999999865
2026-05-28 18:00:00;20;26.8;25.86000000000001;0.9399999999999906
2026-05-28 19:00:00;20;25.1;24.962000000000007;0.13799999999999457
2026-05-28 20:00:00;20;24.1;22.725999999999985;1.3740000000000165
2026-05-28 21:00:00;20;23.4;21.793000000000003;1.6069999999999958
2026-05-28 22:00:00;20;22.5;21.193000000000012;1.306999999999988
2026-05-28 23:00:00;20;20.9;20.182000000000002;0.7179999999999964
2026-05-29 00:00:00;20;19.0;19.36800000000001;-0.3680000000000092
2026-05-29 01:00:00;20;17.6;17.47;0.13000000000000256
2026-05-29 02:00:00;20;17.3;16.557;0.7430000000000021
2026-05-29 03:00:00;20;18.5;16.458000000000006;2.0419999999999945
2026-05-29 04:00:00;20;18.2;17.970999999999997;0.22900000000000276
2026-05-29 05:00:00;20;18.0;17.96699999999999;0.033000000000008356
2026-05-29 06:00:00;20;19.8;17.99599999999999;1.8040000000000092
2026-05-29 07:00:00;20;22.8;19.187;3.6129999999999995
2026-05-29 08:00:00;20;25.2;22.970999999999993;2.2290000000000063
2026-05-29 09:00:00;20;27.0;25.052000000000007;1.9479999999999933
2026-05-29 10:00:00;20;28.6;26.263;2.3369999999999997
2026-05-29 11:00:00;20;29.5;27.382000000000016;2.1179999999999843
2026-05-29 12:00:00;20;31.1;28.195000000000018;2.9049999999999834
2026-05-29 13:00:00;20;30.7;27.667000000000016;3.0329999999999835
2026-05-29 14:00:00;20;28.8;26.958000000000006;1.8419999999999952
2026-05-29 15:00:00;20;28.0;26.960000000000004;1.0399999999999956
2026-05-29 16:00:00;20;28.2;26.445;1.754999999999999
2026-05-29 17:00:00;20;28.2;26.894000000000016;1.3059999999999832
2026-05-29 18:00:00;20;26.5;26.96300000000001;-0.4630000000000116
2026-05-29 19:00:00;20;24.0;24.532999999999998;-0.5329999999999977
2026-05-29 20:00:00;20;22.5;21.257999999999992;1.242000000000008
2026-05-29 21:00:00;20;20.9;20.316999999999997;0.583000000000002
2026-05-29 22:00:00;20;19.8;19.390000000000004;0.4099999999999966
2026-05-29 23:00:00;20;18.9;18.26100000000001;0.6389999999999887
2026-05-30 00:00:00;20;17.8;17.373000000000008;0.4269999999999925
2026-05-30 01:00:00;20;17.4;16.821000000000005;0.5789999999999935
2026-05-30 02:00:00;20;17.3;16.416000000000004;0.8839999999999968
2026-05-30 03:00:00;20;16.6;16.506000000000007;0.09399999999999409
2026-05-30 04:00:00;20;15.7;16.051000000000002;-0.35100000000000264
2026-05-30 05:00:00;20;16.8;15.800640000000008;0.9993599999999923
2026-05-30 06:00:00;20;19.5;17.06584000000001;2.4341599999999914
2026-05-30 07:00:00;20;22.9;19.33;3.5700000000000003
2026-05-30 08:00:00;20;25.6;23.020999999999994;2.5790000000000077
2026-05-30 09:00:00;20;26.9;25.602000000000007;1.2979999999999912
2026-05-30 10:00:00;20;27.8;26.366;1.434000000000001
2026-05-30 11:00:00;20;28.5;26.504999999999995;1.9950000000000045
2026-05-30 12:00:00;20;29.1;27.20500000000001;1.8949999999999925
2026-05-30 13:00:00;20;29.2;27.13200000000001;2.0679999999999907
2026-05-30 14:00:00;20;29.1;26.971000000000007;2.1289999999999942
2026-05-30 15:00:00;20;28.6;26.925000000000008;1.6749999999999936
2026-05-30 16:00:00;20;27.9;26.866000000000003;1.0339999999999954
2026-05-30 17:00:00;20;26.9;26.20500000000001;0.6949999999999896
2026-05-30 18:00:00;20;25.6;24.881000000000007;0.7189999999999941
2026-05-30 19:00:00;20;23.6;23.592999999999996;0.007000000000005002
2026-05-30 20:00:00;20;22.5;21.048999999999992;1.4510000000000076
2026-05-30 21:00:00;20;21.0;20.360999999999986;0.6390000000000136
2026-05-30 22:00:00;20;20.0;19.30100000000001;0.698999999999991
2026-05-30 23:00:00;20;19.4;18.712000000000003;0.6879999999999953
2026-05-13 00:00:00;21;8.9;9.127639999999996;-0.22763999999999562
2026-05-13 01:00:00;21;8.5;8.59128;-0.09127999999999936
2026-05-13 02:00:00;21;8.4;8.164880000000002;0.23511999999999844
2026-05-13 03:00:00;21;8.4;8.198039999999997;0.20196000000000325
2026-05-13 04:00:00;21;7.9;8.218439999999998;-0.31843999999999717
2026-05-13 05:00:00;21;8.7;7.403799999999999;1.2962000000000007
2026-05-13 06:00:00;21;9.6;9.897000000000002;-0.2970000000000024
2026-05-13 07:00:00;21;10.4;10.431999999999999;-0.03199999999999825
2026-05-13 08:00:00;21;11.5;11.44804;0.05195999999999934
2026-05-13 09:00:00;21;12.3;12.433000000000009;-0.133000000000008
2026-05-13 10:00:00;21;13.3;13.008999999999997;0.2910000000000039
2026-05-13 11:00:00;21;14.4;13.776000000000002;0.6239999999999988
2026-05-13 12:00:00;21;15.4;15.020319999999996;0.379680000000004
2026-05-13 13:00:00;21;16.0;16.059;-0.05900000000000105
2026-05-13 14:00:00;21;16.6;16.138000000000012;0.4619999999999891
2026-05-13 15:00:00;21;16.1;16.318;-0.21799999999999997
2026-05-13 16:00:00;21;15.1;15.50924;-0.4092400000000005
2026-05-13 17:00:00;21;14.1;13.888999999999996;0.21100000000000385
2026-05-13 18:00:00;21;13.4;13.493999999999998;-0.09399999999999764
2026-05-13 19:00:00;21;11.9;12.323;-0.42300000000000004
2026-05-13 20:00:00;21;10.6;11.211000000000002;-0.6110000000000024
2026-05-13 21:00:00;21;9.8;9.805;-0.004999999999999005
2026-05-13 22:00:00;21;9.1;9.313000000000004;-0.21300000000000452
2026-05-13 23:00:00;21;8.6;8.553999999999998;0.04600000000000115
2026-05-14 00:00:00;21;8.6;8.552999999999994;0.047000000000005926
2026-05-14 01:00:00;21;8.2;8.178680000000002;0.021319999999997563
2026-05-14 02:00:00;21;8.0;7.823920000000002;0.17607999999999802
2026-05-14 03:00:00;21;7.7;7.754239999999997;-0.05423999999999651
2026-05-14 04:00:00;21;7.3;7.372999999999996;-0.07299999999999596
2026-05-14 05:00:00;21;7.2;7.0356;0.16440000000000055
2026-05-14 06:00:00;21;7.8;8.320000000000002;-0.5200000000000022
2026-05-14 07:00:00;21;8.2;8.93868;-0.7386800000000004
2026-05-14 08:00:00;21;8.9;9.039079999999998;-0.1390799999999981
2026-05-14 09:00:00;21;10.1;9.942399999999997;0.15760000000000218
2026-05-14 10:00:00;21;11.2;11.519;-0.31900000000000084
2026-05-14 11:00:00;21;12.0;12.295040000000006;-0.2950400000000055
2026-05-14 12:00:00;21;11.6;12.741000000000003;-1.1410000000000036
2026-05-14 13:00:00;21;12.4;11.968319999999999;0.43168000000000184
2026-05-14 14:00:00;21;10.2;13.181999999999995;-2.9819999999999958
2026-05-14 15:00:00;21;10.9;10.014399999999997;0.8856000000000037
2026-05-14 16:00:00;21;9.2;10.50348;-1.3034800000000004
2026-05-14 17:00:00;21;9.7;8.828679999999999;0.8713200000000008
2026-05-14 18:00:00;21;8.6;9.041040000000002;-0.44104000000000276
2026-05-14 19:00:00;21;7.4;7.996000000000002;-0.5960000000000019
2026-05-14 20:00:00;21;7.1;6.892999999999996;0.2070000000000034
2026-05-14 21:00:00;21;6.6;6.526999999999998;0.07300000000000129
2026-05-14 22:00:00;21;6.3;6.3592;-0.059200000000000585
2026-05-14 23:00:00;21;5.9;5.992560000000002;-0.09256000000000153
2026-05-15 00:00:00;21;5.6;6.023640000000007;-0.4236400000000078
2026-05-15 01:00:00;21;5.3;5.2714;0.02859999999999996
2026-05-15 02:00:00;21;5.4;5.179640000000003;0.22035999999999767
2026-05-15 03:00:00;21;5.4;5.1617999999999995;0.23820000000000086
2026-05-15 04:00:00;21;5.3;5.195600000000004;0.10439999999999561
2026-05-15 05:00:00;21;5.0;5.218560000000004;-0.21856000000000364
2026-05-15 06:00:00;21;5.4;6.711999999999998;-1.3119999999999976
2026-05-15 07:00:00;21;5.6;6.227440000000001;-0.6274400000000018
2026-05-15 08:00:00;21;6.8;6.538039999999999;0.2619600000000011
2026-05-15 09:00:00;21;7.9;8.292999999999996;-0.39299999999999535
2026-05-15 10:00:00;21;8.0;9.244;-1.2439999999999998
2026-05-15 11:00:00;21;8.4;8.6602;-0.2601999999999993
2026-05-15 12:00:00;21;8.9;8.813120000000003;0.08687999999999718
2026-05-15 13:00:00;21;8.7;9.039240000000001;-0.339240000000002
2026-05-15 14:00:00;21;9.8;8.744240000000001;1.0557599999999994
2026-05-15 15:00:00;21;10.6;9.630600000000001;0.9693999999999985
2026-05-15 16:00:00;21;10.8;10.697600000000001;0.10239999999999938
2026-05-15 17:00:00;21;10.2;10.500200000000008;-0.3002000000000091
2026-05-15 18:00:00;21;9.1;9.768440000000004;-0.6684400000000039
2026-05-15 19:00:00;21;8.1;8.152999999999999;-0.05299999999999905
2026-05-15 20:00:00;21;6.7;7.325;-0.625
2026-05-15 21:00:00;21;5.9;5.706999999999996;0.19300000000000406
2026-05-15 22:00:00;21;5.5;5.177000000000001;0.3229999999999986
2026-05-15 23:00:00;21;5.4;5.05;0.35000000000000053
2026-05-16 00:00:00;21;5.1;5.101559999999999;-0.0015599999999995617
2026-05-16 01:00:00;21;5.7;4.84928;0.8507199999999999
2026-05-16 02:00:00;21;5.6;5.4411200000000015;0.15887999999999813
2026-05-16 03:00:00;21;5.3;5.376479999999999;-0.07647999999999922
2026-05-16 04:00:00;21;5.6;5.122200000000003;0.47779999999999667
2026-05-16 05:00:00;21;5.7;5.363879999999998;0.336120000000002
2026-05-16 06:00:00;21;5.9;7.476999999999999;-1.576999999999999
2026-05-16 07:00:00;21;6.9;6.332479999999997;0.5675200000000036
2026-05-16 08:00:00;21;8.5;8.068999999999994;0.43100000000000627
2026-05-16 09:00:00;21;9.1;9.804;-0.7040000000000006
2026-05-16 10:00:00;21;10.2;10.037399999999998;0.1626000000000012
2026-05-16 11:00:00;21;10.9;11.169000000000004;-0.2690000000000037
2026-05-16 12:00:00;21;12.1;11.638880000000002;0.46111999999999753
2026-05-16 13:00:00;21;12.4;12.748999999999997;-0.34899999999999665
2026-05-16 14:00:00;21;12.9;12.793079999999996;0.10692000000000412
2026-05-16 15:00:00;21;12.9;12.911999999999994;-0.01199999999999335
2026-05-16 16:00:00;21;13.2;12.797199999999998;0.40280000000000094
2026-05-16 17:00:00;21;12.4;12.470999999999997;-0.07099999999999618
2026-05-16 18:00:00;21;12.0;11.100000000000001;0.8999999999999986
2026-05-16 19:00:00;21;10.6;10.641999999999996;-0.04199999999999626
2026-05-16 20:00:00;21;9.4;9.664000000000001;-0.2640000000000011
2026-05-16 21:00:00;21;8.4;8.431999999999999;-0.03199999999999825
2026-05-16 22:00:00;21;7.3;7.6160000000000005;-0.3160000000000007
2026-05-16 23:00:00;21;6.1;6.632000000000001;-0.5320000000000009
2026-05-17 00:00:00;21;4.8;5.243;-0.4430000000000005
2026-05-17 01:00:00;21;4.1;3.961520000000001;0.1384799999999986
2026-05-17 02:00:00;21;3.6;3.617;-0.016999999999999904
2026-05-17 03:00:00;21;3.5;3.159;0.3410000000000002
2026-05-17 04:00:00;21;4.6;3.1620000000000004;1.4379999999999993
2026-05-17 05:00:00;21;5.7;4.2954799999999995;1.4045200000000007
2026-05-17 06:00:00;21;7.6;7.371000000000001;0.22899999999999832
2026-05-17 07:00:00;21;9.0;9.728999999999996;-0.7289999999999957
2026-05-17 08:00:00;21;10.4;10.399000000000003;0.0009999999999976694
2026-05-17 09:00:00;21;12.3;11.601;0.6989999999999998
2026-05-17 10:00:00;21;12.7;13.631000000000007;-0.931000000000008
2026-05-17 11:00:00;21;14.1;13.421999999999999;0.6780000000000008
2026-05-17 12:00:00;21;15.1;14.876000000000001;0.22399999999999842
2026-05-17 13:00:00;21;14.2;15.705;-1.5050000000000008
2026-05-17 14:00:00;21;15.4;14.156600000000003;1.2433999999999976
2026-05-17 15:00:00;21;16.0;15.447000000000001;0.552999999999999
2026-05-17 16:00:00;21;16.1;15.914999999999997;0.18500000000000405
2026-05-17 17:00:00;21;14.9;15.26;-0.35999999999999943
2026-05-17 18:00:00;21;12.9;13.44400000000001;-0.5440000000000094
2026-05-17 19:00:00;21;11.8;11.690000000000003;0.10999999999999766
2026-05-17 20:00:00;21;11.3;10.705999999999996;0.5940000000000047
2026-05-17 21:00:00;21;10.7;10.480999999999995;0.21900000000000475
2026-05-17 22:00:00;21;9.3;10.167;-0.8669999999999991
2026-05-17 23:00:00;21;8.2;8.524999999999999;-0.3249999999999993
2026-05-18 00:00:00;21;7.9;7.397000000000003;0.5029999999999974
2026-05-18 01:00:00;21;8.1;7.269;0.8309999999999995
2026-05-18 02:00:00;21;8.1;7.818279999999996;0.2817200000000035
2026-05-18 03:00:00;21;8.4;7.939319999999998;0.46068000000000264
2026-05-18 04:00:00;21;7.8;8.233879999999997;-0.4338799999999976
2026-05-18 05:00:00;21;7.9;7.47012;0.4298800000000007
2026-05-18 06:00:00;21;9.2;9.147560000000006;0.0524399999999936
2026-05-18 07:00:00;21;10.2;11.066999999999998;-0.8669999999999991
2026-05-18 08:00:00;21;11.1;11.538999999999994;-0.43899999999999473
2026-05-18 09:00:00;21;12.4;12.16912;0.23088000000000086
2026-05-18 10:00:00;21;13.7;13.519999999999996;0.18000000000000327
2026-05-18 11:00:00;21;14.1;14.582000000000008;-0.4820000000000082
2026-05-18 12:00:00;21;14.4;14.726000000000004;-0.32600000000000406
2026-05-18 13:00:00;21;14.6;15.015999999999996;-0.4159999999999968
2026-05-18 14:00:00;21;14.1;14.69599999999999;-0.5959999999999912
2026-05-18 15:00:00;21;14.8;13.838600000000008;0.9613999999999923
2026-05-18 16:00:00;21;14.8;14.534999999999995;0.2650000000000059
2026-05-18 17:00:00;21;14.2;14.056000000000004;0.1439999999999948
2026-05-18 18:00:00;21;13.4;13.547999999999991;-0.1479999999999908
2026-05-18 19:00:00;21;11.9;12.308999999999996;-0.40899999999999537
2026-05-18 20:00:00;21;11.4;11.288999999999998;0.11100000000000243
2026-05-18 21:00:00;21;10.7;10.718;-0.018000000000000682
2026-05-18 22:00:00;21;9.9;10.115999999999998;-0.21599999999999753
2026-05-18 23:00:00;21;8.9;9.453000000000007;-0.5530000000000062
2026-05-19 00:00:00;21;8.8;8.532999999999998;0.267000000000003
2026-05-19 01:00:00;21;8.896;8.582599999999998;0.31340000000000323
2026-05-19 02:00:00;21;8.992;8.806319999999998;0.18568000000000318
2026-05-19 03:00:00;21;9.088;8.760000000000002;0.3279999999999976
2026-05-19 04:00:00;21;9.184;8.774360000000003;0.409639999999996
2026-05-19 05:00:00;21;9.28;8.925760000000002;0.3542399999999972
2026-05-19 06:00:00;21;9.376;10.080439999999996;-0.7044399999999964
2026-05-19 07:00:00;21;9.472;9.694440000000002;-0.2224400000000024
2026-05-19 08:00:00;21;9.568;9.822520000000003;-0.25452000000000297
2026-05-19 09:00:00;21;9.664;10.114759999999997;-0.45075999999999716
2026-05-19 10:00:00;21;9.76;10.009519999999998;-0.24951999999999863
2026-05-19 11:00:00;21;9.856;10.010279999999996;-0.15427999999999642
2026-05-19 12:00:00;21;9.952;10.03788;-0.08587999999999951
2026-05-19 13:00:00;21;10.048;10.091880000000005;-0.043880000000005026
2026-05-19 14:00:00;21;10.144;9.988399999999999;0.15560000000000151
2026-05-19 15:00:00;21;10.24;10.0282;0.2118000000000002
2026-05-19 16:00:00;21;10.336;10.085280000000001;0.2507199999999994
2026-05-19 17:00:00;21;10.432;10.054959999999998;0.3770400000000027
2026-05-19 18:00:00;21;10.528;10.044399999999998;0.4836000000000027
2026-05-19 19:00:00;21;10.624;10.029599999999999;0.594400000000002
2026-05-19 20:00:00;21;10.72;10.300679999999998;0.4193200000000026
2026-05-19 21:00:00;21;10.816;10.415359999999998;0.40064000000000277
2026-05-19 22:00:00;21;10.912;10.495839999999996;0.41616000000000497
2026-05-19 23:00:00;21;11.008;10.68272;0.32527999999999935
2026-05-20 00:00:00;21;11.104;10.874200000000004;0.22979999999999556
2026-05-20 01:00:00;21;11.2;10.766400000000003;0.43359999999999665
2026-05-20 02:00:00;21;11.0;10.901520000000003;0.09847999999999679
2026-05-20 03:00:00;21;10.3;10.840319999999998;-0.5403199999999977
2026-05-20 04:00:00;21;9.9;9.831360000000002;0.06863999999999848
2026-05-20 05:00:00;21;10.5;9.699199999999998;0.8008000000000024
2026-05-20 06:00:00;21;12.2;11.191279999999997;1.008720000000002
2026-05-20 07:00:00;21;13.9;13.533;0.3670000000000009
2026-05-20 08:00:00;21;15.4;15.100000000000001;0.29999999999999893
2026-05-20 09:00:00;21;17.1;16.749999999999996;0.350000000000005
2026-05-20 10:00:00;21;18.5;18.392;0.10800000000000054
2026-05-20 11:00:00;21;20.1;19.337999999999994;0.7620000000000076
2026-05-20 12:00:00;21;20.4;21.177999999999994;-0.7779999999999951
2026-05-20 13:00:00;21;20.3;20.554999999999993;-0.2549999999999919
2026-05-20 14:00:00;21;20.2;20.232999999999993;-0.032999999999994145
2026-05-20 15:00:00;21;20.4;20.11499999999999;0.28500000000000725
2026-05-20 16:00:00;21;20.2;19.86499999999999;0.33500000000000796
2026-05-20 17:00:00;21;19.4;19.520999999999997;-0.12099999999999866
2026-05-20 18:00:00;21;18.2;18.000999999999998;0.19900000000000162
2026-05-20 19:00:00;21;17.2;16.831999999999997;0.3680000000000021
2026-05-20 20:00:00;21;15.1;15.798000000000004;-0.698000000000004
2026-05-20 21:00:00;21;14.4;13.998;0.402000000000001
2026-05-20 22:00:00;21;14.2;13.912;0.2879999999999985
2026-05-20 23:00:00;21;13.2;13.478680000000004;-0.2786800000000049
2026-05-21 00:00:00;21;12.1;12.617560000000005;-0.5175600000000049
2026-05-21 01:00:00;21;11.8;11.393000000000002;0.40699999999999825
2026-05-21 02:00:00;21;11.2;11.455720000000003;-0.2557200000000037
2026-05-21 03:00:00;21;10.7;10.890199999999993;-0.1901999999999937
2026-05-21 04:00:00;21;10.2;10.277000000000001;-0.07700000000000173
2026-05-21 05:00:00;21;10.7;9.838840000000006;0.8611599999999928
2026-05-21 06:00:00;21;12.5;12.191200000000002;0.30879999999999797
2026-05-21 07:00:00;21;14.6;14.534999999999998;0.06500000000000128
2026-05-21 08:00:00;21;16.2;16.665000000000006;-0.46500000000000696
2026-05-21 09:00:00;21;17.5;17.581000000000003;-0.08100000000000307
2026-05-21 10:00:00;21;18.9;18.797999999999988;0.10200000000001097
2026-05-21 11:00:00;21;20.1;20.105;-0.004999999999999005
2026-05-21 12:00:00;21;22.0;20.90899999999998;1.0910000000000188
2026-05-21 13:00:00;21;22.6;22.471000000000007;0.12899999999999423
2026-05-21 14:00:00;21;23.1;22.421000000000003;0.6789999999999985
2026-05-21 15:00:00;21;23.2;22.279;0.9209999999999994
2026-05-21 16:00:00;21;23.0;22.002000000000002;0.9979999999999976
2026-05-21 17:00:00;21;22.5;22.048;0.45200000000000173
2026-05-21 18:00:00;21;22.0;20.66000000000001;1.3399999999999892
2026-05-21 19:00:00;21;20.0;20.048999999999992;-0.04899999999999238
2026-05-21 20:00:00;21;18.8;17.948000000000008;0.8519999999999932
2026-05-21 21:00:00;21;17.5;17.214999999999996;0.2850000000000037
2026-05-21 22:00:00;21;16.2;16.479000000000003;-0.27900000000000347
2026-05-21 23:00:00;21;15.4;15.071999999999989;0.32800000000001184
2026-05-22 00:00:00;21;13.9;13.921999999999995;-0.021999999999994913
2026-05-22 01:00:00;21;13.8;13.001999999999999;0.7980000000000018
2026-05-22 02:00:00;21;14.0;13.148999999999996;0.8510000000000044
2026-05-22 03:00:00;21;14.3;13.23499999999999;1.0650000000000102
2026-05-22 04:00:00;21;14.2;13.648680000000004;0.5513199999999951
2026-05-22 05:00:00;21;14.7;14.093679999999996;0.6063200000000037
2026-05-22 06:00:00;21;15.5;15.055519999999992;0.44448000000000754
2026-05-22 07:00:00;21;19.1;16.352999999999994;2.747000000000007
2026-05-22 08:00:00;21;21.0;20.116000000000003;0.8839999999999968
2026-05-22 09:00:00;21;22.8;22.222999999999992;0.5770000000000088
2026-05-22 10:00:00;21;24.1;23.463000000000008;0.6369999999999933
2026-05-22 11:00:00;21;25.0;24.29300000000002;0.7069999999999794
2026-05-22 12:00:00;21;26.4;24.488000000000007;1.911999999999992
2026-05-22 13:00:00;21;26.6;26.093999999999983;0.506000000000018
2026-05-22 14:00:00;21;26.7;25.81300000000001;0.8869999999999898
2026-05-22 15:00:00;21;26.6;25.742000000000008;0.8579999999999934
2026-05-22 16:00:00;21;26.3;25.621000000000013;0.6789999999999878
2026-05-22 17:00:00;21;25.9;25.121000000000016;0.7789999999999822
2026-05-22 18:00:00;21;24.8;23.74000000000001;1.0599999999999916
2026-05-22 19:00:00;21;22.9;22.71599999999999;0.18400000000000816
2026-05-22 20:00:00;21;21.3;21.156999999999996;0.14300000000000423
2026-05-22 21:00:00;21;20.5;20.125999999999998;0.37400000000000233
2026-05-22 22:00:00;21;19.8;19.358000000000008;0.44199999999999307
2026-05-22 23:00:00;21;19.3;18.390000000000008;0.909999999999993
2026-05-23 00:00:00;21;18.0;18.267000000000003;-0.267000000000003
2026-05-23 01:00:00;21;17.5;17.029999999999994;0.47000000000000597
2026-05-23 02:00:00;21;16.5;16.698000000000015;-0.1980000000000146
2026-05-23 03:00:00;21;15.8;15.75599999999999;0.04400000000001114
2026-05-23 04:00:00;21;15.4;15.241;0.1590000000000007
2026-05-23 05:00:00;21;16.0;14.891999999999989;1.1080000000000112
2026-05-23 06:00:00;21;17.6;16.39156;1.208440000000003
2026-05-23 07:00:00;21;19.9;17.978999999999996;1.921000000000003
2026-05-23 08:00:00;21;21.8;21.76199999999998;0.03800000000002157
2026-05-23 09:00:00;21;23.5;23.10200000000001;0.39799999999998903
2026-05-23 10:00:00;21;24.5;23.91600000000001;0.583999999999989
2026-05-23 11:00:00;21;25.2;24.548999999999996;0.6510000000000034
2026-05-23 12:00:00;21;26.4;24.699000000000005;1.7009999999999934
2026-05-23 13:00:00;21;26.8;25.948999999999998;0.8510000000000026
2026-05-23 14:00:00;21;27.0;25.912;1.088000000000001
2026-05-23 15:00:00;21;27.0;26.221000000000014;0.7789999999999857
2026-05-23 16:00:00;21;26.8;26.144000000000016;0.6559999999999846
2026-05-23 17:00:00;21;26.2;25.987;0.21300000000000097
2026-05-23 18:00:00;21;25.6;24.31500000000002;1.2849999999999824
2026-05-23 19:00:00;21;23.9;24.005;-0.10500000000000043
2026-05-23 20:00:00;21;22.8;22.580000000000013;0.2199999999999882
2026-05-23 21:00:00;21;22.0;21.642999999999997;0.35700000000000287
2026-05-23 22:00:00;21;21.0;20.826;0.1739999999999995
2026-05-23 23:00:00;21;20.2;19.904999999999998;0.2950000000000017
2026-05-24 00:00:00;21;18.9;19.155;-0.25500000000000256
2026-05-24 01:00:00;21;17.9;17.913999999999998;-0.013999999999999346
2026-05-24 02:00:00;21;17.2;17.03;0.16999999999999815
2026-05-24 03:00:00;21;16.6;16.368000000000006;0.23199999999999577
2026-05-24 04:00:00;21;15.9;16.093999999999994;-0.19399999999999373
2026-05-24 05:00:00;21;16.4;15.78728;0.6127199999999977
2026-05-24 06:00:00;21;18.5;16.879840000000012;1.6201599999999878
2026-05-24 07:00:00;21;20.2;19.739999999999995;0.4600000000000044
2026-05-24 08:00:00;21;21.9;21.571999999999992;0.3280000000000065
2026-05-24 09:00:00;21;23.5;22.78500000000001;0.7149999999999892
2026-05-24 10:00:00;21;25.0;23.893;1.1069999999999993
2026-05-24 11:00:00;21;26.0;24.378000000000007;1.6219999999999928
2026-05-24 12:00:00;21;27.6;25.985000000000003;1.6149999999999984
2026-05-24 13:00:00;21;28.0;26.768000000000008;1.2319999999999922
2026-05-24 14:00:00;21;28.2;26.866000000000014;1.3339999999999854
2026-05-24 15:00:00;21;28.0;27.290000000000013;0.7099999999999866
2026-05-24 16:00:00;21;27.8;26.777000000000008;1.0229999999999926
2026-05-24 17:00:00;21;27.6;26.415000000000006;1.1849999999999952
2026-05-24 18:00:00;21;27.0;26.12800000000001;0.8719999999999892
2026-05-24 19:00:00;21;25.5;25.797000000000008;-0.2970000000000077
2026-05-24 20:00:00;21;24.2;23.862999999999996;0.3370000000000033
2026-05-24 21:00:00;21;23.6;23.120000000000015;0.4799999999999862
2026-05-24 22:00:00;21;22.6;22.02500000000001;0.5749999999999922
2026-05-24 23:00:00;21;22.1;21.591999999999988;0.5080000000000133
2026-05-25 00:00:00;21;21.3;20.89500000000001;0.4049999999999905
2026-05-25 01:00:00;21;20.2;20.32600000000001;-0.12600000000001188
2026-05-25 02:00:00;21;19.1;18.976000000000006;0.12399999999999523
2026-05-25 03:00:00;21;18.2;18.053;0.14699999999999847
2026-05-25 04:00:00;21;17.9;18.133999999999993;-0.23399999999999466
2026-05-25 05:00:00;21;18.9;18.167999999999992;0.7320000000000064
2026-05-25 06:00:00;21;20.6;18.55400000000001;2.0459999999999923
2026-05-25 07:00:00;21;22.5;21.149000000000004;1.3509999999999955
2026-05-25 08:00:00;21;24.2;21.022;3.178000000000001
2026-05-25 09:00:00;21;25.9;24.36200000000001;1.5379999999999896
2026-05-25 10:00:00;21;27.1;25.757;1.343
2026-05-25 11:00:00;21;28.0;26.163999999999998;1.836000000000002
2026-05-25 12:00:00;21;29.5;26.974;2.526
2026-05-25 13:00:00;21;29.6;27.327000000000012;2.272999999999989
2026-05-25 14:00:00;21;29.6;27.209;2.391000000000002
2026-05-25 15:00:00;21;29.1;27.01000000000002;2.089999999999982
2026-05-25 16:00:00;21;29.0;26.99300000000001;2.006999999999991
2026-05-25 17:00:00;21;28.4;26.825000000000017;1.5749999999999815
2026-05-25 18:00:00;21;27.6;26.757000000000016;0.8429999999999858
2026-05-25 19:00:00;21;26.2;26.01700000000001;0.18299999999998917
2026-05-25 20:00:00;21;24.6;24.212999999999994;0.38700000000000756
2026-05-25 21:00:00;21;23.5;22.404999999999994;1.095000000000006
2026-05-25 22:00:00;21;23.0;21.780000000000005;1.2199999999999953
2026-05-25 23:00:00;21;22.5;21.642000000000003;0.857999999999997
2026-05-26 00:00:00;21;20.0;20.33299999999999;-0.3329999999999913
2026-05-26 01:00:00;21;20.2;18.33100000000001;1.8689999999999891
2026-05-26 02:00:00;21;20.0;19.186000000000007;0.813999999999993
2026-05-26 03:00:00;21;19.4;18.993;0.40700000000000003
2026-05-26 04:00:00;21;18.3;18.209;0.09100000000000108
2026-05-26 05:00:00;21;18.1;18.101999999999993;-0.001999999999991786
2026-05-26 06:00:00;21;19.5;18.125999999999994;1.3740000000000059
2026-05-26 07:00:00;21;22.5;19.070999999999998;3.429000000000002
2026-05-26 08:00:00;21;24.4;20.522000000000006;3.877999999999993
2026-05-26 09:00:00;21;26.1;23.713;2.3870000000000005
2026-05-26 10:00:00;21;27.4;25.804999999999986;1.595000000000013
2026-05-26 11:00:00;21;28.2;26.423999999999996;1.7760000000000034
2026-05-26 12:00:00;21;29.3;27.181000000000004;2.118999999999996
2026-05-26 13:00:00;21;29.1;27.19900000000001;1.9009999999999927
2026-05-26 14:00:00;21;28.9;27.133000000000006;1.7669999999999924
2026-05-26 15:00:00;21;28.6;27.02400000000002;1.5759999999999827
2026-05-26 16:00:00;21;28.5;26.984000000000016;1.515999999999984
2026-05-26 17:00:00;21;28.2;26.818000000000016;1.3819999999999837
2026-05-26 18:00:00;21;27.5;26.80300000000002;0.6969999999999814
2026-05-26 19:00:00;21;25.0;26.00900000000001;-1.009000000000011
2026-05-26 20:00:00;21;23.5;22.626999999999985;0.8730000000000153
2026-05-26 21:00:00;21;22.6;20.653;1.9470000000000027
2026-05-26 22:00:00;21;21.6;19.884999999999994;1.715000000000007
2026-05-26 23:00:00;21;21.1;19.854000000000006;1.2459999999999951
2026-05-27 00:00:00;21;20.7;19.439000000000007;1.2609999999999921
2026-05-27 01:00:00;21;20.8;19.39100000000001;1.4089999999999918
2026-05-27 02:00:00;21;20.2;19.56300000000001;0.6369999999999898
2026-05-27 03:00:00;21;19.7;19.148000000000007;0.5519999999999925
2026-05-27 04:00:00;21;19.2;18.639;0.5609999999999999
2026-05-27 05:00:00;21;19.7;18.070000000000007;1.629999999999992
2026-05-27 06:00:00;21;21.5;18.861000000000004;2.638999999999996
2026-05-27 07:00:00;21;22.8;21.204;1.596
2026-05-27 08:00:00;21;24.5;20.802;3.6980000000000004
2026-05-27 09:00:00;21;26.0;24.318999999999996;1.6810000000000045
2026-05-27 10:00:00;21;27.1;25.775000000000006;1.3249999999999957
2026-05-27 11:00:00;21;27.9;26.145999999999994;1.7540000000000049
2026-05-27 12:00:00;21;29.2;26.911000000000005;2.2889999999999944
2026-05-27 13:00:00;21;29.4;27.42000000000001;1.9799999999999898
2026-05-27 14:00:00;21;29.2;27.300000000000008;1.8999999999999915
2026-05-27 15:00:00;21;29.1;27.147000000000013;1.9529999999999887
2026-05-27 16:00:00;21;28.7;27.130000000000013;1.569999999999986
2026-05-27 17:00:00;21;28.2;26.97300000000002;1.226999999999979
2026-05-27 18:00:00;21;27.0;26.776000000000018;0.22399999999998244
2026-05-27 19:00:00;21;25.2;25.716000000000005;-0.5160000000000053
2026-05-27 20:00:00;21;23.2;23.007999999999992;0.19200000000000728
2026-05-27 21:00:00;21;22.2;21.723000000000006;0.4769999999999932
2026-05-27 22:00:00;21;21.1;20.88499999999999;0.21500000000001052
2026-05-27 23:00:00;21;21.0;19.73800000000001;1.2619999999999898
2026-05-28 00:00:00;21;19.7;19.882000000000005;-0.1820000000000057
2026-05-28 01:00:00;21;19.0;18.479000000000006;0.5209999999999937
2026-05-28 02:00:00;21;18.2;17.943000000000005;0.25699999999999434
2026-05-28 03:00:00;21;17.6;17.522000000000002;0.0779999999999994
2026-05-28 04:00:00;21;17.2;16.872000000000003;0.32799999999999585
2026-05-28 05:00:00;21;17.7;17.213999999999995;0.4860000000000042
2026-05-28 06:00:00;21;20.0;17.930999999999997;2.0690000000000026
2026-05-28 07:00:00;21;21.6;20.175;1.4250000000000007
2026-05-28 08:00:00;21;23.2;21.640000000000015;1.5599999999999845
2026-05-28 09:00:00;21;24.8;22.943999999999992;1.8560000000000088
2026-05-28 10:00:00;21;25.9;24.375999999999998;1.524000000000001
2026-05-28 11:00:00;21;26.9;25.616000000000003;1.2839999999999954
2026-05-28 12:00:00;21;28.0;26.177;1.8230000000000004
2026-05-28 13:00:00;21;27.8;26.732000000000006;1.0679999999999943
2026-05-28 14:00:00;21;28.2;26.400000000000006;1.7999999999999936
2026-05-28 15:00:00;21;28.4;27.175000000000022;1.2249999999999766
2026-05-28 16:00:00;21;28.3;27.23600000000002;1.0639999999999823
2026-05-28 17:00:00;21;27.9;27.005000000000024;0.8949999999999747
2026-05-28 18:00:00;21;27.2;26.304000000000006;0.8959999999999937
2026-05-28 19:00:00;21;25.5;25.846000000000014;-0.3460000000000143
2026-05-28 20:00:00;21;23.6;23.569000000000006;0.030999999999995254
2026-05-28 21:00:00;21;23.0;21.881000000000004;1.1189999999999962
2026-05-28 22:00:00;21;21.9;21.82100000000001;0.07899999999998997
2026-05-28 23:00:00;21;20.9;20.657000000000007;0.24299999999999145
2026-05-29 00:00:00;21;20.0;19.760000000000005;0.23999999999999488
2026-05-29 01:00:00;21;19.8;18.900000000000013;0.8999999999999879
2026-05-29 02:00:00;21;19.1;18.572;0.5280000000000022
2026-05-29 03:00:00;21;18.6;17.997000000000003;0.602999999999998
2026-05-29 04:00:00;21;18.0;18.501;-0.5010000000000012
2026-05-29 05:00:00;21;17.8;18.592999999999996;-0.7929999999999957
2026-05-29 06:00:00;21;19.7;18.762999999999998;0.9370000000000012
2026-05-29 07:00:00;21;21.5;19.642;1.8580000000000005
2026-05-29 08:00:00;21;22.5;21.776;0.7240000000000002
2026-05-29 09:00:00;21;23.9;22.431000000000004;1.468999999999994
2026-05-29 10:00:00;21;25.2;24.362;0.838000000000001
2026-05-29 11:00:00;21;26.5;24.932000000000013;1.5679999999999872
2026-05-29 12:00:00;21;27.9;26.35399999999999;1.54600000000001
2026-05-29 13:00:00;21;28.1;26.935000000000006;1.1649999999999956
2026-05-29 14:00:00;21;28.5;27.520000000000024;0.9799999999999756
2026-05-29 15:00:00;21;28.7;27.636000000000028;1.0639999999999716
2026-05-29 16:00:00;21;28.6;27.644000000000027;0.9559999999999746
2026-05-29 17:00:00;21;28.0;27.472000000000016;0.5279999999999845
2026-05-29 18:00:00;21;27.4;27.307000000000013;0.09299999999998576
2026-05-29 19:00:00;21;26.1;26.26400000000002;-0.16400000000001924
2026-05-29 20:00:00;21;24.8;24.709;0.09100000000000108
2026-05-29 21:00:00;21;24.0;23.741999999999983;0.2580000000000169
2026-05-29 22:00:00;21;23.0;22.942000000000004;0.05799999999999628
2026-05-29 23:00:00;21;21.9;22.122000000000007;-0.2220000000000084
2026-05-30 00:00:00;21;20.4;20.716000000000005;-0.31600000000000605
2026-05-30 01:00:00;21;20.0;19.310000000000002;0.6899999999999977
2026-05-30 02:00:00;21;18.6;18.90500000000001;-0.3050000000000068
2026-05-30 03:00:00;21;18.1;17.704000000000004;0.39599999999999724
2026-05-30 04:00:00;21;18.3;18.68699999999999;-0.3869999999999898
2026-05-30 05:00:00;21;19.0;18.770999999999997;0.22900000000000276
2026-05-30 06:00:00;21;20.0;18.804000000000002;1.195999999999998
2026-05-30 07:00:00;21;21.6;19.917;1.6829999999999998
2026-05-30 08:00:00;21;23.5;21.805000000000003;1.6949999999999967
2026-05-30 09:00:00;21;25.4;24.238000000000003;1.1619999999999955
2026-05-30 10:00:00;21;26.2;24.61700000000001;1.5829999999999878
2026-05-30 11:00:00;21;27.5;26.12199999999999;1.3780000000000108
2026-05-30 12:00:00;21;28.9;26.377000000000006;2.5229999999999926
2026-05-30 13:00:00;21;29.0;27.395000000000014;1.6049999999999862
2026-05-30 14:00:00;21;28.5;27.300000000000008;1.1999999999999922
2026-05-30 15:00:00;21;29.1;27.23600000000001;1.86399999999999
2026-05-30 16:00:00;21;29.0;27.262000000000025;1.7379999999999747
2026-05-30 17:00:00;21;28.8;27.11500000000002;1.684999999999981
2026-05-30 18:00:00;21;27.6;26.952000000000016;0.6479999999999855
2026-05-30 19:00:00;21;26.0;26.01700000000001;-0.017000000000010118
2026-05-30 20:00:00;21;25.0;24.013999999999996;0.9860000000000042
2026-05-30 21:00:00;21;23.9;23.174999999999986;0.7250000000000121
2026-05-30 22:00:00;21;22.8;21.254999999999995;1.5450000000000053
2026-05-30 23:00:00;21;22.0;20.586999999999993;1.4130000000000074
2026-05-13 00:00:00;22;9.9;9.983;-0.08300000000000018
2026-05-13 01:00:00;22;9.6;9.553200000000007;0.04679999999999218
2026-05-13 02:00:00;22;9.2;9.27472;-0.07472000000000101
2026-05-13 03:00:00;22;9.4;8.949639999999999;0.45036000000000165
2026-05-13 04:00:00;22;8.8;9.284919999999998;-0.48491999999999713
2026-05-13 05:00:00;22;8.4;8.529599999999999;-0.12959999999999816
2026-05-13 06:00:00;22;9.7;8.970680000000005;0.7293199999999942
2026-05-13 07:00:00;22;10.6;11.264000000000005;-0.664000000000005
2026-05-13 08:00:00;22;11.6;11.924000000000001;-0.3240000000000016
2026-05-13 09:00:00;22;12.1;12.764000000000003;-0.6640000000000033
2026-05-13 10:00:00;22;13.1;12.799000000000003;0.3009999999999966
2026-05-13 11:00:00;22;14.1;13.682999999999998;0.4170000000000016
2026-05-13 12:00:00;22;15.1;14.963000000000005;0.13699999999999513
2026-05-13 13:00:00;22;15.2;15.763999999999996;-0.5639999999999965
2026-05-13 14:00:00;22;15.1;15.347000000000003;-0.24700000000000344
2026-05-13 15:00:00;22;14.2;14.873599999999996;-0.6735999999999969
2026-05-13 16:00:00;22;13.7;13.778999999999996;-0.07899999999999707
2026-05-13 17:00:00;22;12.2;12.982000000000001;-0.7820000000000018
2026-05-13 18:00:00;22;11.2;11.326999999999998;-0.1269999999999989
2026-05-13 19:00:00;22;9.6;10.560000000000002;-0.9600000000000026
2026-05-13 20:00:00;22;9.6;9.037999999999997;0.5620000000000029
2026-05-13 21:00:00;22;9.0;9.222;-0.22199999999999953
2026-05-13 22:00:00;22;9.0;8.56908;0.4309200000000004
2026-05-13 23:00:00;22;8.6;8.775360000000001;-0.1753600000000013
2026-05-14 00:00:00;22;8.3;8.41072;-0.11071999999999882
2026-05-14 01:00:00;22;7.8;8.092920000000001;-0.2929200000000014
2026-05-14 02:00:00;22;7.3;7.484000000000002;-0.18400000000000194
2026-05-14 03:00:00;22;6.9;6.910999999999999;-0.010999999999998344
2026-05-14 04:00:00;22;6.7;6.630160000000003;0.06983999999999746
2026-05-14 05:00:00;22;6.7;6.462400000000002;0.2375999999999978
2026-05-14 06:00:00;22;8.1;7.777760000000003;0.3222399999999963
2026-05-14 07:00:00;22;8.9;9.755000000000003;-0.8550000000000022
2026-05-14 08:00:00;22;9.8;10.018999999999997;-0.21899999999999586
2026-05-14 09:00:00;22;10.4;10.707680000000003;-0.30768000000000306
2026-05-14 10:00:00;22;11.2;11.243399999999994;-0.043399999999994776
2026-05-14 11:00:00;22;9.1;12.010040000000002;-2.910040000000002
2026-05-14 12:00:00;22;11.1;9.01876;2.0812399999999993
2026-05-14 13:00:00;22;12.4;11.508680000000002;0.8913199999999986
2026-05-14 14:00:00;22;12.4;12.969000000000008;-0.5690000000000079
2026-05-14 15:00:00;22;11.6;12.411719999999995;-0.8117199999999958
2026-05-14 16:00:00;22;11.5;11.42;0.08000000000000007
2026-05-14 17:00:00;22;11.0;11.168000000000001;-0.16800000000000104
2026-05-14 18:00:00;22;9.6;10.410239999999998;-0.8102399999999985
2026-05-14 19:00:00;22;9.1;8.887999999999995;0.21200000000000507
2026-05-14 20:00:00;22;7.8;8.440999999999999;-0.6409999999999991
2026-05-14 21:00:00;22;7.3;7.018;0.28200000000000003
2026-05-14 22:00:00;22;6.7;6.867000000000003;-0.16700000000000248
2026-05-14 23:00:00;22;6.2;6.254000000000001;-0.05400000000000116
2026-05-15 00:00:00;22;6.1;5.680999999999998;0.41900000000000137
2026-05-15 01:00:00;22;5.8;5.71244;0.08755999999999986
2026-05-15 02:00:00;22;5.3;5.533560000000003;-0.23356000000000332
2026-05-15 03:00:00;22;5.1;4.886279999999997;0.21372000000000302
2026-05-15 04:00:00;22;4.6;4.877760000000002;-0.27776000000000245
2026-05-15 05:00:00;22;4.6;4.259120000000001;0.3408799999999985
2026-05-15 06:00:00;22;6.2;5.377999999999998;0.8220000000000018
2026-05-15 07:00:00;22;8.1;8.134999999999994;-0.03499999999999481
2026-05-15 08:00:00;22;9.9;9.975000000000007;-0.0750000000000064
2026-05-15 09:00:00;22;11.0;11.392999999999999;-0.3929999999999989
2026-05-15 10:00:00;22;11.6;12.143200000000006;-0.5432000000000059
2026-05-15 11:00:00;22;12.5;12.302;0.1980000000000004
2026-05-15 12:00:00;22;13.4;13.296999999999986;0.10300000000001397
2026-05-15 13:00:00;22;13.9;13.836000000000002;0.06399999999999828
2026-05-15 14:00:00;22;14.4;13.959000000000005;0.4409999999999954
2026-05-15 15:00:00;22;14.5;14.29399999999999;0.20600000000001017
2026-05-15 16:00:00;22;11.4;14.112999999999994;-2.712999999999994
2026-05-15 17:00:00;22;11.6;11.113000000000005;0.48699999999999477
2026-05-15 18:00:00;22;10.9;10.702;0.1980000000000004
2026-05-15 19:00:00;22;9.6;10.433;-0.8330000000000002
2026-05-15 20:00:00;22;8.8;9.156999999999996;-0.35699999999999577
2026-05-15 21:00:00;22;8.6;8.213000000000001;0.3869999999999987
2026-05-15 22:00:00;22;7.7;8.14612;-0.44611999999999963
2026-05-15 23:00:00;22;7.2;7.201000000000002;-0.0010000000000021103
2026-05-16 00:00:00;22;6.9;6.665000000000001;0.23499999999999943
2026-05-16 01:00:00;22;6.5;6.68;-0.17999999999999972
2026-05-16 02:00:00;22;6.1;6.161199999999999;-0.06119999999999948
2026-05-16 03:00:00;22;5.8;5.691280000000001;0.10871999999999904
2026-05-16 04:00:00;22;5.6;5.541320000000002;0.05867999999999807
2026-05-16 05:00:00;22;5.7;5.32644;0.37356000000000034
2026-05-16 06:00:00;22;7.2;7.338999999999998;-0.13899999999999757
2026-05-16 07:00:00;22;8.9;9.014999999999997;-0.11499999999999666
2026-05-16 08:00:00;22;10.5;10.401999999999997;0.09800000000000253
2026-05-16 09:00:00;22;11.3;11.946;-0.645999999999999
2026-05-16 10:00:00;22;12.4;12.276000000000003;0.123999999999997
2026-05-16 11:00:00;22;12.9;13.365999999999987;-0.46599999999998687
2026-05-16 12:00:00;22;14.4;13.373999999999999;1.0260000000000016
2026-05-16 13:00:00;22;14.6;14.839999999999993;-0.2399999999999931
2026-05-16 14:00:00;22;14.1;14.724999999999998;-0.6249999999999982
2026-05-16 15:00:00;22;14.6;13.777599999999996;0.8224000000000036
2026-05-16 16:00:00;22;14.6;14.435999999999995;0.16400000000000503
2026-05-16 17:00:00;22;14.3;14.131000000000002;0.1689999999999987
2026-05-16 18:00:00;22;14.1;13.73607999999999;0.3639200000000091
2026-05-16 19:00:00;22;13.2;13.393159999999996;-0.1931599999999971
2026-05-16 20:00:00;22;12.3;12.181000000000008;0.11899999999999267
2026-05-16 21:00:00;22;12.1;11.472999999999999;0.6270000000000007
2026-05-16 22:00:00;22;12.4;11.630680000000002;0.7693199999999987
2026-05-16 23:00:00;22;12.0;11.97396;0.026040000000000063
2026-05-17 00:00:00;22;11.4;11.644519999999998;-0.24451999999999785
2026-05-17 01:00:00;22;10.8;11.013999999999996;-0.21399999999999508
2026-05-17 02:00:00;22;10.4;10.249;0.1509999999999998
2026-05-17 03:00:00;22;10.3;10.139840000000003;0.16015999999999764
2026-05-17 04:00:00;22;10.2;10.0432;0.15679999999999872
2026-05-17 05:00:00;22;10.1;10.106760000000001;-0.006760000000001654
2026-05-17 06:00:00;22;10.6;10.685079999999996;-0.08507999999999605
2026-05-17 07:00:00;22;11.6;11.427079999999997;0.17292000000000307
2026-05-17 08:00:00;22;13.0;12.786000000000003;0.21399999999999686
2026-05-17 09:00:00;22;14.7;14.142000000000003;0.5579999999999963
2026-05-17 10:00:00;22;14.9;15.817120000000005;-0.9171200000000042
2026-05-17 11:00:00;22;15.1;15.219999999999994;-0.11999999999999389
2026-05-17 12:00:00;22;12.5;14.203199999999997;-1.7031999999999972
2026-05-17 13:00:00;22;13.4;12.267719999999997;1.1322800000000033
2026-05-17 14:00:00;22;14.5;13.496400000000001;1.0035999999999987
2026-05-17 15:00:00;22;15.7;14.566000000000004;1.133999999999995
2026-05-17 16:00:00;22;15.1;15.563000000000002;-0.46300000000000274
2026-05-17 17:00:00;22;14.9;14.181999999999992;0.7180000000000089
2026-05-17 18:00:00;22;13.8;13.878999999999998;-0.07899999999999707
2026-05-17 19:00:00;22;12.6;12.928800000000003;-0.32880000000000287
2026-05-17 20:00:00;22;11.2;11.895999999999997;-0.695999999999998
2026-05-17 21:00:00;22;11.1;10.566;0.5339999999999989
2026-05-17 22:00:00;22;10.6;10.728000000000002;-0.1280000000000019
2026-05-17 23:00:00;22;10.1;10.30664;-0.20664000000000016
2026-05-18 00:00:00;22;9.7;9.84284;-0.1428400000000014
2026-05-18 01:00:00;22;9.9;9.300000000000004;0.5999999999999961
2026-05-18 02:00:00;22;8.9;9.8134;-0.9133999999999993
2026-05-18 03:00:00;22;8.6;8.570719999999996;0.029280000000003525
2026-05-18 04:00:00;22;8.5;8.167;0.3330000000000002
2026-05-18 05:00:00;22;8.5;8.376840000000001;0.1231599999999986
2026-05-18 06:00:00;22;9.8;9.035800000000004;0.7641999999999971
2026-05-18 07:00:00;22;10.8;11.122000000000005;-0.3220000000000045
2026-05-18 08:00:00;22;11.9;11.82112000000001;0.07887999999999096
2026-05-18 09:00:00;22;13.2;12.941000000000004;0.258999999999995
2026-05-18 10:00:00;22;14.2;13.789879999999998;0.41012000000000093
2026-05-18 11:00:00;22;14.2;14.959999999999997;-0.759999999999998
2026-05-18 12:00:00;22;15.4;14.85;0.5500000000000007
2026-05-18 13:00:00;22;13.9;15.663000000000002;-1.7630000000000017
2026-05-18 14:00:00;22;13.4;13.827079999999997;-0.4270799999999966
2026-05-18 15:00:00;22;14.7;13.068320000000002;1.6316799999999976
2026-05-18 16:00:00;22;14.7;14.581999999999999;0.11800000000000033
2026-05-18 17:00:00;22;14.4;14.222999999999999;0.17700000000000138
2026-05-18 18:00:00;22;14.1;13.850999999999992;0.24900000000000766
2026-05-18 19:00:00;22;13.1;13.371159999999993;-0.27115999999999296
2026-05-18 20:00:00;22;12.1;12.162;-0.062000000000001165
2026-05-18 21:00:00;22;11.5;11.378999999999994;0.12100000000000577
2026-05-18 22:00:00;22;10.9;11.083999999999998;-0.1839999999999975
2026-05-18 23:00:00;22;11.2;10.433;0.7669999999999995
2026-05-19 00:00:00;22;11.1;11.0474;0.05259999999999998
2026-05-19 01:00:00;22;11.208;10.812640000000002;0.3953599999999984
2026-05-19 02:00:00;22;11.316;11.059720000000002;0.2562799999999985
2026-05-19 03:00:00;22;11.424;11.062800000000003;0.36119999999999663
2026-05-19 04:00:00;22;11.532;11.41752;0.11448000000000036
2026-05-19 05:00:00;22;11.64;11.539279999999996;0.10072000000000436
2026-05-19 06:00:00;22;11.748;11.983319999999999;-0.23531999999999975
2026-05-19 07:00:00;22;11.856;12.13855999999999;-0.2825599999999895
2026-05-19 08:00:00;22;11.964;12.466880000000002;-0.5028800000000011
2026-05-19 09:00:00;22;12.072;12.634759999999998;-0.562759999999999
2026-05-19 10:00:00;22;12.18;12.514359999999995;-0.3343599999999949
2026-05-19 11:00:00;22;12.288;12.748919999999993;-0.46091999999999267
2026-05-19 12:00:00;22;12.396;12.831160000000004;-0.4351600000000033
2026-05-19 13:00:00;22;12.504;12.82616;-0.3221600000000002
2026-05-19 14:00:00;22;12.612;12.573599999999997;0.038400000000002876
2026-05-19 15:00:00;22;12.72;12.461000000000002;0.25899999999999856
2026-05-19 16:00:00;22;12.828;12.650000000000002;0.17799999999999727
2026-05-19 17:00:00;22;12.936;12.456519999999998;0.47948000000000235
2026-05-19 18:00:00;22;13.044;12.646919999999998;0.39708000000000254
2026-05-19 19:00:00;22;13.152;12.640799999999995;0.5112000000000041
2026-05-19 20:00:00;22;13.260000000000002;12.756599999999999;0.5034000000000027
2026-05-19 21:00:00;22;13.368;12.819479999999999;0.5485200000000017
2026-05-19 22:00:00;22;13.476;12.877120000000001;0.5988799999999994
2026-05-19 23:00:00;22;13.584;13.097760000000003;0.4862399999999969
2026-05-20 00:00:00;22;13.692;13.264800000000003;0.42719999999999736
2026-05-20 01:00:00;22;13.8;13.438239999999997;0.36176000000000386
2026-05-20 02:00:00;22;13.2;13.461359999999996;-0.26135999999999626
2026-05-20 03:00:00;22;12.9;12.879160000000006;0.02083999999999442
2026-05-20 04:00:00;22;13.1;12.581199999999999;0.5188000000000006
2026-05-20 05:00:00;22;13.4;13.049959999999999;0.3500400000000017
2026-05-20 06:00:00;22;14.0;13.893080000000007;0.10691999999999346
2026-05-20 07:00:00;22;15.0;15.270640000000004;-0.27064000000000377
2026-05-20 08:00:00;22;15.8;15.826600000000003;-0.026600000000001955
2026-05-20 09:00:00;22;16.1;16.46;-0.35999999999999943
2026-05-20 10:00:00;22;17.1;16.62184000000001;0.4781599999999919
2026-05-20 11:00:00;22;18.0;17.803000000000004;0.19699999999999562
2026-05-20 12:00:00;22;18.4;18.985000000000003;-0.5850000000000044
2026-05-20 13:00:00;22;19.1;18.523;0.5770000000000017
2026-05-20 14:00:00;22;19.7;19.065999999999995;0.6340000000000039
2026-05-20 15:00:00;22;20.0;19.645;0.3550000000000004
2026-05-20 16:00:00;22;19.8;19.679999999999996;0.12000000000000455
2026-05-20 17:00:00;22;19.6;18.877999999999997;0.7220000000000049
2026-05-20 18:00:00;22;19.1;18.554999999999996;0.5450000000000053
2026-05-20 19:00:00;22;18.4;17.96;0.4399999999999977
2026-05-20 20:00:00;22;17.2;17.250999999999998;-0.05099999999999838
2026-05-20 21:00:00;22;16.1;16.125000000000004;-0.02500000000000213
2026-05-20 22:00:00;22;14.4;15.376999999999999;-0.9769999999999985
2026-05-20 23:00:00;22;13.6;13.954639999999998;-0.35463999999999807
2026-05-21 00:00:00;22;12.4;13.107000000000003;-0.7070000000000025
2026-05-21 01:00:00;22;11.8;12.209999999999996;-0.4099999999999948
2026-05-21 02:00:00;22;11.6;11.343000000000004;0.2569999999999961
2026-05-21 03:00:00;22;11.6;11.294599999999997;0.30540000000000234
2026-05-21 04:00:00;22;11.4;11.484640000000002;-0.08464000000000205
2026-05-21 05:00:00;22;11.6;11.26932;0.3306799999999992
2026-05-21 06:00:00;22;13.4;13.11916;0.28083999999999953
2026-05-21 07:00:00;22;15.6;15.37563999999999;0.22436000000000966
2026-05-21 08:00:00;22;18.0;17.439000000000007;0.5609999999999928
2026-05-21 09:00:00;22;20.0;19.605999999999998;0.3940000000000019
2026-05-21 10:00:00;22;21.0;21.091000000000005;-0.09100000000000463
2026-05-21 11:00:00;22;21.8;21.596000000000004;0.20399999999999707
2026-05-21 12:00:00;22;23.1;21.866999999999994;1.2330000000000076
2026-05-21 13:00:00;22;23.6;22.907000000000018;0.6929999999999836
2026-05-21 14:00:00;22;24.0;23.09499999999999;0.9050000000000082
2026-05-21 15:00:00;22;24.1;23.502;0.5980000000000025
2026-05-21 16:00:00;22;24.0;23.450999999999993;0.5490000000000066
2026-05-21 17:00:00;22;23.5;22.958;0.5420000000000016
2026-05-21 18:00:00;22;22.9;21.333;1.5670000000000002
2026-05-21 19:00:00;22;20.9;20.88799999999999;0.01200000000000756
2026-05-21 20:00:00;22;19.3;19.09700000000001;0.2029999999999923
2026-05-21 21:00:00;22;18.5;18.161000000000005;0.3389999999999951
2026-05-21 22:00:00;22;17.1;17.471999999999994;-0.3719999999999928
2026-05-21 23:00:00;22;16.0;16.196000000000005;-0.19600000000000506
2026-05-22 00:00:00;22;15.2;14.796999999999993;0.4030000000000058
2026-05-22 01:00:00;22;14.9;14.424200000000006;0.4757999999999942
2026-05-22 02:00:00;22;14.4;14.453559999999992;-0.05355999999999206
2026-05-22 03:00:00;22;14.0;14.02028;-0.02027999999999963
2026-05-22 04:00:00;22;13.6;13.463;0.13700000000000045
2026-05-22 05:00:00;22;13.7;13.272000000000002;0.42799999999999727
2026-05-22 06:00:00;22;15.6;14.351960000000009;1.2480399999999907
2026-05-22 07:00:00;22;17.8;17.516999999999992;0.28300000000000836
2026-05-22 08:00:00;22;20.1;19.156999999999993;0.9430000000000085
2026-05-22 09:00:00;22;22.6;20.951999999999998;1.6480000000000032
2026-05-22 10:00:00;22;24.7;23.238000000000007;1.4619999999999926
2026-05-22 11:00:00;22;26.0;25.313;0.6870000000000012
2026-05-22 12:00:00;22;27.5;26.300000000000015;1.199999999999985
2026-05-22 13:00:00;22;27.7;26.923999999999996;0.7760000000000034
2026-05-22 14:00:00;22;27.9;26.865999999999985;1.0340000000000131
2026-05-22 15:00:00;22;27.9;27.081999999999997;0.8180000000000014
2026-05-22 16:00:00;22;27.7;27.005999999999993;0.6940000000000062
2026-05-22 17:00:00;22;27.3;26.64100000000001;0.6589999999999918
2026-05-22 18:00:00;22;26.1;26.168000000000006;-0.06800000000000495
2026-05-22 19:00:00;22;23.9;24.114000000000004;-0.21400000000000574
2026-05-22 20:00:00;22;22.0;21.206999999999997;0.7930000000000028
2026-05-22 21:00:00;22;20.8;20.19899999999999;0.6010000000000097
2026-05-22 22:00:00;22;19.6;18.890000000000008;0.7099999999999937
2026-05-22 23:00:00;22;18.3;18.199;0.10099999999999909
2026-05-23 00:00:00;22;17.1;17.137999999999998;-0.0379999999999967
2026-05-23 01:00:00;22;16.7;16.189000000000014;0.510999999999985
2026-05-23 02:00:00;22;16.6;15.990279999999995;0.6097200000000065
2026-05-23 03:00:00;22;16.4;16.148840000000003;0.25115999999999516
2026-05-23 04:00:00;22;15.8;16.100840000000005;-0.30084000000000444
2026-05-23 05:00:00;22;15.8;15.593399999999992;0.20660000000000878
2026-05-23 06:00:00;22;17.5;16.64063999999999;0.8593600000000094
2026-05-23 07:00:00;22;19.7;17.351000000000003;2.3489999999999966
2026-05-23 08:00:00;22;22.2;21.768999999999984;0.43100000000001515
2026-05-23 09:00:00;22;24.8;22.534000000000002;2.2659999999999982
2026-05-23 10:00:00;22;26.9;25.253;1.6469999999999985
2026-05-23 11:00:00;22;27.8;26.522000000000006;1.2779999999999951
2026-05-23 12:00:00;22;28.8;27.112;1.6880000000000024
2026-05-23 13:00:00;22;29.0;27.733;1.2669999999999995
2026-05-23 14:00:00;22;29.1;27.442000000000004;1.6579999999999977
2026-05-23 15:00:00;22;29.0;27.241000000000014;1.7589999999999861
2026-05-23 16:00:00;22;28.5;27.107000000000017;1.392999999999983
2026-05-23 17:00:00;22;27.5;26.80500000000002;0.694999999999979
2026-05-23 18:00:00;22;26.2;25.96200000000002;0.23799999999997823
2026-05-23 19:00:00;22;24.5;24.115999999999996;0.3840000000000039
2026-05-23 20:00:00;22;23.2;22.018999999999995;1.1810000000000045
2026-05-23 21:00:00;22;22.5;21.249000000000002;1.2509999999999977
2026-05-23 22:00:00;22;21.4;20.869;0.5309999999999988
2026-05-23 23:00:00;22;20.3;20.138000000000005;0.16199999999999548
2026-05-24 00:00:00;22;19.1;18.695000000000004;0.4049999999999976
2026-05-24 01:00:00;22;18.5;17.971000000000004;0.5289999999999964
2026-05-24 02:00:00;22;18.0;17.644000000000002;0.3559999999999981
2026-05-24 03:00:00;22;17.5;17.49299999999999;0.007000000000008555
2026-05-24 04:00:00;22;17.1;16.573;0.527000000000001
2026-05-24 05:00:00;22;17.4;16.85600000000001;0.5439999999999898
2026-05-24 06:00:00;22;19.1;17.292;1.8079999999999998
2026-05-24 07:00:00;22;21.1;19.347000000000005;1.7529999999999966
2026-05-24 08:00:00;22;23.2;21.303;1.8969999999999985
2026-05-24 09:00:00;22;25.1;22.424;2.676000000000002
2026-05-24 10:00:00;22;27.0;24.27500000000001;2.7249999999999908
2026-05-24 11:00:00;22;28.5;26.447000000000003;2.0529999999999973
2026-05-24 12:00:00;22;30.4;27.495000000000015;2.9049999999999834
2026-05-24 13:00:00;22;31.0;27.557000000000006;3.4429999999999943
2026-05-24 14:00:00;22;31.5;27.321000000000012;4.178999999999988
2026-05-24 15:00:00;22;31.2;27.113000000000028;4.086999999999971
2026-05-24 16:00:00;22;30.1;26.968000000000014;3.1319999999999872
2026-05-24 17:00:00;22;29.0;26.80900000000002;2.190999999999981
2026-05-24 18:00:00;22;27.7;26.771000000000022;0.9289999999999772
2026-05-24 19:00:00;22;26.6;25.970000000000013;0.6299999999999883
2026-05-24 20:00:00;22;25.5;24.754999999999995;0.7450000000000045
2026-05-24 21:00:00;22;24.5;23.314;1.186
2026-05-24 22:00:00;22;24.0;22.165000000000006;1.8349999999999937
2026-05-24 23:00:00;22;23.2;21.598999999999993;1.6010000000000062
2026-05-25 00:00:00;22;22.0;21.137000000000004;0.862999999999996
2026-05-25 01:00:00;22;21.2;20.006999999999994;1.193000000000005
2026-05-25 02:00:00;22;20.5;19.430000000000007;1.0699999999999932
2026-05-25 03:00:00;22;20.0;18.748000000000008;1.2519999999999918
2026-05-25 04:00:00;22;19.5;18.719;0.7809999999999988
2026-05-25 05:00:00;22;19.6;18.357;1.243000000000002
2026-05-25 06:00:00;22;21.2;18.634000000000004;2.5659999999999954
2026-05-25 07:00:00;22;23.0;20.406999999999993;2.593000000000007
2026-05-25 08:00:00;22;25.0;21.319999999999997;3.6800000000000033
2026-05-25 09:00:00;22;27.0;24.025000000000006;2.9749999999999943
2026-05-25 10:00:00;22;28.8;26.403000000000002;2.3969999999999985
2026-05-25 11:00:00;22;30.4;27.441000000000013;2.9589999999999854
2026-05-25 12:00:00;22;32.3;27.481000000000012;4.818999999999985
2026-05-25 13:00:00;22;33.0;27.45100000000001;5.548999999999989
2026-05-25 14:00:00;22;33.5;27.87500000000001;5.624999999999989
2026-05-25 15:00:00;22;33.5;27.839000000000013;5.660999999999987
2026-05-25 16:00:00;22;33.1;27.80600000000002;5.293999999999983
2026-05-25 17:00:00;22;32.0;27.39300000000002;4.6069999999999816
2026-05-25 18:00:00;22;30.9;27.025000000000023;3.874999999999975
2026-05-25 19:00:00;22;28.9;26.966000000000022;1.9339999999999762
2026-05-25 20:00:00;22;26.0;27.071000000000012;-1.0710000000000122
2026-05-25 21:00:00;22;24.5;24.00799999999999;0.49200000000001154
2026-05-25 22:00:00;22;23.8;21.828999999999997;1.9710000000000036
2026-05-25 23:00:00;22;23.2;21.435;1.7650000000000006
2026-05-26 00:00:00;22;22.1;21.237000000000002;0.8629999999999995
2026-05-26 01:00:00;22;21.3;20.07599999999999;1.2240000000000109
2026-05-26 02:00:00;22;20.6;19.562000000000005;1.0379999999999967
2026-05-26 03:00:00;22;20.1;18.847;1.2530000000000001
2026-05-26 04:00:00;22;19.3;18.726000000000003;0.5739999999999981
2026-05-26 05:00:00;22;19.1;18.196000000000005;0.9039999999999964
2026-05-26 06:00:00;22;21.0;18.18700000000001;2.8129999999999917
2026-05-26 07:00:00;22;22.9;20.527;2.3729999999999976
2026-05-26 08:00:00;22;25.0;21.036000000000005;3.963999999999995
2026-05-26 09:00:00;22;27.1;24.171000000000006;2.928999999999995
2026-05-26 10:00:00;22;29.1;26.55900000000001;2.5409999999999897
2026-05-26 11:00:00;22;30.8;27.575000000000003;3.224999999999998
2026-05-26 12:00:00;22;32.7;27.694000000000006;5.005999999999997
2026-05-26 13:00:00;22;33.4;28.100000000000005;5.299999999999994
2026-05-26 14:00:00;22;33.5;28.117000000000004;5.382999999999996
2026-05-26 15:00:00;22;33.5;28.05500000000001;5.44499999999999
2026-05-26 16:00:00;22;33.2;28.006000000000007;5.1939999999999955
2026-05-26 17:00:00;22;32.7;27.754000000000016;4.945999999999987
2026-05-26 18:00:00;22;31.8;27.686000000000014;4.113999999999987
2026-05-26 19:00:00;22;30.8;27.06100000000002;3.7389999999999795
2026-05-26 20:00:00;22;27.8;27.01200000000001;0.7879999999999896
2026-05-26 21:00:00;22;26.0;26.155000000000015;-0.15500000000001535
2026-05-26 22:00:00;22;25.0;24.055999999999994;0.9440000000000062
2026-05-26 23:00:00;22;23.9;23.064999999999994;0.8350000000000044
2026-05-27 00:00:00;22;21.8;21.381;0.4190000000000005
2026-05-27 01:00:00;22;21.3;19.863;1.4370000000000012
2026-05-27 02:00:00;22;20.4;19.596000000000007;0.8039999999999914
2026-05-27 03:00:00;22;19.5;18.651000000000003;0.8489999999999966
2026-05-27 04:00:00;22;19.0;18.274;0.7259999999999991
2026-05-27 05:00:00;22;19.0;18.009;0.9909999999999997
2026-05-27 06:00:00;22;20.8;18.328000000000003;2.4719999999999978
2026-05-27 07:00:00;22;22.8;20.682000000000002;2.1179999999999986
2026-05-27 08:00:00;22;25.2;20.803999999999995;4.396000000000004
2026-05-27 09:00:00;22;27.6;24.43100000000001;3.16899999999999
2026-05-27 10:00:00;22;29.5;26.842000000000006;2.657999999999994
2026-05-27 11:00:00;22;30.6;27.506999999999998;3.0930000000000035
2026-05-27 12:00:00;22;32.2;27.468000000000004;4.731999999999999
2026-05-27 13:00:00;22;32.3;27.34000000000001;4.959999999999987
2026-05-27 14:00:00;22;32.1;27.420000000000012;4.679999999999989
2026-05-27 15:00:00;22;31.3;27.369000000000018;3.930999999999983
2026-05-27 16:00:00;22;31.3;27.352000000000018;3.9479999999999826
2026-05-27 17:00:00;22;30.9;27.14200000000002;3.757999999999978
2026-05-27 18:00:00;22;28.8;26.85500000000002;1.944999999999979
2026-05-27 19:00:00;22;27.1;26.826000000000022;0.2739999999999796
2026-05-27 20:00:00;22;25.6;25.824000000000016;-0.2240000000000144
2026-05-27 21:00:00;22;24.5;23.880999999999986;0.619000000000014
2026-05-27 22:00:00;22;23.5;22.604999999999997;0.8950000000000031
2026-05-27 23:00:00;22;22.9;22.05300000000001;0.8469999999999871
2026-05-28 00:00:00;22;21.3;20.866000000000003;0.4339999999999975
2026-05-28 01:00:00;22;20.6;19.79000000000001;0.8099999999999916
2026-05-28 02:00:00;22;19.9;18.98800000000001;0.9119999999999884
2026-05-28 03:00:00;22;19.2;18.772000000000002;0.42799999999999727
2026-05-28 04:00:00;22;18.6;18.140000000000004;0.4599999999999973
2026-05-28 05:00:00;22;18.6;18.08;0.5200000000000031
2026-05-28 06:00:00;22;20.1;18.284999999999993;1.8150000000000084
2026-05-28 07:00:00;22;22.4;19.928999999999995;2.4710000000000036
2026-05-28 08:00:00;22;25.0;20.981000000000005;4.018999999999995
2026-05-28 09:00:00;22;27.5;24.36400000000001;3.1359999999999886
2026-05-28 10:00:00;22;29.5;26.85100000000001;2.6489999999999903
2026-05-28 11:00:00;22;30.6;27.555;3.0450000000000017
2026-05-28 12:00:00;22;31.6;27.650999999999996;3.949000000000005
2026-05-28 13:00:00;22;32.1;27.451000000000004;4.648999999999997
2026-05-28 14:00:00;22;32.3;27.431000000000008;4.868999999999989
2026-05-28 15:00:00;22;30.5;27.324000000000016;3.175999999999984
2026-05-28 16:00:00;22;28.9;26.91000000000002;1.9899999999999771
2026-05-28 17:00:00;22;24.6;26.873000000000026;-2.2730000000000246
2026-05-28 18:00:00;22;26.0;22.451999999999995;3.5480000000000054
2026-05-28 19:00:00;22;25.0;24.082999999999988;0.9170000000000122
2026-05-28 20:00:00;22;23.7;23.03799999999998;0.6620000000000203
2026-05-28 21:00:00;22;23.0;20.611999999999995;2.3880000000000052
2026-05-28 22:00:00;22;21.9;20.304999999999993;1.595000000000006
2026-05-28 23:00:00;22;21.4;19.88;1.5199999999999996
2026-05-29 00:00:00;22;22.4;19.913000000000007;2.486999999999991
2026-05-29 01:00:00;22;21.3;19.86899999999999;1.4310000000000116
2026-05-29 02:00:00;22;20.5;19.650000000000006;0.8499999999999943
2026-05-29 03:00:00;22;19.8;18.813000000000002;0.9869999999999983
2026-05-29 04:00:00;22;19.4;18.716000000000005;0.683999999999994
2026-05-29 05:00:00;22;19.4;18.302;1.097999999999999
2026-05-29 06:00:00;22;21.5;18.586000000000002;2.913999999999998
2026-05-29 07:00:00;22;23.5;20.627000000000006;2.872999999999994
2026-05-29 08:00:00;22;25.5;21.848000000000003;3.6519999999999975
2026-05-29 09:00:00;22;27.6;25.016000000000012;2.583999999999989
2026-05-29 10:00:00;22;29.7;26.91900000000001;2.780999999999988
2026-05-29 11:00:00;22;31.0;27.729000000000006;3.2709999999999937
2026-05-29 12:00:00;22;32.0;27.662000000000006;4.337999999999994
2026-05-29 13:00:00;22;32.5;27.827000000000012;4.672999999999988
2026-05-29 14:00:00;22;32.8;28.078000000000007;4.721999999999991
2026-05-29 15:00:00;22;32.8;28.01800000000001;4.781999999999986
2026-05-29 16:00:00;22;32.7;27.976000000000013;4.7239999999999895
2026-05-29 17:00:00;22;32.1;27.743000000000006;4.356999999999996
2026-05-29 18:00:00;22;31.0;27.713000000000008;3.286999999999992
2026-05-29 19:00:00;22;28.7;26.945000000000018;1.7549999999999812
2026-05-29 20:00:00;22;26.5;27.06500000000001;-0.5650000000000084
2026-05-29 21:00:00;22;25.1;24.484999999999996;0.6150000000000055
2026-05-29 22:00:00;22;24.2;22.932999999999996;1.267000000000003
2026-05-29 23:00:00;22;23.4;22.037999999999997;1.3620000000000019
2026-05-30 00:00:00;22;21.3;20.651000000000014;0.6489999999999867
2026-05-30 01:00:00;22;20.5;19.446000000000005;1.053999999999995
2026-05-30 02:00:00;22;20.0;18.80700000000001;1.1929999999999907
2026-05-30 03:00:00;22;19.4;18.817000000000007;0.5829999999999913
2026-05-30 04:00:00;22;18.8;18.340000000000003;0.4599999999999973
2026-05-30 05:00:00;22;19.5;17.895000000000003;1.6049999999999969
2026-05-30 06:00:00;22;20.4;18.512;1.8879999999999981
2026-05-30 07:00:00;22;22.2;20.676999999999992;1.5230000000000068
2026-05-30 08:00:00;22;24.5;19.423000000000005;5.076999999999995
2026-05-30 09:00:00;22;26.4;23.725000000000005;2.6749999999999936
2026-05-30 10:00:00;22;28.4;25.92199999999999;2.4780000000000086
2026-05-30 11:00:00;22;29.9;27.441000000000003;2.458999999999996
2026-05-30 12:00:00;22;31.5;27.605000000000018;3.894999999999982
2026-05-30 13:00:00;22;32.0;27.483000000000015;4.516999999999985
2026-05-30 14:00:00;22;32.4;27.677000000000003;4.722999999999995
2026-05-30 15:00:00;22;31.9;27.62500000000001;4.274999999999988
2026-05-30 16:00:00;22;31.0;27.483000000000008;3.5169999999999924
2026-05-30 17:00:00;22;30.4;27.11800000000002;3.2819999999999787
2026-05-30 18:00:00;22;28.0;26.89800000000002;1.101999999999979
2026-05-30 19:00:00;22;26.4;26.37900000000001;0.020999999999990138
2026-05-30 20:00:00;22;24.3;24.407999999999998;-0.10799999999999699
2026-05-30 21:00:00;22;23.1;21.489999999999995;1.6100000000000065
2026-05-30 22:00:00;22;22.3;19.494999999999994;2.805000000000007
2026-05-30 23:00:00;22;21.8;19.617;2.183
2026-05-13 00:00:00;23;9.4;8.968;0.4320000000000004
2026-05-13 01:00:00;23;9.3;9.308319999999998;-0.008319999999997663
2026-05-13 02:00:00;23;9.2;9.130079999999998;0.06992000000000154
2026-05-13 03:00:00;23;8.9;9.0386;-0.13860000000000028
2026-05-13 04:00:00;23;8.2;8.586320000000002;-0.3863200000000031
2026-05-13 05:00:00;23;8.1;7.822640000000004;0.2773599999999954
2026-05-13 06:00:00;23;9.8;8.408920000000002;1.3910799999999988
2026-05-13 07:00:00;23;10.9;11.539999999999997;-0.639999999999997
2026-05-13 08:00:00;23;11.3;12.017120000000007;-0.7171200000000066
2026-05-13 09:00:00;23;11.4;11.54812;-0.14812000000000047
2026-05-13 10:00:00;23;10.8;11.8918;-1.0917999999999992
2026-05-13 11:00:00;23;11.4;10.85376;0.546240000000001
2026-05-13 12:00:00;23;11.6;11.834719999999995;-0.23471999999999582
2026-05-13 13:00:00;23;13.2;11.6786;1.5213999999999999
2026-05-13 14:00:00;23;12.4;13.313840000000003;-0.9138400000000022
2026-05-13 15:00:00;23;10.6;12.148;-1.548
2026-05-13 16:00:00;23;10.1;10.244000000000002;-0.1440000000000019
2026-05-13 17:00:00;23;10.6;9.881079999999995;0.7189200000000042
2026-05-13 18:00:00;23;9.6;10.398520000000001;-0.7985200000000017
2026-05-13 19:00:00;23;9.2;9.042679999999997;0.15732000000000212
2026-05-13 20:00:00;23;8.5;8.861040000000001;-0.3610400000000009
2026-05-13 21:00:00;23;7.5;7.888599999999998;-0.3885999999999976
2026-05-13 22:00:00;23;7.2;6.95904;0.24096000000000029
2026-05-13 23:00:00;23;6.8;6.7920000000000025;0.007999999999997343
2026-05-14 00:00:00;23;7.2;6.795920000000002;0.4040799999999978
2026-05-14 01:00:00;23;6.7;6.980000000000005;-0.2800000000000047
2026-05-14 02:00:00;23;6.2;6.475800000000006;-0.2758000000000056
2026-05-14 03:00:00;23;6.1;5.937479999999999;0.16252000000000066
2026-05-14 04:00:00;23;5.8;5.7504399999999976;0.04956000000000227
2026-05-14 05:00:00;23;5.8;5.558440000000003;0.2415599999999971
2026-05-14 06:00:00;23;7.1;7.198999999999997;-0.09899999999999753
2026-05-14 07:00:00;23;8.3;8.419999999999998;-0.11999999999999744
2026-05-14 08:00:00;23;8.1;9.586999999999998;-1.4869999999999983
2026-05-14 09:00:00;23;9.3;8.762599999999997;0.5374000000000034
2026-05-14 10:00:00;23;10.7;10.540000000000003;0.1599999999999966
2026-05-14 11:00:00;23;9.7;11.81199999999999;-2.111999999999991
2026-05-14 12:00:00;23;11.9;10.035199999999996;1.8648000000000042
2026-05-14 13:00:00;23;10.2;12.365999999999996;-2.165999999999997
2026-05-14 14:00:00;23;10.9;10.215239999999996;0.6847600000000043
2026-05-14 15:00:00;23;11.2;10.72428;0.47571999999999903
2026-05-14 16:00:00;23;10.4;11.185000000000004;-0.7850000000000037
2026-05-14 17:00:00;23;9.7;10.097959999999999;-0.3979599999999994
2026-05-14 18:00:00;23;8.4;9.041000000000004;-0.6410000000000036
2026-05-14 19:00:00;23;7.8;7.6230000000000055;0.17699999999999427
2026-05-14 20:00:00;23;7.1;7.227000000000003;-0.12700000000000333
2026-05-14 21:00:00;23;6.2;6.4579999999999975;-0.25799999999999734
2026-05-14 22:00:00;23;5.7;5.522999999999999;0.17700000000000138
2026-05-14 23:00:00;23;5.4;5.18136;0.2186400000000006
2026-05-15 00:00:00;23;4.6;5.095039999999999;-0.4950399999999995
2026-05-15 01:00:00;23;3.9;4.1059600000000005;-0.2059600000000006
2026-05-15 02:00:00;23;3.5;3.5799999999999987;-0.07999999999999874
2026-05-15 03:00:00;23;3.2;3.127480000000001;0.07251999999999903
2026-05-15 04:00:00;23;3.0;2.931000000000001;0.06899999999999906
2026-05-15 05:00:00;23;3.4;2.915000000000001;0.484999999999999
2026-05-15 06:00:00;23;5.5;4.359;1.141
2026-05-15 07:00:00;23;7.8;7.169000000000003;0.6309999999999967
2026-05-15 08:00:00;23;9.6;9.550999999999995;0.04900000000000482
2026-05-15 09:00:00;23;10.6;11.136999999999993;-0.5369999999999937
2026-05-15 10:00:00;23;11.1;11.53099999999999;-0.4309999999999903
2026-05-15 11:00:00;23;9.1;11.44932;-2.3493200000000005
2026-05-15 12:00:00;23;10.8;9.17288;1.6271200000000015
2026-05-15 13:00:00;23;12.2;11.41832;0.7816799999999997
2026-05-15 14:00:00;23;9.8;12.330999999999996;-2.5309999999999953
2026-05-15 15:00:00;23;10.6;9.479359999999996;1.1206400000000034
2026-05-15 16:00:00;23;11.4;10.408800000000008;0.9911999999999921
2026-05-15 17:00:00;23;10.0;11.147;-1.1470000000000002
2026-05-15 18:00:00;23;8.9;9.236119999999994;-0.336119999999994
2026-05-15 19:00:00;23;8.6;8.141000000000002;0.45899999999999785
2026-05-15 20:00:00;23;7.8;8.083999999999998;-0.28399999999999803
2026-05-15 21:00:00;23;7.6;7.212;0.3879999999999999
2026-05-15 22:00:00;23;7.3;6.919999999999999;0.3800000000000008
2026-05-15 23:00:00;23;6.9;7.1379600000000005;-0.23796000000000017
2026-05-16 00:00:00;23;6.9;6.563760000000002;0.3362399999999983
2026-05-16 01:00:00;23;6.3;6.623240000000002;-0.32324000000000197
2026-05-16 02:00:00;23;5.9;5.939240000000003;-0.03924000000000305
2026-05-16 03:00:00;23;5.3;5.5415600000000005;-0.24156000000000066
2026-05-16 04:00:00;23;5.5;5.022239999999999;0.47776000000000085
2026-05-16 05:00:00;23;5.8;5.227399999999999;0.5726000000000004
2026-05-16 06:00:00;23;6.9;7.254959999999994;-0.35495999999999395
2026-05-16 07:00:00;23;8.2;8.399999999999999;-0.1999999999999993
2026-05-16 08:00:00;23;9.9;9.835000000000008;0.0649999999999924
2026-05-16 09:00:00;23;11.5;11.356000000000002;0.14399999999999835
2026-05-16 10:00:00;23;9.9;12.634000000000004;-2.7340000000000035
2026-05-16 11:00:00;23;11.7;9.970280000000004;1.729719999999995
2026-05-16 12:00:00;23;12.7;12.79299999999999;-0.09299999999999109
2026-05-16 13:00:00;23;12.9;13.364000000000003;-0.4640000000000022
2026-05-16 14:00:00;23;14.1;13.069;1.0309999999999988
2026-05-16 15:00:00;23;13.9;13.884999999999986;0.01500000000001478
2026-05-16 16:00:00;23;13.6;13.331;0.26900000000000013
2026-05-16 17:00:00;23;13.4;13.086000000000004;0.3139999999999965
2026-05-16 18:00:00;23;13.1;12.64200000000001;0.4579999999999895
2026-05-16 19:00:00;23;11.1;12.359000000000004;-1.259000000000004
2026-05-16 20:00:00;23;10.1;10.340000000000002;-0.240000000000002
2026-05-16 21:00:00;23;9.7;9.386999999999995;0.31300000000000416
2026-05-16 22:00:00;23;9.9;9.398000000000001;0.5019999999999989
2026-05-16 23:00:00;23;9.9;9.766720000000003;0.1332799999999974
2026-05-17 00:00:00;23;10.2;9.748000000000003;0.4519999999999964
2026-05-17 01:00:00;23;10.2;10.230320000000004;-0.03032000000000501
2026-05-17 02:00:00;23;10.1;10.143880000000006;-0.0438800000000068
2026-05-17 03:00:00;23;9.8;9.973999999999995;-0.17399999999999416
2026-05-17 04:00:00;23;9.8;9.510759999999996;0.2892400000000048
2026-05-17 05:00:00;23;10.1;9.645919999999997;0.4540800000000029
2026-05-17 06:00:00;23;10.9;10.692159999999996;0.20784000000000447
2026-05-17 07:00:00;23;11.9;11.597000000000001;0.30299999999999905
2026-05-17 08:00:00;23;13.1;12.803999999999997;0.2960000000000029
2026-05-17 09:00:00;23;14.1;13.805000000000005;0.2949999999999946
2026-05-17 10:00:00;23;14.9;15.13532;-0.23531999999999975
2026-05-17 11:00:00;23;14.2;15.174999999999994;-0.9749999999999943
2026-05-17 12:00:00;23;13.6;14.131680000000001;-0.5316800000000015
2026-05-17 13:00:00;23;14.4;14.03;0.370000000000001
2026-05-17 14:00:00;23;15.2;14.539800000000003;0.6601999999999961
2026-05-17 15:00:00;23;12.1;14.986599999999994;-2.8865999999999943
2026-05-17 16:00:00;23;12.1;12.145439999999999;-0.04543999999999926
2026-05-17 17:00:00;23;11.4;11.752000000000002;-0.3520000000000021
2026-05-17 18:00:00;23;11.9;10.728919999999999;1.1710800000000017
2026-05-17 19:00:00;23;11.2;11.643439999999996;-0.44343999999999717
2026-05-17 20:00:00;23;10.4;10.835800000000004;-0.43580000000000396
2026-05-17 21:00:00;23;9.9;9.995000000000008;-0.09500000000000774
2026-05-17 22:00:00;23;9.2;9.625720000000003;-0.42572000000000365
2026-05-17 23:00:00;23;8.9;8.708;0.19200000000000017
2026-05-18 00:00:00;23;8.6;8.710959999999998;-0.11095999999999862
2026-05-18 01:00:00;23;8.4;8.168960000000006;0.2310399999999948
2026-05-18 02:00:00;23;8.0;8.142080000000004;-0.14208000000000354
2026-05-18 03:00:00;23;7.4;7.7756799999999995;-0.3756799999999991
2026-05-18 04:00:00;23;7.2;7.164000000000002;0.03599999999999781
2026-05-18 05:00:00;23;7.6;6.938599999999997;0.6614000000000022
2026-05-18 06:00:00;23;9.2;8.67268;0.5273199999999996
2026-05-18 07:00:00;23;10.6;10.981999999999994;-0.38199999999999434
2026-05-18 08:00:00;23;11.6;12.026;-0.42600000000000016
2026-05-18 09:00:00;23;12.1;12.634;-0.5340000000000007
2026-05-18 10:00:00;23;13.1;12.856;0.24399999999999977
2026-05-18 11:00:00;23;12.9;13.466000000000006;-0.566000000000006
2026-05-18 12:00:00;23;12.8;13.33804;-0.5380399999999987
2026-05-18 13:00:00;23;13.2;13.29787999999999;-0.09787999999999109
2026-05-18 14:00:00;23;12.4;13.473480000000002;-1.0734800000000018
2026-05-18 15:00:00;23;13.4;12.353599999999997;1.0464000000000038
2026-05-18 16:00:00;23;14.1;13.107720000000008;0.9922799999999921
2026-05-18 17:00:00;23;13.5;13.818999999999987;-0.3189999999999866
2026-05-18 18:00:00;23;12.7;12.478999999999994;0.22100000000000541
2026-05-18 19:00:00;23;11.6;12.136720000000002;-0.5367200000000025
2026-05-18 20:00:00;23;10.4;10.980000000000002;-0.5800000000000018
2026-05-18 21:00:00;23;9.6;9.839000000000004;-0.23900000000000432
2026-05-18 22:00:00;23;9.1;9.314;-0.2140000000000004
2026-05-18 23:00:00;23;9.3;8.64;0.6600000000000001
2026-05-19 00:00:00;23;9.0;9.269800000000002;-0.2698000000000018
2026-05-19 01:00:00;23;9.14;8.74916;0.39084000000000074
2026-05-19 02:00:00;23;9.28;8.845119999999998;0.4348800000000015
2026-05-19 03:00:00;23;9.42;9.079480000000004;0.34051999999999616
2026-05-19 04:00:00;23;9.56;9.323400000000003;0.23659999999999748
2026-05-19 05:00:00;23;9.7;9.568119999999999;0.13188000000000066
2026-05-19 06:00:00;23;9.84;9.973160000000002;-0.13316000000000194
2026-05-19 07:00:00;23;9.98;10.244879999999998;-0.264879999999998
2026-05-19 08:00:00;23;10.12;10.400879999999995;-0.28087999999999624
2026-05-19 09:00:00;23;10.26;10.429399999999998;-0.16939999999999777
2026-05-19 10:00:00;23;10.4;10.50752;-0.10751999999999917
2026-05-19 11:00:00;23;10.54;10.642520000000005;-0.1025200000000055
2026-05-19 12:00:00;23;10.68;10.635440000000001;0.04455999999999882
2026-05-19 13:00:00;23;10.82;10.86628;-0.04627999999999943
2026-05-19 14:00:00;23;10.96;10.812640000000005;0.1473599999999955
2026-05-19 15:00:00;23;11.1;10.882400000000004;0.21759999999999557
2026-05-19 16:00:00;23;11.24;11.004279999999996;0.23572000000000415
2026-05-19 17:00:00;23;11.38;11.228359999999991;0.15164000000000932
2026-05-19 18:00:00;23;11.52;11.067;0.4529999999999994
2026-05-19 19:00:00;23;11.66;11.296239999999997;0.36376000000000275
2026-05-19 20:00:00;23;11.8;11.532399999999996;0.26760000000000517
2026-05-19 21:00:00;23;11.94;11.696159999999997;0.24384000000000228
2026-05-19 22:00:00;23;12.08;11.784920000000005;0.2950799999999951
2026-05-19 23:00:00;23;12.22;11.767840000000003;0.45215999999999745
2026-05-20 00:00:00;23;12.36;11.957160000000002;0.40283999999999764
2026-05-20 01:00:00;23;12.5;12.065880000000002;0.4341199999999983
2026-05-20 02:00:00;23;12.2;12.140520000000004;0.059479999999995314
2026-05-20 03:00:00;23;11.9;11.883480000000002;0.016519999999998092
2026-05-20 04:00:00;23;11.7;11.5272;0.17279999999999873
2026-05-20 05:00:00;23;11.7;11.482280000000003;0.21771999999999636
2026-05-20 06:00:00;23;12.7;11.925040000000006;0.774959999999993
2026-05-20 07:00:00;23;13.7;14.133639999999996;-0.4336399999999969
2026-05-20 08:00:00;23;14.1;14.641000000000002;-0.5410000000000021
2026-05-20 09:00:00;23;15.2;14.930480000000005;0.26951999999999465
2026-05-20 10:00:00;23;16.2;16.147000000000002;0.05299999999999727
2026-05-20 11:00:00;23;17.5;16.815640000000002;0.6843599999999981
2026-05-20 12:00:00;23;18.1;17.869999999999997;0.23000000000000398
2026-05-20 13:00:00;23;18.2;18.475;-0.27500000000000213
2026-05-20 14:00:00;23;16.7;17.700999999999997;-1.0009999999999977
2026-05-20 15:00:00;23;18.0;15.842960000000003;2.1570399999999967
2026-05-20 16:00:00;23;17.0;17.782000000000004;-0.7820000000000036
2026-05-20 17:00:00;23;16.3;15.949999999999996;0.350000000000005
2026-05-20 18:00:00;23;16.0;15.151000000000002;0.8489999999999984
2026-05-20 19:00:00;23;14.9;15.190800000000003;-0.2908000000000026
2026-05-20 20:00:00;23;13.6;14.107999999999999;-0.5079999999999991
2026-05-20 21:00:00;23;12.6;12.860000000000003;-0.26000000000000334
2026-05-20 22:00:00;23;12.0;12.154000000000002;-0.1540000000000017
2026-05-20 23:00:00;23;11.6;11.708959999999998;-0.10895999999999795
2026-05-21 00:00:00;23;10.5;11.248599999999996;-0.7485999999999962
2026-05-21 01:00:00;23;9.6;10.049;-0.44899999999999984
2026-05-21 02:00:00;23;9.1;9.221999999999998;-0.12199999999999811
2026-05-21 03:00:00;23;8.6;8.990000000000002;-0.39000000000000234
2026-05-21 04:00:00;23;8.1;8.266040000000004;-0.16604000000000418
2026-05-21 05:00:00;23;8.8;7.75252;1.047480000000001
2026-05-21 06:00:00;23;11.4;10.586999999999996;0.8130000000000042
2026-05-21 07:00:00;23;14.0;13.636999999999992;0.3630000000000084
2026-05-21 08:00:00;23;16.1;15.876000000000008;0.2239999999999931
2026-05-21 09:00:00;23;17.6;17.526999999999997;0.07300000000000395
2026-05-21 10:00:00;23;18.5;18.538999999999998;-0.038999999999997925
2026-05-21 11:00:00;23;19.6;19.217999999999993;0.38200000000000855
2026-05-21 12:00:00;23;21.0;20.399999999999995;0.600000000000005
2026-05-21 13:00:00;23;21.4;21.374000000000002;0.02599999999999625
2026-05-21 14:00:00;23;21.7;21.122000000000003;0.5779999999999959
2026-05-21 15:00:00;23;21.9;21.401999999999997;0.4980000000000011
2026-05-21 16:00:00;23;22.0;21.212;0.7880000000000003
2026-05-21 17:00:00;23;21.8;21.183000000000003;0.6169999999999973
2026-05-21 18:00:00;23;20.8;20.561000000000007;0.23899999999999366
2026-05-21 19:00:00;23;18.8;18.707000000000015;0.09299999999998576
2026-05-21 20:00:00;23;16.8;17.278000000000002;-0.47800000000000153
2026-05-21 21:00:00;23;15.8;15.791999999999991;0.008000000000009777
2026-05-21 22:00:00;23;15.0;14.961000000000006;0.03899999999999437
2026-05-21 23:00:00;23;14.1;14.337999999999992;-0.23799999999999244
2026-05-22 00:00:00;23;12.9;13.305000000000012;-0.4050000000000118
2026-05-22 01:00:00;23;12.2;12.203999999999999;-0.0039999999999995595
2026-05-22 02:00:00;23;11.6;11.723999999999998;-0.12399999999999878
2026-05-22 03:00:00;23;11.3;11.090999999999998;0.20900000000000318
2026-05-22 04:00:00;23;10.9;10.814999999999992;0.08500000000000796
2026-05-22 05:00:00;23;11.6;10.53444;1.0655599999999996
2026-05-22 06:00:00;23;14.1;13.059760000000008;1.0402399999999918
2026-05-22 07:00:00;23;16.4;16.181839999999994;0.21816000000000457
2026-05-22 08:00:00;23;18.8;18.29;0.5100000000000016
2026-05-22 09:00:00;23;21.0;20.455000000000002;0.5449999999999982
2026-05-22 10:00:00;23;22.5;21.95000000000001;0.54999999999999
2026-05-22 11:00:00;23;23.4;22.934999999999995;0.4650000000000034
2026-05-22 12:00:00;23;24.8;23.314;1.4860000000000007
2026-05-22 13:00:00;23;25.2;24.486999999999995;0.7130000000000045
2026-05-22 14:00:00;23;25.5;24.269000000000002;1.230999999999998
2026-05-22 15:00:00;23;25.6;24.495999999999995;1.1040000000000063
2026-05-22 16:00:00;23;25.5;24.622000000000003;0.8779999999999966
2026-05-22 17:00:00;23;25.2;23.758000000000003;1.4419999999999966
2026-05-22 18:00:00;23;24.5;23.017000000000003;1.482999999999997
2026-05-22 19:00:00;23;22.5;22.054000000000002;0.44599999999999795
2026-05-22 20:00:00;23;20.6;20.482999999999997;0.11700000000000443
2026-05-22 21:00:00;23;19.4;18.59600000000001;0.8039999999999878
2026-05-22 22:00:00;23;18.4;18.159000000000002;0.2409999999999961
2026-05-22 23:00:00;23;17.7;17.124999999999996;0.5750000000000028
2026-05-23 00:00:00;23;16.0;16.24;-0.23999999999999844
2026-05-23 01:00:00;23;15.5;15.083999999999998;0.41600000000000215
2026-05-23 02:00:00;23;15.1;14.819000000000003;0.28099999999999703
2026-05-23 03:00:00;23;14.7;14.550000000000006;0.14999999999999325
2026-05-23 04:00:00;23;14.6;14.326239999999991;0.2737600000000082
2026-05-23 05:00:00;23;15.3;14.406799999999999;0.893200000000002
2026-05-23 06:00:00;23;17.5;16.446999999999996;1.0530000000000044
2026-05-23 07:00:00;23;19.9;17.473;2.4269999999999996
2026-05-23 08:00:00;23;22.6;21.74599999999997;0.8540000000000312
2026-05-23 09:00:00;23;24.8;22.379999999999992;2.420000000000009
2026-05-23 10:00:00;23;25.9;25.156000000000002;0.7439999999999962
2026-05-23 11:00:00;23;26.6;26.080000000000005;0.519999999999996
2026-05-23 12:00:00;23;28.0;26.230000000000004;1.769999999999996
2026-05-23 13:00:00;23;28.3;27.266000000000012;1.0339999999999883
2026-05-23 14:00:00;23;28.5;27.631;0.8689999999999998
2026-05-23 15:00:00;23;28.5;27.495000000000008;1.004999999999992
2026-05-23 16:00:00;23;28.5;27.447000000000003;1.0529999999999973
2026-05-23 17:00:00;23;28.1;27.146000000000008;0.9539999999999935
2026-05-23 18:00:00;23;27.0;26.831000000000007;0.16899999999999338
2026-05-23 19:00:00;23;25.0;26.089000000000002;-1.0890000000000022
2026-05-23 20:00:00;23;22.1;22.486999999999984;-0.3869999999999827
2026-05-23 21:00:00;23;20.9;20.030999999999985;0.869000000000014
2026-05-23 22:00:00;23;19.6;19.244000000000007;0.35599999999999454
2026-05-23 23:00:00;23;18.5;18.207000000000004;0.2929999999999957
2026-05-24 00:00:00;23;17.4;16.73500000000001;0.6649999999999885
2026-05-24 01:00:00;23;16.5;16.129000000000005;0.3709999999999951
2026-05-24 02:00:00;23;15.9;15.566999999999997;0.33300000000000374
2026-05-24 03:00:00;23;15.5;15.177;0.3230000000000004
2026-05-24 04:00:00;23;15.1;14.987000000000007;0.11299999999999244
2026-05-24 05:00:00;23;16.1;14.874999999999993;1.2250000000000085
2026-05-24 06:00:00;23;18.1;17.001919999999988;1.0980800000000137
2026-05-24 07:00:00;23;20.1;19.024999999999995;1.0750000000000064
2026-05-24 08:00:00;23;22.4;21.525999999999986;0.874000000000013
2026-05-24 09:00:00;23;24.6;19.828999999999997;4.771000000000004
2026-05-24 10:00:00;23;26.2;23.905;2.294999999999998
2026-05-24 11:00:00;23;27.2;26.122000000000003;1.0779999999999959
2026-05-24 12:00:00;23;28.5;26.486;2.0139999999999993
2026-05-24 13:00:00;23;29.0;27.687;1.3129999999999988
2026-05-24 14:00:00;23;29.2;27.60600000000001;1.5939999999999905
2026-05-24 15:00:00;23;29.1;27.40500000000001;1.6949999999999932
2026-05-24 16:00:00;23;28.9;27.23400000000001;1.6659999999999897
2026-05-24 17:00:00;23;28.2;27.03800000000001;1.1619999999999884
2026-05-24 18:00:00;23;27.5;27.02700000000001;0.4729999999999883
2026-05-24 19:00:00;23;25.5;26.13600000000001;-0.6360000000000099
2026-05-24 20:00:00;23;23.8;23.192999999999998;0.6070000000000029
2026-05-24 21:00:00;23;22.8;21.305999999999994;1.4940000000000069
2026-05-24 22:00:00;23;21.9;20.581999999999997;1.3180000000000014
2026-05-24 23:00:00;23;21.0;19.860999999999997;1.139000000000003
2026-05-25 00:00:00;23;19.5;19.331000000000007;0.16899999999999338
2026-05-25 01:00:00;23;18.5;18.121999999999993;0.3780000000000072
2026-05-25 02:00:00;23;17.9;17.192000000000004;0.7079999999999949
2026-05-25 03:00:00;23;17.2;17.260999999999996;-0.06099999999999639
2026-05-25 04:00:00;23;16.6;16.335000000000015;0.26499999999998636
2026-05-25 05:00:00;23;17.1;16.215680000000006;0.8843199999999953
2026-05-25 06:00:00;23;19.2;17.114000000000004;2.085999999999995
2026-05-25 07:00:00;23;21.4;19.496000000000002;1.9039999999999964
2026-05-25 08:00:00;23;23.4;20.910000000000004;2.489999999999995
2026-05-25 09:00:00;23;25.3;22.18500000000001;3.1149999999999913
2026-05-25 10:00:00;23;27.0;24.946000000000012;2.053999999999988
2026-05-25 11:00:00;23;28.3;26.436;1.8640000000000008
2026-05-25 12:00:00;23;29.5;27.46300000000002;2.0369999999999813
2026-05-25 13:00:00;23;29.8;27.447000000000017;2.3529999999999838
2026-05-25 14:00:00;23;29.9;27.351000000000013;2.5489999999999853
2026-05-25 15:00:00;23;29.6;27.19000000000002;2.4099999999999824
2026-05-25 16:00:00;23;29.2;27.134000000000018;2.065999999999981
2026-05-25 17:00:00;23;28.6;26.959000000000028;1.6409999999999734
2026-05-25 18:00:00;23;27.9;26.912000000000024;0.9879999999999747
2026-05-25 19:00:00;23;26.0;26.346000000000018;-0.34600000000001785
2026-05-25 20:00:00;23;23.9;24.032999999999987;-0.13299999999998846
2026-05-25 21:00:00;23;22.5;21.293999999999997;1.206000000000003
2026-05-25 22:00:00;23;21.1;21.047000000000008;0.05299999999999372
2026-05-25 23:00:00;23;19.9;19.57900000000001;0.3209999999999873
2026-05-26 00:00:00;23;18.4;18.558000000000003;-0.1580000000000048
2026-05-26 01:00:00;23;17.4;17.176000000000002;0.22399999999999665
2026-05-26 02:00:00;23;16.6;16.237000000000002;0.36299999999999955
2026-05-26 03:00:00;23;15.9;15.774480000000004;0.1255199999999963
2026-05-26 04:00:00;23;15.0;15.279000000000002;-0.2790000000000017
2026-05-26 05:00:00;23;15.8;14.614999999999993;1.1850000000000076
2026-05-26 06:00:00;23;18.4;16.793559999999985;1.6064400000000134
2026-05-26 07:00:00;23;20.7;19.687;1.0129999999999981
2026-05-26 08:00:00;23;23.1;21.774000000000004;1.325999999999997
2026-05-26 09:00:00;23;25.5;23.984000000000005;1.5159999999999947
2026-05-26 10:00:00;23;27.3;26.150000000000006;1.149999999999995
2026-05-26 11:00:00;23;28.2;27.22600000000001;0.9739999999999895
2026-05-26 12:00:00;23;29.0;28.364;0.6359999999999992
2026-05-26 13:00:00;23;29.5;28.316999999999997;1.1830000000000034
2026-05-26 14:00:00;23;29.8;28.24000000000001;1.5599999999999916
2026-05-26 15:00:00;23;29.8;28.00300000000001;1.79699999999999
2026-05-26 16:00:00;23;29.6;27.92000000000001;1.6799999999999926
2026-05-26 17:00:00;23;29.1;27.211000000000027;1.8889999999999745
2026-05-26 18:00:00;23;28.5;27.128000000000025;1.371999999999975
2026-05-26 19:00:00;23;26.8;26.94700000000002;-0.14700000000001978
2026-05-26 20:00:00;23;24.9;25.100000000000005;-0.2000000000000064
2026-05-26 21:00:00;23;23.0;22.703999999999986;0.2960000000000136
2026-05-26 22:00:00;23;21.8;21.49499999999999;0.3050000000000104
2026-05-26 23:00:00;23;21.0;20.635;0.36499999999999844
2026-05-27 00:00:00;23;19.1;19.396000000000004;-0.2960000000000029
2026-05-27 01:00:00;23;17.8;17.870000000000008;-0.07000000000000739
2026-05-27 02:00:00;23;17.4;17.067999999999984;0.33200000000001495
2026-05-27 03:00:00;23;16.8;16.261000000000003;0.5389999999999979
2026-05-27 04:00:00;23;15.9;15.908919999999998;-0.00891999999999804
2026-05-27 05:00:00;23;16.6;15.714199999999995;0.8858000000000068
2026-05-27 06:00:00;23;19.0;16.769320000000008;2.2306799999999924
2026-05-27 07:00:00;23;21.5;19.601999999999997;1.8980000000000032
2026-05-27 08:00:00;23;24.0;22.019000000000005;1.9809999999999945
2026-05-27 09:00:00;23;26.2;24.750999999999994;1.4490000000000052
2026-05-27 10:00:00;23;27.8;26.241000000000003;1.5589999999999975
2026-05-27 11:00:00;23;29.0;26.924000000000007;2.0759999999999934
2026-05-27 12:00:00;23;30.2;27.661000000000012;2.5389999999999873
2026-05-27 13:00:00;23;30.5;27.699000000000005;2.800999999999995
2026-05-27 14:00:00;23;30.7;27.502000000000017;3.1979999999999826
2026-05-27 15:00:00;23;30.5;27.436000000000014;3.063999999999986
2026-05-27 16:00:00;23;30.2;27.375000000000014;2.824999999999985
2026-05-27 17:00:00;23;29.5;27.078000000000024;2.4219999999999757
2026-05-27 18:00:00;23;28.9;27.016000000000016;1.8839999999999826
2026-05-27 19:00:00;23;26.9;26.960000000000015;-0.060000000000016485
2026-05-27 20:00:00;23;24.7;25.099999999999994;-0.399999999999995
2026-05-27 21:00:00;23;23.0;22.424999999999986;0.5750000000000135
2026-05-27 22:00:00;23;21.9;20.62899999999999;1.271000000000008
2026-05-27 23:00:00;23;21.1;19.901999999999994;1.1980000000000075
2026-05-28 00:00:00;23;19.8;19.32100000000001;0.4789999999999921
2026-05-28 01:00:00;23;19.0;18.308;0.6920000000000002
2026-05-28 02:00:00;23;18.1;17.780000000000005;0.31999999999999673
2026-05-28 03:00:00;23;17.4;17.433999999999987;-0.03399999999998826
2026-05-28 04:00:00;23;16.8;16.413;0.38700000000000045
2026-05-28 05:00:00;23;17.2;16.139000000000014;1.0609999999999857
2026-05-28 06:00:00;23;19.3;17.136;2.1640000000000015
2026-05-28 07:00:00;23;21.4;19.045;2.354999999999997
2026-05-28 08:00:00;23;23.4;21.76;1.639999999999997
2026-05-28 09:00:00;23;25.2;23.031999999999996;2.168000000000003
2026-05-28 10:00:00;23;26.9;24.830000000000013;2.069999999999986
2026-05-28 11:00:00;23;28.4;26.319999999999997;2.080000000000002
2026-05-28 12:00:00;23;28.4;27.54300000000001;0.8569999999999887
2026-05-28 13:00:00;23;30.2;27.603;2.5969999999999978
2026-05-28 14:00:00;23;29.2;27.443000000000005;1.7569999999999943
2026-05-28 15:00:00;23;22.6;27.37200000000001;-4.772000000000009
2026-05-28 16:00:00;23;22.5;19.67299999999999;2.827000000000009
2026-05-28 17:00:00;23;24.5;19.582000000000004;4.917999999999996
2026-05-28 18:00:00;23;24.6;21.917999999999996;2.6820000000000057
2026-05-28 19:00:00;23;23.9;22.339999999999996;1.5600000000000023
2026-05-28 20:00:00;23;22.6;20.976999999999997;1.6230000000000047
2026-05-28 21:00:00;23;21.5;19.930999999999987;1.5690000000000133
2026-05-28 22:00:00;23;21.4;19.809;1.5909999999999975
2026-05-28 23:00:00;23;20.8;19.803000000000008;0.9969999999999928
2026-05-29 00:00:00;23;21.8;19.11000000000001;2.6899999999999906
2026-05-29 01:00:00;23;21.0;19.950000000000003;1.0499999999999972
2026-05-29 02:00:00;23;21.0;19.510000000000012;1.4899999999999878
2026-05-29 03:00:00;23;20.9;19.56500000000001;1.3349999999999902
2026-05-29 04:00:00;23;20.6;19.625000000000004;0.9749999999999979
2026-05-29 05:00:00;23;21.0;19.072;1.9280000000000008
2026-05-29 06:00:00;23;22.2;19.73700000000001;2.4629999999999903
2026-05-29 07:00:00;23;24.0;20.728;3.2719999999999985
2026-05-29 08:00:00;23;26.3;23.141999999999992;3.1580000000000084
2026-05-29 09:00:00;23;28.2;25.554000000000002;2.6459999999999972
2026-05-29 10:00:00;23;29.6;27.46300000000002;2.1369999999999827
2026-05-29 11:00:00;23;30.5;27.44400000000001;3.0559999999999903
2026-05-29 12:00:00;23;30.7;27.36700000000001;3.3329999999999878
2026-05-29 13:00:00;23;30.7;27.240000000000013;3.4599999999999866
2026-05-29 14:00:00;23;29.6;27.221000000000007;2.3789999999999942
2026-05-29 15:00:00;23;26.5;27.10100000000002;-0.6010000000000204
2026-05-29 16:00:00;23;24.8;24.692999999999998;0.10700000000000287
2026-05-29 17:00:00;23;25.1;22.741999999999983;2.3580000000000183
2026-05-29 18:00:00;23;23.9;22.916999999999987;0.9830000000000112
2026-05-29 19:00:00;23;24.0;21.274;2.725999999999999
2026-05-29 20:00:00;23;22.7;21.18;1.5199999999999996
2026-05-29 21:00:00;23;20.6;20.403999999999996;0.19600000000000506
2026-05-29 22:00:00;23;20.0;18.83700000000001;1.1629999999999896
2026-05-29 23:00:00;23;19.9;18.62700000000001;1.272999999999989
2026-05-30 00:00:00;23;19.6;18.485000000000003;1.1149999999999984
2026-05-30 01:00:00;23;19.1;18.616000000000007;0.48399999999999466
2026-05-30 02:00:00;23;18.4;17.685000000000013;0.7149999999999856
2026-05-30 03:00:00;23;18.0;17.091000000000005;0.9089999999999954
2026-05-30 04:00:00;23;18.0;18.022999999999996;-0.022999999999996135
2026-05-30 05:00:00;23;18.9;18.085;0.8149999999999977
2026-05-30 06:00:00;23;19.8;18.449;1.350999999999999
2026-05-30 07:00:00;23;21.5;19.412999999999997;2.0870000000000033
2026-05-30 08:00:00;23;22.2;19.193000000000012;3.0069999999999872
2026-05-30 09:00:00;23;24.0;20.228000000000005;3.771999999999995
2026-05-30 10:00:00;23;26.1;23.517999999999997;2.5820000000000043
2026-05-30 11:00:00;23;27.8;25.778;2.022000000000002
2026-05-30 12:00:00;23;24.4;26.680000000000014;-2.2800000000000153
2026-05-30 13:00:00;23;24.0;22.838000000000008;1.161999999999992
2026-05-30 14:00:00;23;22.9;21.417999999999992;1.4820000000000064
2026-05-30 15:00:00;23;25.0;20.166;4.834
2026-05-30 16:00:00;23;26.0;22.96100000000001;3.038999999999991
2026-05-30 17:00:00;23;26.5;24.84499999999999;1.6550000000000082
2026-05-30 18:00:00;23;21.9;24.705999999999996;-2.8059999999999974
2026-05-30 19:00:00;23;22.2;20.025999999999996;2.174000000000003
2026-05-30 20:00:00;23;20.5;20.15899999999999;0.34100000000001174
2026-05-30 21:00:00;23;19.9;18.879000000000012;1.0209999999999866
2026-05-30 22:00:00;23;19.3;18.467000000000006;0.8329999999999949
2026-05-30 23:00:00;23;18.0;18.38000000000001;-0.38000000000000966
2026-05-13 00:00:00;24;7.7;7.7567200000000005;-0.056720000000000326
2026-05-13 01:00:00;24;7.6;7.607599999999996;-0.0075999999999964984
2026-05-13 02:00:00;24;7.7;7.4243200000000025;0.2756799999999977
2026-05-13 03:00:00;24;7.8;7.706319999999998;0.09368000000000176
2026-05-13 04:00:00;24;8.1;7.711519999999998;0.38848000000000127
2026-05-13 05:00:00;24;8.0;8.216719999999993;-0.21671999999999336
2026-05-13 06:00:00;24;9.1;8.730719999999996;0.3692800000000034
2026-05-13 07:00:00;24;9.6;10.248000000000001;-0.6480000000000015
2026-05-13 08:00:00;24;9.9;9.975439999999997;-0.07543999999999684
2026-05-13 09:00:00;24;11.4;10.5926;0.8074000000000012
2026-05-13 10:00:00;24;12.2;12.659999999999993;-0.45999999999999375
2026-05-13 11:00:00;24;12.4;12.826000000000004;-0.4260000000000037
2026-05-13 12:00:00;24;13.8;12.993000000000002;0.8069999999999986
2026-05-13 13:00:00;24;13.4;14.306999999999999;-0.9069999999999983
2026-05-13 14:00:00;24;13.4;13.239479999999997;0.16052000000000355
2026-05-13 15:00:00;24;13.2;12.791999999999998;0.40800000000000125
2026-05-13 16:00:00;24;10.1;12.83799999999999;-2.7379999999999907
2026-05-13 17:00:00;24;9.0;9.896279999999996;-0.8962799999999955
2026-05-13 18:00:00;24;9.6;8.155639999999998;1.4443600000000014
2026-05-13 19:00:00;24;8.1;9.388279999999998;-1.2882799999999985
2026-05-13 20:00:00;24;7.7;7.583840000000001;0.11615999999999893
2026-05-13 21:00:00;24;7.3;7.225600000000003;0.07439999999999714
2026-05-13 22:00:00;24;6.8;7.019399999999998;-0.21939999999999849
2026-05-13 23:00:00;24;6.5;6.6820800000000045;-0.18208000000000446
2026-05-14 00:00:00;24;6.3;6.196800000000003;0.10319999999999663
2026-05-14 01:00:00;24;6.1;5.944760000000003;0.1552399999999965
2026-05-14 02:00:00;24;6.4;5.854360000000001;0.5456399999999997
2026-05-14 03:00:00;24;6.1;6.233320000000001;-0.13332000000000122
2026-05-14 04:00:00;24;5.9;5.857359999999999;0.042640000000001343
2026-05-14 05:00:00;24;5.6;5.718280000000001;-0.11828000000000127
2026-05-14 06:00:00;24;7.1;6.763999999999997;0.33600000000000296
2026-05-14 07:00:00;24;7.0;8.276;-1.2759999999999998
2026-05-14 08:00:00;24;8.3;7.7088000000000045;0.5911999999999962
2026-05-14 09:00:00;24;9.1;9.712;-0.6120000000000001
2026-05-14 10:00:00;24;9.5;10.193999999999996;-0.6939999999999955
2026-05-14 11:00:00;24;10.0;10.12852;-0.12851999999999997
2026-05-14 12:00:00;24;9.9;10.50524;-0.6052400000000002
2026-05-14 13:00:00;24;10.4;10.139320000000003;0.26067999999999714
2026-05-14 14:00:00;24;10.4;10.5788;-0.17879999999999896
2026-05-14 15:00:00;24;10.6;10.434000000000003;0.16599999999999682
2026-05-14 16:00:00;24;11.1;10.487960000000008;0.6120399999999915
2026-05-14 17:00:00;24;8.9;10.865000000000004;-1.9650000000000034
2026-05-14 18:00:00;24;8.6;7.754200000000003;0.845799999999997
2026-05-14 19:00:00;24;7.7;7.952000000000003;-0.25200000000000244
2026-05-14 20:00:00;24;7.4;7.162279999999999;0.23772000000000126
2026-05-14 21:00:00;24;6.7;7.033999999999999;-0.33399999999999874
2026-05-14 22:00:00;24;6.2;6.092999999999996;0.10700000000000376
2026-05-14 23:00:00;24;5.8;5.671120000000002;0.12887999999999789
2026-05-15 00:00:00;24;5.5;5.393920000000001;0.10607999999999862
2026-05-15 01:00:00;24;4.9;5.053679999999999;-0.1536799999999987
2026-05-15 02:00:00;24;4.2;4.688119999999999;-0.48811999999999856
2026-05-15 03:00:00;24;4.0;3.79252;0.2074799999999999
2026-05-15 04:00:00;24;3.5;3.6590000000000007;-0.1590000000000007
2026-05-15 05:00:00;24;4.2;3.401;0.7990000000000004
2026-05-15 06:00:00;24;5.8;5.165999999999997;0.634000000000003
2026-05-15 07:00:00;24;7.2;7.519999999999999;-0.3199999999999985
2026-05-15 08:00:00;24;8.4;8.553999999999995;-0.15399999999999459
2026-05-15 09:00:00;24;9.4;9.659000000000002;-0.2590000000000021
2026-05-15 10:00:00;24;10.3;10.472999999999999;-0.17299999999999827
2026-05-15 11:00:00;24;10.6;11.24;-0.6400000000000006
2026-05-15 12:00:00;24;10.5;11.227919999999997;-0.7279199999999975
2026-05-15 13:00:00;24;11.1;11.133319999999996;-0.03331999999999624
2026-05-15 14:00:00;24;12.3;11.232480000000002;1.0675199999999982
2026-05-15 15:00:00;24;12.5;12.455800000000002;0.04419999999999824
2026-05-15 16:00:00;24;11.4;12.310759999999998;-0.910759999999998
2026-05-15 17:00:00;24;10.9;10.766000000000005;0.133999999999995
2026-05-15 18:00:00;24;10.3;9.877;0.42300000000000004
2026-05-15 19:00:00;24;8.3;9.873999999999997;-1.5739999999999963
2026-05-15 20:00:00;24;7.7;7.4900000000000055;0.20999999999999464
2026-05-15 21:00:00;24;6.8;7.206000000000002;-0.40600000000000236
2026-05-15 22:00:00;24;6.2;6.27;-0.0699999999999994
2026-05-15 23:00:00;24;5.6;5.712199999999997;-0.11219999999999697
2026-05-16 00:00:00;24;5.4;5.037000000000001;0.36299999999999955
2026-05-16 01:00:00;24;4.8;4.878999999999999;-0.07899999999999885
2026-05-16 02:00:00;24;4.3;4.33048;-0.03047999999999984
2026-05-16 03:00:00;24;3.8;3.944520000000001;-0.14452000000000131
2026-05-16 04:00:00;24;3.5;3.525;-0.02499999999999991
2026-05-16 05:00:00;24;4.2;3.332000000000001;0.867999999999999
2026-05-16 06:00:00;24;5.9;5.194;0.7060000000000004
2026-05-16 07:00:00;24;7.4;7.900000000000002;-0.5000000000000018
2026-05-16 08:00:00;24;9.1;9.212999999999997;-0.11299999999999777
2026-05-16 09:00:00;24;9.9;10.431999999999999;-0.5319999999999983
2026-05-16 10:00:00;24;9.9;10.925200000000002;-1.0252000000000017
2026-05-16 11:00:00;24;9.8;10.527040000000001;-0.7270400000000006
2026-05-16 12:00:00;24;12.1;10.115999999999996;1.9840000000000035
2026-05-16 13:00:00;24;12.1;12.805360000000002;-0.7053600000000024
2026-05-16 14:00:00;24;12.1;12.711000000000006;-0.611000000000006
2026-05-16 15:00:00;24;12.1;12.044000000000004;0.05599999999999561
2026-05-16 16:00:00;24;11.2;11.690239999999994;-0.4902399999999947
2026-05-16 17:00:00;24;11.1;10.667000000000003;0.4329999999999963
2026-05-16 18:00:00;24;9.1;10.236;-1.136000000000001
2026-05-16 19:00:00;24;8.4;7.856999999999996;0.5430000000000046
2026-05-16 20:00:00;24;7.3;7.676640000000003;-0.37664000000000275
2026-05-16 21:00:00;24;6.8;6.793000000000001;0.006999999999998785
2026-05-16 22:00:00;24;6.4;6.277999999999997;0.12200000000000344
2026-05-16 23:00:00;24;6.1;6.134719999999999;-0.034719999999999196
2026-05-17 00:00:00;24;6.0;5.622520000000004;0.3774799999999958
2026-05-17 01:00:00;24;5.5;5.61172;-0.11172000000000004
2026-05-17 02:00:00;24;5.6;5.075679999999998;0.5243200000000012
2026-05-17 03:00:00;24;5.9;5.264360000000002;0.6356399999999987
2026-05-17 04:00:00;24;6.4;5.856240000000005;0.5437599999999954
2026-05-17 05:00:00;24;7.2;6.282319999999996;0.9176800000000043
2026-05-17 06:00:00;24;8.2;8.236000000000002;-0.03600000000000314
2026-05-17 07:00:00;24;9.4;9.511000000000001;-0.11100000000000065
2026-05-17 08:00:00;24;11.4;10.765;0.6349999999999998
2026-05-17 09:00:00;24;13.2;13.062999999999999;0.13700000000000045
2026-05-17 10:00:00;24;14.1;14.258;-0.15799999999999947
2026-05-17 11:00:00;24;15.0;14.978000000000002;0.021999999999998465
2026-05-17 12:00:00;24;15.0;15.708999999999998;-0.7089999999999979
2026-05-17 13:00:00;24;15.6;15.640000000000002;-0.0400000000000027
2026-05-17 14:00:00;24;15.5;15.524000000000001;-0.02400000000000091
2026-05-17 15:00:00;24;15.2;15.235000000000005;-0.03500000000000547
2026-05-17 16:00:00;24;15.9;14.871999999999998;1.0280000000000022
2026-05-17 17:00:00;24;15.4;15.009000000000004;0.39099999999999646
2026-05-17 18:00:00;24;14.3;14.05399999999999;0.2460000000000111
2026-05-17 19:00:00;24;13.6;12.923000000000002;0.6769999999999978
2026-05-17 20:00:00;24;12.3;12.497;-0.19699999999999918
2026-05-17 21:00:00;24;11.1;11.403000000000002;-0.3030000000000026
2026-05-17 22:00:00;24;10.2;10.383999999999999;-0.18399999999999928
2026-05-17 23:00:00;24;9.5;9.614999999999998;-0.11499999999999844
2026-05-18 00:00:00;24;9.5;9.013999999999996;0.4860000000000042
2026-05-18 01:00:00;24;9.6;9.048520000000002;0.551479999999998
2026-05-18 02:00:00;24;8.8;9.44012;-0.6401199999999996
2026-05-18 03:00:00;24;8.5;8.36908;0.1309199999999997
2026-05-18 04:00:00;24;8.4;8.173999999999996;0.22600000000000442
2026-05-18 05:00:00;24;9.3;8.265960000000002;1.0340399999999992
2026-05-18 06:00:00;24;9.6;10.006320000000002;-0.4063200000000027
2026-05-18 07:00:00;24;10.2;10.1838;0.016199999999999548
2026-05-18 08:00:00;24;11.3;11.279799999999996;0.020200000000004437
2026-05-18 09:00:00;24;12.4;12.034;0.36599999999999966
2026-05-18 10:00:00;24;13.1;13.416999999999991;-0.3169999999999913
2026-05-18 11:00:00;24;14.1;13.845879999999998;0.2541200000000021
2026-05-18 12:00:00;24;14.7;14.845;-0.14500000000000135
2026-05-18 13:00:00;24;14.4;15.358000000000002;-0.958000000000002
2026-05-18 14:00:00;24;15.1;14.334840000000007;0.7651599999999927
2026-05-18 15:00:00;24;15.1;15.110600000000007;-0.01060000000000727
2026-05-18 16:00:00;24;15.0;14.944600000000001;0.055399999999998784
2026-05-18 17:00:00;24;14.6;14.247000000000003;0.3529999999999962
2026-05-18 18:00:00;24;12.7;13.629000000000003;-0.9290000000000038
2026-05-18 19:00:00;24;11.8;11.748000000000006;0.05199999999999427
2026-05-18 20:00:00;24;10.4;11.149999999999999;-0.7499999999999982
2026-05-18 21:00:00;24;9.8;9.673000000000005;0.12699999999999534
2026-05-18 22:00:00;24;8.9;9.345;-0.4450000000000003
2026-05-18 23:00:00;24;8.6;8.327999999999998;0.272000000000002
2026-05-19 00:00:00;24;9.6;8.558;1.0419999999999998
2026-05-19 01:00:00;24;9.7;9.226999999999999;0.47300000000000075
2026-05-19 02:00:00;24;9.8;9.191599999999996;0.6084000000000049
2026-05-19 03:00:00;24;9.9;9.312719999999999;0.5872800000000016
2026-05-19 04:00:00;24;10.0;9.7912;0.2088000000000001
2026-05-19 05:00:00;24;10.1;9.808639999999995;0.2913600000000045
2026-05-19 06:00:00;24;10.2;10.764279999999994;-0.5642799999999948
2026-05-19 07:00:00;24;10.3;10.640800000000006;-0.3408000000000051
2026-05-19 08:00:00;24;10.4;10.603360000000004;-0.20336000000000354
2026-05-19 09:00:00;24;10.5;10.648400000000008;-0.14840000000000764
2026-05-19 10:00:00;24;10.6;10.788000000000004;-0.18800000000000416
2026-05-19 11:00:00;24;10.7;10.86948;-0.16948000000000008
2026-05-19 12:00:00;24;10.8;10.700359999999995;0.09964000000000617
2026-05-19 13:00:00;24;10.9;10.048480000000001;0.8515199999999989
2026-05-19 14:00:00;24;11.0;8.452960000000008;2.547039999999992
2026-05-19 15:00:00;24;11.1;8.888400000000003;2.211599999999997
2026-05-19 16:00:00;24;11.2;10.099279999999995;1.1007200000000044
2026-05-19 17:00:00;24;11.3;11.105359999999997;0.19464000000000325
2026-05-19 18:00:00;24;11.4;11.035920000000003;0.36407999999999774
2026-05-19 19:00:00;24;11.5;11.118960000000001;0.3810399999999987
2026-05-19 20:00:00;24;11.6;11.146559999999997;0.4534400000000023
2026-05-19 21:00:00;24;11.7;11.483719999999996;0.21628000000000291
2026-05-19 22:00:00;24;11.8;11.518399999999993;0.28160000000000807
2026-05-19 23:00:00;24;11.9;11.522679999999998;0.37732000000000276
2026-05-20 00:00:00;24;12.0;11.806400000000004;0.19359999999999644
2026-05-20 01:00:00;24;12.1;11.796279999999994;0.30372000000000554
2026-05-20 02:00:00;24;11.9;11.74724;0.15276000000000067
2026-05-20 03:00:00;24;11.8;11.690719999999999;0.10928000000000182
2026-05-20 04:00:00;24;11.5;11.45396;0.04603999999999964
2026-05-20 05:00:00;24;11.9;11.16663999999999;0.73336000000001
2026-05-20 06:00:00;24;12.9;12.090639999999992;0.8093600000000087
2026-05-20 07:00:00;24;13.3;14.20951999999999;-0.9095199999999899
2026-05-20 08:00:00;24;13.9;13.685399999999998;0.21460000000000257
2026-05-20 09:00:00;24;15.1;14.669680000000005;0.4303199999999947
2026-05-20 10:00:00;24;16.0;16.01536000000001;-0.015360000000008256
2026-05-20 11:00:00;24;16.9;16.507;0.39299999999999713
2026-05-20 12:00:00;24;16.8;17.21899999999999;-0.4189999999999898
2026-05-20 13:00:00;24;16.8;16.812999999999995;-0.012999999999994571
2026-05-20 14:00:00;24;17.6;16.71168;0.8883200000000002
2026-05-20 15:00:00;24;18.1;17.401;0.6990000000000016
2026-05-20 16:00:00;24;18.0;17.921999999999997;0.07800000000000296
2026-05-20 17:00:00;24;17.7;17.226999999999997;0.47300000000000253
2026-05-20 18:00:00;24;17.1;16.711000000000013;0.3889999999999887
2026-05-20 19:00:00;24;15.9;16.223000000000003;-0.3230000000000022
2026-05-20 20:00:00;24;14.9;14.846000000000004;0.05399999999999672
2026-05-20 21:00:00;24;13.9;14.133;-0.23299999999999876
2026-05-20 22:00:00;24;13.1;13.214000000000004;-0.11400000000000432
2026-05-20 23:00:00;24;12.4;12.493999999999996;-0.09399999999999586
2026-05-21 00:00:00;24;13.2;11.957000000000003;1.2429999999999968
2026-05-21 01:00:00;24;11.9;12.874080000000003;-0.9740800000000025
2026-05-21 02:00:00;24;11.3;11.452720000000006;-0.15272000000000574
2026-05-21 03:00:00;24;10.6;10.755920000000001;-0.15592000000000183
2026-05-21 04:00:00;24;10.1;10.224;-0.12400000000000055
2026-05-21 05:00:00;24;10.9;9.866000000000007;1.0339999999999936
2026-05-21 06:00:00;24;13.7;11.60336;2.096639999999999
2026-05-21 07:00:00;24;15.9;15.623999999999992;0.2760000000000087
2026-05-21 08:00:00;24;17.3;17.576;-0.2759999999999998
2026-05-21 09:00:00;24;18.5;18.350999999999996;0.14900000000000446
2026-05-21 10:00:00;24;19.2;19.26999999999999;-0.06999999999998963
2026-05-21 11:00:00;24;20.3;19.682000000000013;0.6179999999999879
2026-05-21 12:00:00;24;21.6;20.83199999999999;0.7680000000000113
2026-05-21 13:00:00;24;22.1;22.035999999999998;0.06400000000000361
2026-05-21 14:00:00;24;22.3;22.32300000000001;-0.023000000000010346
2026-05-21 15:00:00;24;22.5;21.899000000000004;0.6009999999999955
2026-05-21 16:00:00;24;22.1;22.054999999999996;0.04500000000000526
2026-05-21 17:00:00;24;21.9;21.340999999999998;0.559000000000001
2026-05-21 18:00:00;24;20.9;20.698000000000008;0.20199999999999108
2026-05-21 19:00:00;24;19.2;19.813;-0.6129999999999995
2026-05-21 20:00:00;24;17.5;18.064;-0.5640000000000001
2026-05-21 21:00:00;24;16.8;16.599999999999994;0.2000000000000064
2026-05-21 22:00:00;24;15.6;15.91299999999999;-0.31299999999998995
2026-05-21 23:00:00;24;14.5;14.876000000000015;-0.37600000000001543
2026-05-22 00:00:00;24;13.6;13.725999999999994;-0.12599999999999412
2026-05-22 01:00:00;24;12.6;12.979000000000001;-0.37900000000000134
2026-05-22 02:00:00;24;12.1;12.283999999999997;-0.1839999999999975
2026-05-22 03:00:00;24;11.6;11.774999999999995;-0.17499999999999538
2026-05-22 04:00:00;24;11.1;11.308239999999996;-0.20823999999999643
2026-05-22 05:00:00;24;11.9;10.930400000000002;0.969599999999998
2026-05-22 06:00:00;24;14.4;13.22528;1.1747200000000007
2026-05-22 07:00:00;24;16.9;16.800999999999984;0.09900000000001441
2026-05-22 08:00:00;24;19.2;19.111000000000004;0.08899999999999508
2026-05-22 09:00:00;24;21.4;20.811;0.5889999999999986
2026-05-22 10:00:00;24;23.0;22.916000000000007;0.08399999999999253
2026-05-22 11:00:00;24;24.2;23.897000000000013;0.3029999999999866
2026-05-22 12:00:00;24;25.9;25.03899999999999;0.8610000000000078
2026-05-22 13:00:00;24;26.4;26.372999999999998;0.027000000000001023
2026-05-22 14:00:00;24;26.6;26.358;0.24200000000000088
2026-05-22 15:00:00;24;26.8;26.18100000000001;0.6189999999999891
2026-05-22 16:00:00;24;26.5;26.239000000000004;0.2609999999999957
2026-05-22 17:00:00;24;26.0;25.742000000000015;0.2579999999999849
2026-05-22 18:00:00;24;25.2;24.013000000000005;1.186999999999994
2026-05-22 19:00:00;24;22.8;23.495999999999995;-0.6959999999999944
2026-05-22 20:00:00;24;21.2;21.552000000000007;-0.3520000000000074
2026-05-22 21:00:00;24;20.5;19.879000000000005;0.6209999999999951
2026-05-22 22:00:00;24;19.4;19.388000000000005;0.01199999999999335
2026-05-22 23:00:00;24;18.0;18.298000000000002;-0.2980000000000018
2026-05-23 00:00:00;24;16.9;16.984999999999992;-0.08499999999999375
2026-05-23 01:00:00;24;15.6;16.02499999999999;-0.42499999999999183
2026-05-23 02:00:00;24;14.8;14.895000000000005;-0.09500000000000419
2026-05-23 03:00:00;24;14.2;14.270999999999997;-0.07099999999999795
2026-05-23 04:00:00;24;13.9;13.533000000000007;0.3669999999999938
2026-05-23 05:00:00;24;14.9;13.802999999999997;1.097000000000003
2026-05-23 06:00:00;24;17.3;15.632119999999997;1.6678800000000038
2026-05-23 07:00:00;24;19.8;17.682000000000002;2.1179999999999986
2026-05-23 08:00:00;24;22.5;21.788999999999984;0.7110000000000163
2026-05-23 09:00:00;24;24.9;23.68499999999999;1.215000000000007
2026-05-23 10:00:00;24;26.5;25.733;0.7669999999999995
2026-05-23 11:00:00;24;27.7;26.921000000000006;0.7789999999999928
2026-05-23 12:00:00;24;29.1;27.95700000000001;1.14299999999999
2026-05-23 13:00:00;24;29.1;28.369;0.7310000000000016
2026-05-23 14:00:00;24;29.4;28.013000000000012;1.3869999999999862
2026-05-23 15:00:00;24;29.3;27.68400000000001;1.615999999999989
2026-05-23 16:00:00;24;29.0;27.296000000000006;1.7039999999999935
2026-05-23 17:00:00;24;28.1;27.070000000000007;1.029999999999994
2026-05-23 18:00:00;24;27.2;26.650000000000013;0.5499999999999865
2026-05-23 19:00:00;24;25.1;25.903000000000006;-0.8030000000000044
2026-05-23 20:00:00;24;23.9;23.63999999999999;0.26000000000000867
2026-05-23 21:00:00;24;23.1;22.65500000000001;0.4449999999999932
2026-05-23 22:00:00;24;22.0;21.897000000000002;0.10299999999999798
2026-05-23 23:00:00;24;20.6;20.715;-0.11499999999999844
2026-05-24 00:00:00;24;19.1;19.190000000000005;-0.09000000000000341
2026-05-24 01:00:00;24;18.1;17.943;0.15700000000000003
2026-05-24 02:00:00;24;17.2;17.254999999999992;-0.05499999999999261
2026-05-24 03:00:00;24;16.4;16.374000000000006;0.025999999999992696
2026-05-24 04:00:00;24;15.6;15.753999999999996;-0.15399999999999636
2026-05-24 05:00:00;24;16.4;15.543200000000004;0.8567999999999945
2026-05-24 06:00:00;24;18.5;16.87484000000001;1.6251599999999904
2026-05-24 07:00:00;24;20.8;19.635999999999996;1.164000000000005
2026-05-24 08:00:00;24;23.6;21.622000000000003;1.977999999999998
2026-05-24 09:00:00;24;26.0;24.290999999999993;1.7090000000000067
2026-05-24 10:00:00;24;27.5;26.285999999999994;1.2140000000000057
2026-05-24 11:00:00;24;28.5;26.926000000000002;1.573999999999998
2026-05-24 12:00:00;24;30.1;27.72200000000001;2.377999999999993
2026-05-24 13:00:00;24;30.3;27.637000000000008;2.662999999999993
2026-05-24 14:00:00;24;30.7;27.42600000000001;3.2739999999999903
2026-05-24 15:00:00;24;30.8;27.36900000000001;3.4309999999999903
2026-05-24 16:00:00;24;30.2;27.24800000000001;2.9519999999999875
2026-05-24 17:00:00;24;29.5;27.106000000000016;2.393999999999984
2026-05-24 18:00:00;24;28.1;26.922000000000015;1.1779999999999866
2026-05-24 19:00:00;24;26.5;26.61400000000001;-0.11400000000001143
2026-05-24 20:00:00;24;25.0;24.594000000000005;0.40599999999999525
2026-05-24 21:00:00;24;23.7;23.035999999999987;0.6640000000000121
2026-05-24 22:00:00;24;22.4;21.378999999999998;1.0210000000000008
2026-05-24 23:00:00;24;21.0;20.596999999999994;0.4030000000000058
2026-05-25 00:00:00;24;19.9;19.459000000000017;0.4409999999999812
2026-05-25 01:00:00;24;18.8;18.518;0.28200000000000003
2026-05-25 02:00:00;24;18.0;17.643000000000008;0.3569999999999922
2026-05-25 03:00:00;24;17.3;17.489999999999988;-0.18999999999998707
2026-05-25 04:00:00;24;16.8;16.58400000000001;0.21599999999999042
2026-05-25 05:00:00;24;17.2;16.187600000000014;1.0123999999999853
2026-05-25 06:00:00;24;19.2;17.257;1.9429999999999978
2026-05-25 07:00:00;24;20.8;19.71;1.0899999999999999
2026-05-25 08:00:00;24;22.8;21.506000000000004;1.293999999999997
2026-05-25 09:00:00;24;24.6;23.255;1.3450000000000024
2026-05-25 10:00:00;24;26.3;25.07;1.2300000000000004
2026-05-25 11:00:00;24;27.5;26.375000000000004;1.1249999999999964
2026-05-25 12:00:00;24;29.2;27.46400000000001;1.73599999999999
2026-05-25 13:00:00;24;29.5;27.94800000000002;1.5519999999999783
2026-05-25 14:00:00;24;29.5;27.951000000000022;1.5489999999999782
2026-05-25 15:00:00;24;29.1;27.659000000000013;1.4409999999999883
2026-05-25 16:00:00;24;28.8;27.584000000000017;1.2159999999999833
2026-05-25 17:00:00;24;28.1;27.419000000000015;0.6809999999999867
2026-05-25 18:00:00;24;27.6;26.84800000000002;0.7519999999999811
2026-05-25 19:00:00;24;25.6;26.14900000000001;-0.5490000000000101
2026-05-25 20:00:00;24;23.9;24.162999999999997;-0.2629999999999981
2026-05-25 21:00:00;24;22.3;22.466000000000005;-0.16600000000000392
2026-05-25 22:00:00;24;20.9;20.953000000000003;-0.05300000000000438
2026-05-25 23:00:00;24;19.5;19.847000000000012;-0.34700000000001197
2026-05-26 00:00:00;24;18.4;18.436999999999998;-0.036999999999999034
2026-05-26 01:00:00;24;17.6;17.231000000000005;0.3689999999999962
2026-05-26 02:00:00;24;17.0;16.675999999999995;0.3240000000000052
2026-05-26 03:00:00;24;16.5;16.281560000000002;0.21843999999999753
2026-05-26 04:00:00;24;15.9;15.952479999999994;-0.052479999999993865
2026-05-26 05:00:00;24;17.0;15.73696;1.2630400000000002
2026-05-26 06:00:00;24;19.1;17.244839999999996;1.855160000000005
2026-05-26 07:00:00;24;21.2;19.749000000000002;1.450999999999997
2026-05-26 08:00:00;24;23.5;21.782000000000007;1.7179999999999929
2026-05-26 09:00:00;24;25.5;23.811999999999998;1.6880000000000024
2026-05-26 10:00:00;24;27.4;25.659000000000013;1.7409999999999854
2026-05-26 11:00:00;24;28.7;26.91100000000001;1.7889999999999908
2026-05-26 12:00:00;24;30.2;28.173999999999996;2.0260000000000034
2026-05-26 13:00:00;24;30.8;28.220000000000006;2.5799999999999947
2026-05-26 14:00:00;24;31.1;28.015000000000004;3.0849999999999973
2026-05-26 15:00:00;24;31.0;27.908000000000012;3.091999999999988
2026-05-26 16:00:00;24;30.3;27.46800000000001;2.83199999999999
2026-05-26 17:00:00;24;29.2;27.317000000000018;1.8829999999999814
2026-05-26 18:00:00;24;28.6;27.318000000000016;1.2819999999999858
2026-05-26 19:00:00;24;26.6;26.906000000000017;-0.30600000000001515
2026-05-26 20:00:00;24;24.5;24.889000000000006;-0.38900000000000645
2026-05-26 21:00:00;24;22.6;22.548;0.052000000000003155
2026-05-26 22:00:00;24;21.1;20.905;0.19500000000000028
2026-05-26 23:00:00;24;20.0;19.61800000000001;0.3819999999999908
2026-05-27 00:00:00;24;18.2;18.773000000000003;-0.573000000000004
2026-05-27 01:00:00;24;17.4;17.016999999999992;0.3830000000000062
2026-05-27 02:00:00;24;16.8;16.453000000000007;0.3469999999999942
2026-05-27 03:00:00;24;16.2;15.815999999999999;0.38400000000000034
2026-05-27 04:00:00;24;15.9;15.43199999999999;0.46800000000001063
2026-05-27 05:00:00;24;17.4;15.706800000000003;1.6931999999999956
2026-05-27 06:00:00;24;19.5;17.617000000000004;1.8829999999999956
2026-05-27 07:00:00;24;21.8;19.324;2.475999999999999
2026-05-27 08:00:00;24;24.4;22.195000000000014;2.204999999999984
2026-05-27 09:00:00;24;26.9;25.107000000000003;1.7929999999999957
2026-05-27 10:00:00;24;28.5;26.523999999999997;1.9760000000000026
2026-05-27 11:00:00;24;29.1;27.517000000000007;1.5829999999999949
2026-05-27 12:00:00;24;30.5;27.833000000000016;2.666999999999984
2026-05-27 13:00:00;24;30.5;27.675000000000008;2.824999999999992
2026-05-27 14:00:00;24;30.6;27.647000000000013;2.9529999999999887
2026-05-27 15:00:00;24;30.1;27.480000000000015;2.619999999999987
2026-05-27 16:00:00;24;29.9;27.436000000000018;2.463999999999981
2026-05-27 17:00:00;24;28.5;26.94700000000002;1.5529999999999795
2026-05-27 18:00:00;24;27.2;26.76200000000002;0.4379999999999775
2026-05-27 19:00:00;24;25.5;25.71500000000001;-0.21500000000001052
2026-05-27 20:00:00;24;24.0;23.528999999999993;0.4710000000000072
2026-05-27 21:00:00;24;22.8;21.778;1.022000000000002
2026-05-27 22:00:00;24;21.6;21.320999999999998;0.27900000000000347
2026-05-27 23:00:00;24;20.5;20.43900000000001;0.060999999999989285
2026-05-28 00:00:00;24;19.8;19.343999999999998;0.45600000000000307
2026-05-28 01:00:00;24;18.5;18.370000000000005;0.12999999999999545
2026-05-28 02:00:00;24;17.8;17.433999999999997;0.3660000000000032
2026-05-28 03:00:00;24;17.0;17.34599999999999;-0.3459999999999894
2026-05-28 04:00:00;24;16.5;16.343999999999998;0.15600000000000236
2026-05-28 05:00:00;24;16.9;16.135000000000005;0.7649999999999935
2026-05-28 06:00:00;24;18.5;16.688840000000013;1.8111599999999868
2026-05-28 07:00:00;24;20.0;19.416999999999987;0.5830000000000126
2026-05-28 08:00:00;24;21.9;21.54099999999999;0.35900000000000887
2026-05-28 09:00:00;24;23.6;23.225000000000005;0.37499999999999645
2026-05-28 10:00:00;24;24.9;24.550999999999995;0.34900000000000375
2026-05-28 11:00:00;24;25.9;25.64399999999999;0.25600000000000733
2026-05-28 12:00:00;24;27.5;26.162000000000017;1.3379999999999832
2026-05-28 13:00:00;24;27.9;26.66700000000001;1.2329999999999899
2026-05-28 14:00:00;24;28.1;26.93400000000001;1.1659999999999897
2026-05-28 15:00:00;24;28.0;27.187000000000022;0.8129999999999775
2026-05-28 16:00:00;24;27.5;26.86100000000002;0.6389999999999816
2026-05-28 17:00:00;24;27.0;26.218000000000014;0.7819999999999858
2026-05-28 18:00:00;24;27.0;25.921000000000006;1.0789999999999935
2026-05-28 19:00:00;24;25.6;25.916000000000004;-0.3160000000000025
2026-05-28 20:00:00;24;24.0;24.002999999999993;-0.0029999999999930083
2026-05-28 21:00:00;24;23.0;22.27;0.7300000000000004
2026-05-28 22:00:00;24;22.1;21.684;0.41600000000000037
2026-05-28 23:00:00;24;20.8;20.814;-0.013999999999999346
2026-05-29 00:00:00;24;19.4;19.480000000000004;-0.0800000000000054
2026-05-29 01:00:00;24;18.3;18.262000000000008;0.03799999999999315
2026-05-29 02:00:00;24;17.4;17.325000000000014;0.07499999999998508
2026-05-29 03:00:00;24;16.8;16.503000000000004;0.29699999999999704
2026-05-29 04:00:00;24;16.1;16.054999999999996;0.04500000000000526
2026-05-29 05:00:00;24;16.8;15.906199999999998;0.8938000000000024
2026-05-29 06:00:00;24;18.6;16.83984;1.7601600000000026
2026-05-29 07:00:00;24;21.0;19.786999999999992;1.213000000000008
2026-05-29 08:00:00;24;23.5;21.857000000000003;1.6429999999999971
2026-05-29 09:00:00;24;25.6;24.64500000000001;0.9549999999999912
2026-05-29 10:00:00;24;27.1;26.136;0.9640000000000022
2026-05-29 11:00:00;24;28.3;27.618999999999996;0.6810000000000045
2026-05-29 12:00:00;24;29.4;28.188;1.2119999999999997
2026-05-29 13:00:00;24;30.0;28.270000000000014;1.7299999999999862
2026-05-29 14:00:00;24;30.5;28.12300000000001;2.3769999999999882
2026-05-29 15:00:00;24;30.6;27.912000000000013;2.687999999999988
2026-05-29 16:00:00;24;30.5;27.90200000000001;2.5979999999999883
2026-05-29 17:00:00;24;30.2;27.74000000000001;2.45999999999999
2026-05-29 18:00:00;24;29.2;27.04500000000002;2.15499999999998
2026-05-29 19:00:00;24;27.2;26.807000000000013;0.39299999999998647
2026-05-29 20:00:00;24;26.0;25.78100000000001;0.21899999999999054
2026-05-29 21:00:00;24;25.0;24.023999999999997;0.9760000000000026
2026-05-29 22:00:00;24;24.0;23.559999999999995;0.44000000000000483
2026-05-29 23:00:00;24;22.6;22.298;0.30200000000000315
2026-05-30 00:00:00;24;22.5;21.491000000000003;1.0089999999999968
2026-05-30 01:00:00;24;21.2;21.217000000000017;-0.017000000000017224
2026-05-30 02:00:00;24;20.2;20.026000000000007;0.17399999999999238
2026-05-30 03:00:00;24;19.7;19.064000000000007;0.6359999999999921
2026-05-30 04:00:00;24;19.1;18.650000000000002;0.4499999999999993
2026-05-30 05:00:00;24;19.6;18.105000000000008;1.494999999999994
2026-05-30 06:00:00;24;20.8;18.744000000000007;2.055999999999994
2026-05-30 07:00:00;24;22.8;21.369000000000007;1.4309999999999938
2026-05-30 08:00:00;24;25.0;22.991999999999997;2.0080000000000027
2026-05-30 09:00:00;24;26.7;25.335;1.3649999999999984
2026-05-30 10:00:00;24;28.0;26.357999999999993;1.6420000000000066
2026-05-30 11:00:00;24;28.8;27.108;1.6920000000000002
2026-05-30 12:00:00;24;29.0;27.358000000000015;1.6419999999999852
2026-05-30 13:00:00;24;29.2;27.30100000000001;1.8989999999999903
2026-05-30 14:00:00;24;28.6;27.265000000000015;1.3349999999999866
2026-05-30 15:00:00;24;28.8;27.240000000000013;1.559999999999988
2026-05-30 16:00:00;24;29.1;27.26700000000001;1.8329999999999913
2026-05-30 17:00:00;24;28.9;27.118000000000016;1.7819999999999823
2026-05-30 18:00:00;24;29.4;27.102000000000018;2.2979999999999805
2026-05-30 19:00:00;24;27.9;26.87900000000001;1.0209999999999901
2026-05-30 20:00:00;24;26.0;26.401999999999997;-0.40199999999999747
2026-05-30 21:00:00;24;24.5;24.025999999999996;0.47400000000000375
2026-05-30 22:00:00;24;21.7;21.976;-0.2759999999999998
2026-05-30 23:00:00;24;21.1;20.100000000000005;0.9999999999999964
2026-05-13 00:00:00;25;12.8;13.17676;-0.3767599999999991
2026-05-13 01:00:00;25;12.4;12.436;-0.03599999999999959
2026-05-13 02:00:00;25;11.6;12.058400000000013;-0.45840000000001346
2026-05-13 03:00:00;25;11.1;11.277999999999997;-0.17799999999999727
2026-05-13 04:00:00;25;10.9;10.975;-0.07499999999999929
2026-05-13 05:00:00;25;11.3;10.853600000000002;0.4463999999999988
2026-05-13 06:00:00;25;13.0;12.353719999999992;0.646280000000008
2026-05-13 07:00:00;25;15.1;14.792239999999994;0.30776000000000536
2026-05-13 08:00:00;25;16.3;17.12900000000001;-0.8290000000000077
2026-05-13 09:00:00;25;17.9;17.6378;0.2622
2026-05-13 10:00:00;25;19.2;19.010999999999992;0.18900000000000716
2026-05-13 11:00:00;25;19.2;20.107000000000014;-0.9070000000000142
2026-05-13 12:00:00;25;19.1;19.53700000000001;-0.43700000000000827
2026-05-13 13:00:00;25;19.3;19.227000000000004;0.07299999999999685
2026-05-13 14:00:00;25;20.1;19.351999999999997;0.7480000000000047
2026-05-13 15:00:00;25;20.0;20.268;-0.2680000000000007
2026-05-13 16:00:00;25;20.0;19.65799999999999;0.3420000000000094
2026-05-13 17:00:00;25;19.1;19.192;-0.09199999999999875
2026-05-13 18:00:00;25;17.9;18.004999999999995;-0.10499999999999687
2026-05-13 19:00:00;25;16.5;16.864000000000004;-0.3640000000000043
2026-05-13 20:00:00;25;15.6;15.447000000000005;0.15299999999999514
2026-05-13 21:00:00;25;14.9;15.033000000000005;-0.13300000000000445
2026-05-13 22:00:00;25;14.3;14.27827999999999;0.021720000000010842
2026-05-13 23:00:00;25;13.6;13.719999999999997;-0.11999999999999744
2026-05-14 00:00:00;25;13.4;13.417999999999992;-0.0179999999999918
2026-05-14 01:00:00;25;12.7;13.102480000000003;-0.40248000000000417
2026-05-14 02:00:00;25;11.9;12.406559999999997;-0.5065599999999968
2026-05-14 03:00:00;25;11.1;11.581000000000003;-0.4810000000000034
2026-05-14 04:00:00;25;10.7;10.854200000000006;-0.15420000000000655
2026-05-14 05:00:00;25;11.0;10.368000000000004;0.6319999999999961
2026-05-14 06:00:00;25;12.2;11.971479999999996;0.22852000000000317
2026-05-14 07:00:00;25;13.1;14.153999999999996;-1.0539999999999967
2026-05-14 08:00:00;25;13.9;14.201519999999984;-0.301519999999984
2026-05-14 09:00:00;25;15.1;14.909;0.19099999999999895
2026-05-14 10:00:00;25;14.9;16.174000000000007;-1.2740000000000062
2026-05-14 11:00:00;25;16.5;15.625999999999994;0.8740000000000059
2026-05-14 12:00:00;25;17.7;17.243;0.45700000000000074
2026-05-14 13:00:00;25;17.9;18.362999999999992;-0.46299999999999386
2026-05-14 14:00:00;25;17.9;17.90599999999999;-0.005999999999993122
2026-05-14 15:00:00;25;17.4;17.73899999999999;-0.33899999999999153
2026-05-14 16:00:00;25;16.9;16.945000000000004;-0.04500000000000526
2026-05-14 17:00:00;25;15.6;16.162000000000003;-0.5620000000000029
2026-05-14 18:00:00;25;14.4;14.594000000000008;-0.19400000000000794
2026-05-14 19:00:00;25;12.9;13.751;-0.8509999999999991
2026-05-14 20:00:00;25;12.3;12.138999999999994;0.1610000000000067
2026-05-14 21:00:00;25;11.7;11.879240000000003;-0.17924000000000362
2026-05-14 22:00:00;25;11.4;11.036000000000003;0.3639999999999972
2026-05-14 23:00:00;25;11.1;11.129080000000004;-0.02908000000000399
2026-05-15 00:00:00;25;10.4;10.947960000000002;-0.5479600000000016
2026-05-15 01:00:00;25;10.1;10.044920000000001;0.055079999999998464
2026-05-15 02:00:00;25;9.6;9.849479999999994;-0.24947999999999482
2026-05-15 03:00:00;25;9.4;9.222640000000002;0.1773599999999984
2026-05-15 04:00:00;25;9.6;9.19808;0.4019200000000005
2026-05-15 05:00:00;25;9.5;9.524519999999999;-0.024519999999998987
2026-05-15 06:00:00;25;10.1;10.391359999999999;-0.2913599999999992
2026-05-15 07:00:00;25;10.9;11.242799999999997;-0.3427999999999969
2026-05-15 08:00:00;25;12.6;11.776999999999996;0.823000000000004
2026-05-15 09:00:00;25;14.3;14.128000000000007;0.1719999999999935
2026-05-15 10:00:00;25;15.6;15.543000000000006;0.05699999999999328
2026-05-15 11:00:00;25;16.5;16.478;0.021999999999998465
2026-05-15 12:00:00;25;12.2;16.2164;-4.016400000000001
2026-05-15 13:00:00;25;14.9;12.473000000000006;2.4269999999999943
2026-05-15 14:00:00;25;16.2;14.535000000000004;1.6649999999999956
2026-05-15 15:00:00;25;16.6;16.567999999999998;0.03200000000000358
2026-05-15 16:00:00;25;16.0;16.628000000000004;-0.6280000000000037
2026-05-15 17:00:00;25;16.2;15.092520000000002;1.1074799999999971
2026-05-15 18:00:00;25;13.9;15.255000000000003;-1.3550000000000022
2026-05-15 19:00:00;25;13.2;13.043000000000005;0.1569999999999947
2026-05-15 20:00:00;25;12.4;12.266999999999998;0.13300000000000267
2026-05-15 21:00:00;25;11.4;11.642999999999999;-0.24299999999999855
2026-05-15 22:00:00;25;10.9;10.769;0.13100000000000023
2026-05-15 23:00:00;25;10.2;10.431;-0.23099999999999987
2026-05-16 00:00:00;25;9.9;9.932920000000001;-0.032920000000000726
2026-05-16 01:00:00;25;9.8;9.655360000000003;0.14463999999999722
2026-05-16 02:00:00;25;9.7;9.590000000000003;0.10999999999999588
2026-05-16 03:00:00;25;9.2;9.425999999999997;-0.22599999999999731
2026-05-16 04:00:00;25;9.1;8.875960000000001;0.22403999999999868
2026-05-16 05:00:00;25;9.4;8.794040000000004;0.6059599999999961
2026-05-16 06:00:00;25;11.2;10.090319999999993;1.1096800000000062
2026-05-16 07:00:00;25;12.6;12.947000000000001;-0.3470000000000013
2026-05-16 08:00:00;25;13.9;13.958999999999994;-0.058999999999993946
2026-05-16 09:00:00;25;15.2;15.139000000000008;0.06099999999999106
2026-05-16 10:00:00;25;16.1;16.352000000000004;-0.25200000000000244
2026-05-16 11:00:00;25;16.8;17.141999999999996;-0.3419999999999952
2026-05-16 12:00:00;25;17.9;17.151000000000007;0.7489999999999917
2026-05-16 13:00:00;25;18.5;18.45000000000001;0.04999999999999005
2026-05-16 14:00:00;25;18.8;18.595;0.20500000000000185
2026-05-16 15:00:00;25;19.0;18.836;0.16400000000000148
2026-05-16 16:00:00;25;18.8;18.554999999999996;0.24500000000000455
2026-05-16 17:00:00;25;18.1;18.172999999999995;-0.07299999999999329
2026-05-16 18:00:00;25;17.1;17.1;0.0
2026-05-16 19:00:00;25;15.3;15.948999999999996;-0.6489999999999956
2026-05-16 20:00:00;25;14.3;14.328;-0.027999999999998693
2026-05-16 21:00:00;25;13.5;13.426000000000002;0.07399999999999807
2026-05-16 22:00:00;25;12.4;12.931880000000001;-0.531880000000001
2026-05-16 23:00:00;25;11.8;11.715000000000005;0.08499999999999552
2026-05-17 00:00:00;25;11.1;11.210999999999995;-0.11099999999999532
2026-05-17 01:00:00;25;10.6;10.749999999999995;-0.14999999999999503
2026-05-17 02:00:00;25;10.4;10.310319999999997;0.08968000000000309
2026-05-17 03:00:00;25;10.2;10.109079999999995;0.09092000000000411
2026-05-17 04:00:00;25;10.1;10.197120000000002;-0.0971200000000021
2026-05-17 05:00:00;25;10.0;9.983679999999996;0.016320000000003887
2026-05-17 06:00:00;25;11.6;11.252519999999997;0.3474800000000027
2026-05-17 07:00:00;25;14.3;13.463999999999997;0.8360000000000039
2026-05-17 08:00:00;25;16.3;16.526000000000003;-0.22600000000000264
2026-05-17 09:00:00;25;17.5;17.697999999999993;-0.1979999999999933
2026-05-17 10:00:00;25;18.8;18.601999999999997;0.19800000000000395
2026-05-17 11:00:00;25;20.0;19.6;0.3999999999999986
2026-05-17 12:00:00;25;20.0;20.842;-0.8419999999999987
2026-05-17 13:00:00;25;19.6;20.201999999999995;-0.6019999999999932
2026-05-17 14:00:00;25;20.4;19.243;1.157
2026-05-17 15:00:00;25;21.4;20.250999999999998;1.149000000000001
2026-05-17 16:00:00;25;21.6;21.043999999999997;0.5560000000000045
2026-05-17 17:00:00;25;20.9;21.072000000000003;-0.17200000000000415
2026-05-17 18:00:00;25;19.6;19.948000000000015;-0.3480000000000132
2026-05-17 19:00:00;25;18.2;18.219999999999988;-0.019999999999988916
2026-05-17 20:00:00;25;17.1;17.142000000000007;-0.042000000000005144
2026-05-17 21:00:00;25;16.4;16.237;0.16300000000000026
2026-05-17 22:00:00;25;15.5;15.481000000000002;0.01899999999999835
2026-05-17 23:00:00;25;14.9;14.895;0.005000000000000782
2026-05-18 00:00:00;25;13.8;14.296279999999989;-0.49627999999998806
2026-05-18 01:00:00;25;13.4;13.340000000000009;0.059999999999991616
2026-05-18 02:00:00;25;13.0;13.084320000000007;-0.08432000000000706
2026-05-18 03:00:00;25;12.6;12.563880000000006;0.03611999999999327
2026-05-18 04:00:00;25;11.9;12.311560000000007;-0.4115600000000068
2026-05-18 05:00:00;25;11.8;11.481000000000003;0.3189999999999973
2026-05-18 06:00:00;25;13.8;12.608120000000007;1.191879999999994
2026-05-18 07:00:00;25;16.0;15.724999999999998;0.27500000000000213
2026-05-18 08:00:00;25;17.9;17.782000000000004;0.117999999999995
2026-05-18 09:00:00;25;19.2;19.44799999999999;-0.24799999999999045
2026-05-18 10:00:00;25;19.2;20.303000000000004;-1.103000000000005
2026-05-18 11:00:00;25;19.0;19.552;-0.5519999999999996
2026-05-18 12:00:00;25;20.6;19.295999999999992;1.3040000000000092
2026-05-18 13:00:00;25;21.5;20.840999999999994;0.659000000000006
2026-05-18 14:00:00;25;21.6;21.586000000000002;0.013999999999999346
2026-05-18 15:00:00;25;21.4;21.128;0.27199999999999847
2026-05-18 16:00:00;25;21.2;20.895;0.3049999999999997
2026-05-18 17:00:00;25;20.6;20.305000000000007;0.2949999999999946
2026-05-18 18:00:00;25;19.9;19.726000000000006;0.17399999999999238
2026-05-18 19:00:00;25;18.1;18.744999999999997;-0.644999999999996
2026-05-18 20:00:00;25;16.9;17.279000000000003;-0.3790000000000049
2026-05-18 21:00:00;25;16.1;16.03;0.07000000000000028
2026-05-18 22:00:00;25;15.2;15.48099999999999;-0.2809999999999899
2026-05-18 23:00:00;25;14.4;14.581199999999988;-0.18119999999998804
2026-05-19 00:00:00;25;13.6;13.86400000000001;-0.26400000000001
2026-05-19 01:00:00;25;13.664;13.199519999999996;0.46448000000000356
2026-05-19 02:00:00;25;13.728;13.520680000000002;0.2073199999999975
2026-05-19 03:00:00;25;13.792;13.647559999999999;0.14444000000000123
2026-05-19 04:00:00;25;13.856;13.678799999999997;0.1772000000000027
2026-05-19 05:00:00;25;13.92;13.889999999999997;0.030000000000002913
2026-05-19 06:00:00;25;13.984;14.93144;-0.9474400000000003
2026-05-19 07:00:00;25;14.048;15.363319999999998;-1.315319999999998
2026-05-19 08:00:00;25;14.112;15.052079999999998;-0.9400799999999983
2026-05-19 09:00:00;25;14.176;15.1886;-1.012599999999999
2026-05-19 10:00:00;25;14.24;15.1736;-0.9336000000000002
2026-05-19 11:00:00;25;14.304;14.959039999999998;-0.6550399999999978
2026-05-19 12:00:00;25;14.368;14.88012;-0.5121199999999995
2026-05-19 13:00:00;25;14.432;14.930560000000003;-0.498560000000003
2026-05-19 14:00:00;25;14.496;14.629440000000004;-0.13344000000000378
2026-05-19 15:00:00;25;14.56;14.699400000000004;-0.13940000000000374
2026-05-19 16:00:00;25;14.624;14.526960000000004;0.09703999999999624
2026-05-19 17:00:00;25;14.688;14.083320000000008;0.604679999999993
2026-05-19 18:00:00;25;14.752;14.150559999999999;0.601440000000002
2026-05-19 19:00:00;25;14.816;14.030999999999999;0.7850000000000019
2026-05-19 20:00:00;25;14.88;14.058;0.822000000000001
2026-05-19 21:00:00;25;14.944;14.272280000000007;0.6717199999999934
2026-05-19 22:00:00;25;15.008;14.31628;0.6917199999999983
2026-05-19 23:00:00;25;15.072;14.528999999999996;0.5430000000000028
2026-05-20 00:00:00;25;15.136;14.679199999999987;0.45680000000001186
2026-05-20 01:00:00;25;15.2;14.670199999999996;0.5298000000000034
2026-05-20 02:00:00;25;14.6;14.724399999999992;-0.12439999999999252
2026-05-20 03:00:00;25;14.1;13.948479999999996;0.1515200000000032
2026-05-20 04:00:00;25;13.9;13.61496000000001;0.28503999999998975
2026-05-20 05:00:00;25;14.3;13.861999999999997;0.43800000000000416
2026-05-20 06:00:00;25;16.9;14.808480000000005;2.091519999999994
2026-05-20 07:00:00;25;20.0;17.564000000000007;2.435999999999993
2026-05-20 08:00:00;25;22.4;21.37399999999999;1.026000000000007
2026-05-20 09:00:00;25;23.8;23.414999999999992;0.38500000000000867
2026-05-20 10:00:00;25;25.0;24.413999999999987;0.5860000000000127
2026-05-20 11:00:00;25;25.6;24.881999999999994;0.7180000000000071
2026-05-20 12:00:00;25;26.4;25.97;0.4299999999999997
2026-05-20 13:00:00;25;25.4;25.86;-0.46000000000000085
2026-05-20 14:00:00;25;24.3;24.386;-0.08599999999999852
2026-05-20 15:00:00;25;24.0;23.484;0.5159999999999982
2026-05-20 16:00:00;25;23.7;22.484;1.2159999999999975
2026-05-20 17:00:00;25;23.5;22.118999999999996;1.3810000000000038
2026-05-20 18:00:00;25;23.4;21.369999999999994;2.0300000000000047
2026-05-20 19:00:00;25;23.2;22.015;1.1849999999999987
2026-05-20 20:00:00;25;21.8;21.513999999999996;0.2860000000000049
2026-05-20 21:00:00;25;20.7;20.53800000000001;0.16199999999998838
2026-05-20 22:00:00;25;20.4;19.596000000000004;0.8039999999999949
2026-05-20 23:00:00;25;19.5;19.360999999999994;0.13900000000000645
2026-05-21 00:00:00;25;19.0;18.453000000000007;0.5469999999999935
2026-05-21 01:00:00;25;18.4;18.096000000000007;0.3039999999999914
2026-05-21 02:00:00;25;18.0;17.616999999999997;0.38300000000000267
2026-05-21 03:00:00;25;17.6;17.621;-0.020999999999997243
2026-05-21 04:00:00;25;17.3;17.323999999999995;-0.023999999999993804
2026-05-21 05:00:00;25;17.4;17.74448;-0.3444800000000008
2026-05-21 06:00:00;25;19.0;18.04447999999999;0.9555200000000106
2026-05-21 07:00:00;25;20.6;20.01499999999999;0.5850000000000115
2026-05-21 08:00:00;25;22.7;21.379;1.320999999999998
2026-05-21 09:00:00;25;24.6;23.991000000000014;0.6089999999999876
2026-05-21 10:00:00;25;26.2;25.332999999999988;0.8670000000000115
2026-05-21 11:00:00;25;27.4;26.746000000000002;0.6539999999999964
2026-05-21 12:00:00;25;28.2;27.838000000000008;0.3619999999999912
2026-05-21 13:00:00;25;27.1;27.546000000000017;-0.4460000000000157
2026-05-21 14:00:00;25;24.8;26.103000000000012;-1.3030000000000115
2026-05-21 15:00:00;25;24.5;24.012000000000004;0.487999999999996
2026-05-21 16:00:00;25;24.8;23.460000000000004;1.3399999999999963
2026-05-21 17:00:00;25;24.0;23.190999999999985;0.8090000000000153
2026-05-21 18:00:00;25;22.8;21.910999999999994;0.8890000000000065
2026-05-21 19:00:00;25;20.4;20.502;-0.10200000000000031
2026-05-21 20:00:00;25;18.6;18.66700000000001;-0.06700000000000728
2026-05-21 21:00:00;25;18.0;16.764000000000014;1.2359999999999864
2026-05-21 22:00:00;25;17.8;17.072;0.7280000000000015
2026-05-21 23:00:00;25;17.0;16.844000000000005;0.15599999999999525
2026-05-22 00:00:00;25;15.9;16.146999999999995;-0.24699999999999456
2026-05-22 01:00:00;25;15.8;15.288000000000002;0.5119999999999987
2026-05-22 02:00:00;25;15.6;15.10400000000001;0.4959999999999898
2026-05-22 03:00:00;25;15.2;15.07400000000001;0.1259999999999888
2026-05-22 04:00:00;25;14.9;14.774000000000008;0.12599999999999234
2026-05-22 05:00:00;25;15.6;14.719759999999985;0.8802400000000148
2026-05-22 06:00:00;25;17.9;16.91527999999999;0.98472000000001
2026-05-22 07:00:00;25;20.2;19.293999999999993;0.9060000000000059
2026-05-22 08:00:00;25;22.3;21.724999999999987;0.5750000000000135
2026-05-22 09:00:00;25;23.9;22.801;1.0990000000000002
2026-05-22 10:00:00;25;24.9;24.092000000000002;0.8079999999999963
2026-05-22 11:00:00;25;25.1;24.153000000000006;0.9469999999999956
2026-05-22 12:00:00;25;26.1;24.463;1.6370000000000005
2026-05-22 13:00:00;25;26.1;25.515999999999995;0.5840000000000067
2026-05-22 14:00:00;25;26.0;25.411000000000005;0.5889999999999951
2026-05-22 15:00:00;25;25.6;25.18800000000001;0.41199999999999193
2026-05-22 16:00:00;25;24.6;24.509;0.09100000000000108
2026-05-22 17:00:00;25;23.0;22.56999999999999;0.4300000000000104
2026-05-22 18:00:00;25;22.0;20.805999999999997;1.1940000000000026
2026-05-22 19:00:00;25;20.9;20.520999999999994;0.3790000000000049
2026-05-22 20:00:00;25;19.9;19.33700000000001;0.5629999999999882
2026-05-22 21:00:00;25;19.0;18.730000000000004;0.269999999999996
2026-05-22 22:00:00;25;18.2;17.995;0.2049999999999983
2026-05-22 23:00:00;25;17.5;17.183999999999997;0.3160000000000025
2026-05-23 00:00:00;25;15.9;16.445999999999998;-0.5459999999999976
2026-05-23 01:00:00;25;15.4;15.160999999999996;0.23900000000000432
2026-05-23 02:00:00;25;15.1;14.885000000000007;0.21499999999999275
2026-05-23 03:00:00;25;14.9;14.578000000000008;0.32199999999999207
2026-05-23 04:00:00;25;14.4;14.487560000000007;-0.08756000000000697
2026-05-23 05:00:00;25;15.1;14.169400000000005;0.9305999999999948
2026-05-23 06:00:00;25;16.9;16.45228;0.44772000000000034
2026-05-23 07:00:00;25;19.1;17.882999999999992;1.2170000000000094
2026-05-23 08:00:00;25;21.4;20.124000000000002;1.2759999999999962
2026-05-23 09:00:00;25;23.1;22.748;0.3520000000000003
2026-05-23 10:00:00;25;24.5;23.25300000000001;1.2469999999999892
2026-05-23 11:00:00;25;25.6;23.884999999999994;1.715000000000007
2026-05-23 12:00:00;25;27.0;25.547000000000008;1.4529999999999923
2026-05-23 13:00:00;25;27.5;26.398999999999997;1.1010000000000026
2026-05-23 14:00:00;25;27.5;26.62400000000001;0.8759999999999906
2026-05-23 15:00:00;25;27.2;26.582000000000008;0.6179999999999914
2026-05-23 16:00:00;25;26.5;26.17700000000002;0.3229999999999791
2026-05-23 17:00:00;25;25.6;25.223000000000006;0.37699999999999534
2026-05-23 18:00:00;25;24.9;23.526;1.3739999999999988
2026-05-23 19:00:00;25;23.4;23.017999999999986;0.3820000000000121
2026-05-23 20:00:00;25;22.8;21.916000000000004;0.8839999999999968
2026-05-23 21:00:00;25;21.7;21.58299999999999;0.11700000000000799
2026-05-23 22:00:00;25;20.8;20.744000000000007;0.05599999999999383
2026-05-23 23:00:00;25;20.2;19.450999999999993;0.7490000000000059
2026-05-24 00:00:00;25;18.6;18.720999999999997;-0.12099999999999511
2026-05-24 01:00:00;25;18.5;17.401999999999997;1.0980000000000025
2026-05-24 02:00:00;25;18.5;17.566;0.934000000000001
2026-05-24 03:00:00;25;17.6;17.522999999999996;0.07700000000000529
2026-05-24 04:00:00;25;16.7;16.578000000000003;0.12199999999999633
2026-05-24 05:00:00;25;17.0;16.283560000000005;0.7164399999999951
2026-05-24 06:00:00;25;19.4;17.12932;2.2706799999999987
2026-05-24 07:00:00;25;22.1;19.413999999999998;2.6860000000000035
2026-05-24 08:00:00;25;24.4;21.693999999999996;2.706000000000003
2026-05-24 09:00:00;25;26.0;24.652;1.347999999999999
2026-05-24 10:00:00;25;27.0;25.922000000000004;1.0779999999999959
2026-05-24 11:00:00;25;27.0;26.35699999999999;0.6430000000000113
2026-05-24 12:00:00;25;27.6;26.19100000000001;1.4089999999999918
2026-05-24 13:00:00;25;27.2;26.602000000000004;0.5979999999999954
2026-05-24 14:00:00;25;27.2;26.152000000000008;1.0479999999999912
2026-05-24 15:00:00;25;27.4;26.256000000000004;1.1439999999999948
2026-05-24 16:00:00;25;27.1;26.591000000000008;0.5089999999999932
2026-05-24 17:00:00;25;26.5;26.263000000000005;0.23699999999999477
2026-05-24 18:00:00;25;25.1;24.438000000000002;0.661999999999999
2026-05-24 19:00:00;25;22.7;22.81899999999999;-0.11899999999998911
2026-05-24 20:00:00;25;20.7;19.879999999999985;0.8200000000000145
2026-05-24 21:00:00;25;19.5;18.63700000000001;0.8629999999999889
2026-05-24 22:00:00;25;19.5;18.272000000000002;1.227999999999998
2026-05-24 23:00:00;25;19.6;18.346000000000007;1.2539999999999942
2026-05-25 00:00:00;25;18.0;18.619;-0.6189999999999998
2026-05-25 01:00:00;25;17.5;16.89399999999999;0.6060000000000088
2026-05-25 02:00:00;25;17.2;16.504999999999995;0.6950000000000038
2026-05-25 03:00:00;25;16.7;16.331000000000007;0.36899999999999267
2026-05-25 04:00:00;25;16.5;16.249560000000002;0.25043999999999755
2026-05-25 05:00:00;25;17.0;16.32388000000001;0.6761199999999903
2026-05-25 06:00:00;25;19.4;17.07324;2.32676
2026-05-25 07:00:00;25;22.6;19.442999999999998;3.1570000000000036
2026-05-25 08:00:00;25;25.5;22.930999999999994;2.569000000000006
2026-05-25 09:00:00;25;27.3;25.453000000000017;1.8469999999999835
2026-05-25 10:00:00;25;28.8;26.648000000000007;2.151999999999994
2026-05-25 11:00:00;25;29.9;27.702;2.197999999999997
2026-05-25 12:00:00;25;30.6;27.71800000000001;2.881999999999991
2026-05-25 13:00:00;25;30.8;27.960000000000015;2.8399999999999856
2026-05-25 14:00:00;25;30.7;27.885000000000012;2.814999999999987
2026-05-25 15:00:00;25;30.4;27.415000000000013;2.984999999999985
2026-05-25 16:00:00;25;29.7;27.40700000000001;2.2929999999999886
2026-05-25 17:00:00;25;29.0;27.13300000000002;1.8669999999999796
2026-05-25 18:00:00;25;28.0;27.04900000000002;0.9509999999999792
2026-05-25 19:00:00;25;25.5;26.568000000000016;-1.0680000000000156
2026-05-25 20:00:00;25;24.0;23.121999999999993;0.8780000000000072
2026-05-25 21:00:00;25;23.0;21.785;1.2149999999999999
2026-05-25 22:00:00;25;22.6;21.389;1.211000000000002
2026-05-25 23:00:00;25;21.6;21.49;0.11000000000000298
2026-05-26 00:00:00;25;18.8;19.88500000000001;-1.085000000000008
2026-05-26 01:00:00;25;17.9;17.489000000000004;0.41099999999999426
2026-05-26 02:00:00;25;17.6;17.219999999999988;0.3800000000000132
2026-05-26 03:00:00;25;17.8;16.389000000000003;1.4109999999999978
2026-05-26 04:00:00;25;17.6;18.062999999999985;-0.4629999999999832
2026-05-26 05:00:00;25;18.3;17.193999999999996;1.1060000000000052
2026-05-26 06:00:00;25;19.4;18.461;0.9390000000000001
2026-05-26 07:00:00;25;22.8;19.162000000000003;3.637999999999998
2026-05-26 08:00:00;25;25.6;23.312999999999988;2.2870000000000132
2026-05-26 09:00:00;25;27.8;25.938;1.8620000000000019
2026-05-26 10:00:00;25;29.3;27.284000000000013;2.0159999999999876
2026-05-26 11:00:00;25;30.5;27.811000000000014;2.688999999999986
2026-05-26 12:00:00;25;30.9;28.207000000000015;2.6929999999999836
2026-05-26 13:00:00;25;31.0;27.981000000000012;3.0189999999999877
2026-05-26 14:00:00;25;30.9;27.890000000000015;3.009999999999984
2026-05-26 15:00:00;25;30.3;27.795000000000012;2.5049999999999883
2026-05-26 16:00:00;25;29.6;27.358000000000015;2.2419999999999867
2026-05-26 17:00:00;25;28.7;27.15300000000002;1.5469999999999793
2026-05-26 18:00:00;25;27.5;27.07000000000002;0.4299999999999784
2026-05-26 19:00:00;25;25.1;26.11700000000001;-1.0170000000000101
2026-05-26 20:00:00;25;23.8;23.423999999999996;0.3760000000000048
2026-05-26 21:00:00;25;23.0;22.017000000000003;0.982999999999997
2026-05-26 22:00:00;25;22.2;21.894000000000005;0.30599999999999383
2026-05-26 23:00:00;25;21.4;20.997999999999994;0.4020000000000046
2026-05-27 00:00:00;25;19.5;19.98100000000001;-0.48100000000000875
2026-05-27 01:00:00;25;18.6;18.193999999999992;0.40600000000000946
2026-05-27 02:00:00;25;17.9;17.563999999999997;0.3360000000000021
2026-05-27 03:00:00;25;17.2;17.381999999999987;-0.18199999999998795
2026-05-27 04:00:00;25;16.8;16.432000000000013;0.3679999999999879
2026-05-27 05:00:00;25;17.0;16.14700000000001;0.8529999999999909
2026-05-27 06:00:00;25;18.6;17.035840000000004;1.5641599999999976
2026-05-27 07:00:00;25;21.7;19.291999999999987;2.408000000000012
2026-05-27 08:00:00;25;24.4;22.079;2.320999999999998
2026-05-27 09:00:00;25;26.8;25.194000000000003;1.605999999999998
2026-05-27 10:00:00;25;28.8;26.469999999999995;2.3300000000000054
2026-05-27 11:00:00;25;30.4;27.615;2.785
2026-05-27 12:00:00;25;32.0;27.456000000000014;4.543999999999986
2026-05-27 13:00:00;25;32.4;27.793000000000006;4.606999999999992
2026-05-27 14:00:00;25;32.0;27.65700000000001;4.342999999999989
2026-05-27 15:00:00;25;31.5;27.553000000000015;3.946999999999985
2026-05-27 16:00:00;25;31.0;27.607000000000014;3.3929999999999865
2026-05-27 17:00:00;25;30.0;27.470000000000006;2.529999999999994
2026-05-27 18:00:00;25;28.7;27.020000000000024;1.6799999999999748
2026-05-27 19:00:00;25;27.2;26.900000000000023;0.29999999999997584
2026-05-27 20:00:00;25;26.4;25.932000000000002;0.4679999999999964
2026-05-27 21:00:00;25;25.7;24.505;1.1950000000000003
2026-05-27 22:00:00;25;24.6;23.824;0.7759999999999998
2026-05-27 23:00:00;25;24.1;22.66;1.4400000000000013
2026-05-28 00:00:00;25;24.1;22.028999999999993;2.0710000000000086
2026-05-28 01:00:00;25;24.2;23.104;1.096
2026-05-28 02:00:00;25;23.8;23.471000000000007;0.3289999999999935
2026-05-28 03:00:00;25;22.5;22.278;0.2220000000000013
2026-05-28 04:00:00;25;20.8;20.891000000000012;-0.09100000000001174
2026-05-28 05:00:00;25;20.5;19.51300000000001;0.9869999999999912
2026-05-28 06:00:00;25;23.5;19.644999999999996;3.855000000000004
2026-05-28 07:00:00;25;27.5;22.944000000000003;4.555999999999997
2026-05-28 08:00:00;25;31.2;27.383000000000017;3.8169999999999824
2026-05-28 09:00:00;25;31.9;27.921000000000017;3.9789999999999814
2026-05-28 10:00:00;25;32.8;27.906000000000017;4.893999999999981
2026-05-28 11:00:00;25;34.0;27.713000000000015;6.286999999999985
2026-05-28 12:00:00;25;35.2;27.72300000000001;7.476999999999993
2026-05-28 13:00:00;25;35.9;27.834000000000014;8.065999999999985
2026-05-28 14:00:00;25;36.2;28.116000000000014;8.083999999999989
2026-05-28 15:00:00;25;36.0;28.071000000000016;7.928999999999984
2026-05-28 16:00:00;25;35.3;28.02500000000002;7.274999999999977
2026-05-28 17:00:00;25;34.2;27.724000000000018;6.475999999999985
2026-05-28 18:00:00;25;32.0;27.72300000000002;4.27699999999998
2026-05-28 19:00:00;25;29.7;27.131000000000025;2.568999999999974
2026-05-28 20:00:00;25;29.0;27.173000000000016;1.826999999999984
2026-05-28 21:00:00;25;27.3;27.14200000000002;0.15799999999997993
2026-05-28 22:00:00;25;27.0;26.188000000000006;0.8119999999999941
2026-05-28 23:00:00;25;27.1;26.528000000000016;0.571999999999985
2026-05-29 00:00:00;25;26.4;26.155000000000015;0.24499999999998323
2026-05-29 01:00:00;25;25.3;24.920000000000005;0.37999999999999545
2026-05-29 02:00:00;25;24.5;24.188000000000006;0.31199999999999406
2026-05-29 03:00:00;25;23.6;23.570000000000014;0.029999999999986926
2026-05-29 04:00:00;25;22.1;22.461;-0.3609999999999971
2026-05-29 05:00:00;25;21.6;21.001999999999995;0.5980000000000061
2026-05-29 06:00:00;25;21.7;20.705000000000005;0.9949999999999939
2026-05-29 07:00:00;25;23.7;21.131000000000004;2.5689999999999955
2026-05-29 08:00:00;25;26.1;22.795;3.3049999999999997
2026-05-29 09:00:00;25;28.0;25.727999999999998;2.272000000000002
2026-05-29 10:00:00;25;29.0;27.199000000000005;1.8009999999999948
2026-05-29 11:00:00;25;28.6;27.412000000000006;1.1879999999999953
2026-05-29 12:00:00;25;29.6;27.345000000000006;2.2549999999999955
2026-05-29 13:00:00;25;30.0;27.354000000000013;2.6459999999999866
2026-05-29 14:00:00;25;30.3;27.34500000000001;2.954999999999991
2026-05-29 15:00:00;25;30.0;27.312000000000012;2.687999999999988
2026-05-29 16:00:00;25;29.6;27.21900000000001;2.380999999999993
2026-05-29 17:00:00;25;29.2;27.032000000000018;2.1679999999999815
2026-05-29 18:00:00;25;27.6;26.96300000000002;0.6369999999999827
2026-05-29 19:00:00;25;26.0;26.046000000000014;-0.046000000000013586
2026-05-29 20:00:00;25;24.9;24.06999999999999;0.830000000000009
2026-05-29 21:00:00;25;24.0;23.672999999999984;0.32700000000001594
2026-05-29 22:00:00;25;23.2;22.376999999999995;0.823000000000004
2026-05-29 23:00:00;25;22.5;21.85900000000001;0.6409999999999911
2026-05-30 00:00:00;25;20.7;20.049999999999997;0.6500000000000021
2026-05-30 01:00:00;25;20.3;19.033000000000005;1.266999999999996
2026-05-30 02:00:00;25;19.8;18.998999999999995;0.8010000000000055
2026-05-30 03:00:00;25;19.4;18.745;0.6549999999999976
2026-05-30 04:00:00;25;19.1;18.453999999999997;0.6460000000000043
2026-05-30 05:00:00;25;19.5;18.217000000000002;1.2829999999999977
2026-05-30 06:00:00;25;21.0;18.584;2.4160000000000004
2026-05-30 07:00:00;25;23.7;21.319000000000013;2.380999999999986
2026-05-30 08:00:00;25;25.8;23.094000000000005;2.705999999999996
2026-05-30 09:00:00;25;27.4;25.530000000000005;1.869999999999994
2026-05-30 10:00:00;25;28.3;26.68000000000001;1.6199999999999903
2026-05-30 11:00:00;25;28.5;27.42000000000002;1.0799999999999805
2026-05-30 12:00:00;25;29.4;27.32500000000001;2.0749999999999886
2026-05-30 13:00:00;25;29.4;27.21900000000002;2.1809999999999796
2026-05-30 14:00:00;25;29.5;27.108000000000008;2.3919999999999924
2026-05-30 15:00:00;25;29.1;27.061000000000014;2.0389999999999873
2026-05-30 16:00:00;25;27.9;27.085000000000015;0.8149999999999835
2026-05-30 17:00:00;25;27.5;26.40700000000001;1.0929999999999893
2026-05-30 18:00:00;25;26.9;26.12000000000002;0.7799999999999798
2026-05-30 19:00:00;25;25.5;25.107999999999997;0.392000000000003
2026-05-30 20:00:00;25;25.0;23.43399999999999;1.5660000000000096
2026-05-30 21:00:00;25;24.6;23.32399999999999;1.2760000000000105
2026-05-30 22:00:00;25;24.8;22.548;2.2520000000000024
2026-05-30 23:00:00;25;25.1;23.059999999999988;2.0400000000000134
2026-05-13 00:00:00;26;10.5;10.546000000000001;-0.04600000000000115
2026-05-13 01:00:00;26;9.8;10.237600000000004;-0.4376000000000033
2026-05-13 02:00:00;26;9.0;9.114000000000003;-0.11400000000000254
2026-05-13 03:00:00;26;8.8;8.406999999999996;0.39300000000000423
2026-05-13 04:00:00;26;8.9;8.54876;0.35124000000000066
2026-05-13 05:00:00;26;9.1;8.885320000000002;0.21467999999999776
2026-05-13 06:00:00;26;9.9;9.719199999999997;0.18080000000000318
2026-05-13 07:00:00;26;10.0;10.777000000000003;-0.7770000000000028
2026-05-13 08:00:00;26;10.9;10.548359999999997;0.3516400000000033
2026-05-13 09:00:00;26;12.4;11.803120000000009;0.5968799999999916
2026-05-13 10:00:00;26;12.4;13.565;-1.1649999999999991
2026-05-13 11:00:00;26;11.8;12.941000000000006;-1.1410000000000053
2026-05-13 12:00:00;26;10.4;11.894679999999994;-1.4946799999999936
2026-05-13 13:00:00;26;10.9;10.380240000000006;0.5197599999999944
2026-05-13 14:00:00;26;11.9;10.605799999999999;1.2942000000000018
2026-05-13 15:00:00;26;10.4;11.678600000000001;-1.2786000000000008
2026-05-13 16:00:00;26;11.2;10.316999999999997;0.8830000000000027
2026-05-13 17:00:00;26;11.3;11.046680000000002;0.25331999999999866
2026-05-13 18:00:00;26;10.5;11.152200000000002;-0.6522000000000023
2026-05-13 19:00:00;26;9.8;9.883719999999999;-0.0837199999999978
2026-05-13 20:00:00;26;9.3;9.324200000000001;-0.024200000000000443
2026-05-13 21:00:00;26;8.3;9.037520000000004;-0.7375200000000035
2026-05-13 22:00:00;26;7.5;7.778;-0.2779999999999996
2026-05-13 23:00:00;26;7.1;7.126000000000001;-0.026000000000001577
2026-05-14 00:00:00;26;7.0;6.8750000000000036;0.12499999999999645
2026-05-14 01:00:00;26;7.0;6.969160000000005;0.030839999999995094
2026-05-14 02:00:00;26;6.9;6.897680000000001;0.0023199999999992116
2026-05-14 03:00:00;26;6.3;6.763640000000001;-0.4636400000000016
2026-05-14 04:00:00;26;6.4;6.0696;0.3304
2026-05-14 05:00:00;26;6.4;6.22016;0.17984000000000044
2026-05-14 06:00:00;26;7.5;7.605999999999998;-0.1059999999999981
2026-05-14 07:00:00;26;8.3;8.904799999999996;-0.6047999999999956
2026-05-14 08:00:00;26;9.6;9.449999999999996;0.1500000000000039
2026-05-14 09:00:00;26;8.6;10.750999999999998;-2.150999999999998
2026-05-14 10:00:00;26;9.1;9.216240000000004;-0.11624000000000478
2026-05-14 11:00:00;26;10.1;9.748320000000001;0.3516799999999982
2026-05-14 12:00:00;26;11.4;10.696;0.7040000000000006
2026-05-14 13:00:00;26;9.7;11.728800000000003;-2.028800000000004
2026-05-14 14:00:00;26;11.1;9.848799999999999;1.2512000000000008
2026-05-14 15:00:00;26;11.4;11.136;0.2640000000000011
2026-05-14 16:00:00;26;11.2;11.277000000000003;-0.07700000000000351
2026-05-14 17:00:00;26;10.7;11.047;-0.3470000000000013
2026-05-14 18:00:00;26;9.6;10.185000000000006;-0.5850000000000062
2026-05-14 19:00:00;26;8.4;8.727999999999998;-0.3279999999999976
2026-05-14 20:00:00;26;7.1;7.6110000000000015;-0.5110000000000019
2026-05-14 21:00:00;26;6.2;6.245999999999996;-0.04599999999999582
2026-05-14 22:00:00;26;5.6;5.498000000000002;0.10199999999999765
2026-05-14 23:00:00;26;5.1;4.855199999999999;0.24480000000000057
2026-05-15 00:00:00;26;5.2;4.77756;0.4224399999999999
2026-05-15 01:00:00;26;4.6;5.176440000000002;-0.5764400000000025
2026-05-15 02:00:00;26;4.2;4.237600000000001;-0.03760000000000119
2026-05-15 03:00:00;26;4.2;3.875;0.3250000000000002
2026-05-15 04:00:00;26;4.2;4.038;0.16199999999999992
2026-05-15 05:00:00;26;4.8;3.8870000000000005;0.9129999999999994
2026-05-15 06:00:00;26;6.7;5.743000000000002;0.9569999999999981
2026-05-15 07:00:00;26;8.4;8.965000000000002;-0.5650000000000013
2026-05-15 08:00:00;26;10.1;10.017000000000001;0.08299999999999841
2026-05-15 09:00:00;26;8.1;11.683000000000002;-3.583000000000002
2026-05-15 10:00:00;26;10.0;8.725040000000005;1.2749599999999948
2026-05-15 11:00:00;26;11.7;11.602;0.09799999999999898
2026-05-15 12:00:00;26;11.4;12.564999999999996;-1.1649999999999956
2026-05-15 13:00:00;26;11.9;11.482000000000003;0.4179999999999975
2026-05-15 14:00:00;26;12.3;12.234000000000005;0.0659999999999954
2026-05-15 15:00:00;26;12.5;12.257800000000005;0.24219999999999509
2026-05-15 16:00:00;26;11.9;12.333960000000008;-0.4339600000000079
2026-05-15 17:00:00;26;11.2;11.597000000000001;-0.397000000000002
2026-05-15 18:00:00;26;10.1;10.164000000000001;-0.06400000000000183
2026-05-15 19:00:00;26;9.6;9.292000000000002;0.30799999999999805
2026-05-15 20:00:00;26;8.6;9.192;-0.5920000000000005
2026-05-15 21:00:00;26;8.0;7.930680000000001;0.06931999999999938
2026-05-15 22:00:00;26;7.2;7.336999999999998;-0.1369999999999978
2026-05-15 23:00:00;26;7.2;6.39;0.8100000000000005
2026-05-16 00:00:00;26;6.4;6.713039999999999;-0.3130399999999982
2026-05-16 01:00:00;26;6.4;6.175;0.22500000000000053
2026-05-16 02:00:00;26;6.4;6.2213199999999995;0.17868000000000084
2026-05-16 03:00:00;26;5.7;6.30512;-0.6051199999999994
2026-05-16 04:00:00;26;5.4;5.41156;-0.011559999999999349
2026-05-16 05:00:00;26;5.7;5.045919999999998;0.6540800000000022
2026-05-16 06:00:00;26;7.1;7.3539999999999965;-0.2539999999999969
2026-05-16 07:00:00;26;8.6;8.624999999999995;-0.024999999999995026
2026-05-16 08:00:00;26;9.8;9.843;-0.04299999999999926
2026-05-16 09:00:00;26;11.2;10.713000000000001;0.4869999999999983
2026-05-16 10:00:00;26;12.4;12.286000000000001;0.11399999999999899
2026-05-16 11:00:00;26;12.6;13.339999999999993;-0.7399999999999931
2026-05-16 12:00:00;26;14.2;13.43548;0.7645199999999992
2026-05-16 13:00:00;26;14.6;14.745999999999999;-0.14599999999999902
2026-05-16 14:00:00;26;14.1;14.607000000000001;-0.5070000000000014
2026-05-16 15:00:00;26;13.2;13.82659999999999;-0.6265999999999909
2026-05-16 16:00:00;26;12.0;12.910000000000007;-0.9100000000000072
2026-05-16 17:00:00;26;11.3;11.617280000000003;-0.317280000000002
2026-05-16 18:00:00;26;11.6;10.24;1.3599999999999994
2026-05-16 19:00:00;26;11.4;11.086000000000002;0.3139999999999983
2026-05-16 20:00:00;26;11.0;10.984199999999998;0.015800000000002257
2026-05-16 21:00:00;26;10.7;10.798;-0.09800000000000075
2026-05-16 22:00:00;26;10.4;10.503000000000004;-0.10300000000000331
2026-05-16 23:00:00;26;10.2;10.120880000000003;0.07911999999999608
2026-05-17 00:00:00;26;10.1;10.253680000000005;-0.15368000000000492
2026-05-17 01:00:00;26;10.1;9.964279999999997;0.13572000000000273
2026-05-17 02:00:00;26;10.1;10.139280000000003;-0.03928000000000331
2026-05-17 03:00:00;26;9.8;10.097800000000005;-0.29780000000000406
2026-05-17 04:00:00;26;9.6;9.433759999999998;0.16624000000000194
2026-05-17 05:00:00;26;9.4;9.439480000000003;-0.039480000000002846
2026-05-17 06:00:00;26;10.6;9.969439999999997;0.6305600000000027
2026-05-17 07:00:00;26;11.6;11.751000000000003;-0.15100000000000335
2026-05-17 08:00:00;26;12.5;12.808000000000003;-0.3080000000000034
2026-05-17 09:00:00;26;11.8;13.181999999999995;-1.3819999999999943
2026-05-17 10:00:00;26;12.1;12.092879999999997;0.007120000000002236
2026-05-17 11:00:00;26;13.4;12.563000000000006;0.8369999999999944
2026-05-17 12:00:00;26;13.1;14.128;-1.0280000000000005
2026-05-17 13:00:00;26;13.8;13.51048;0.28952000000000133
2026-05-17 14:00:00;26;14.2;13.880359999999998;0.3196400000000015
2026-05-17 15:00:00;26;14.0;14.0372;-0.037200000000000344
2026-05-17 16:00:00;26;13.8;13.884720000000002;-0.0847200000000008
2026-05-17 17:00:00;26;13.1;12.901000000000003;0.1989999999999963
2026-05-17 18:00:00;26;12.7;12.165999999999999;0.5340000000000007
2026-05-17 19:00:00;26;11.6;12.202;-0.6020000000000003
2026-05-17 20:00:00;26;10.4;10.958;-0.5579999999999998
2026-05-17 21:00:00;26;9.9;9.756999999999998;0.14300000000000246
2026-05-17 22:00:00;26;9.6;9.418;0.18200000000000038
2026-05-17 23:00:00;26;9.1;9.1592;-0.059200000000000585
2026-05-18 00:00:00;26;9.2;8.787160000000002;0.41283999999999743
2026-05-18 01:00:00;26;8.6;8.909640000000001;-0.3096400000000017
2026-05-18 02:00:00;26;8.1;8.410960000000001;-0.31096000000000146
2026-05-18 03:00:00;26;7.8;7.764079999999996;0.035920000000003505
2026-05-18 04:00:00;26;7.3;7.530640000000004;-0.23064000000000462
2026-05-18 05:00:00;26;7.4;6.947319999999999;0.45268000000000175
2026-05-18 06:00:00;26;9.2;8.663000000000004;0.5369999999999955
2026-05-18 07:00:00;26;9.8;11.206999999999999;-1.4069999999999983
2026-05-18 08:00:00;26;10.5;10.763;-0.2629999999999999
2026-05-18 09:00:00;26;11.8;11.273120000000004;0.5268799999999967
2026-05-18 10:00:00;26;12.3;12.956000000000008;-0.6560000000000077
2026-05-18 11:00:00;26;12.3;12.943999999999999;-0.6439999999999984
2026-05-18 12:00:00;26;13.7;12.846119999999994;0.8538800000000055
2026-05-18 13:00:00;26;13.8;14.029759999999996;-0.2297599999999953
2026-05-18 14:00:00;26;13.9;13.890360000000001;0.009639999999999205
2026-05-18 15:00:00;26;13.6;13.689599999999995;-0.08959999999999546
2026-05-18 16:00:00;26;13.8;13.521080000000005;0.27891999999999584
2026-05-18 17:00:00;26;13.5;13.104000000000001;0.395999999999999
2026-05-18 18:00:00;26;13.1;12.463000000000005;0.6369999999999951
2026-05-18 19:00:00;26;12.3;12.163000000000002;0.13699999999999868
2026-05-18 20:00:00;26;10.8;11.429000000000007;-0.6290000000000067
2026-05-18 21:00:00;26;10.2;9.937999999999999;0.26200000000000045
2026-05-18 22:00:00;26;10.1;9.709000000000001;0.39099999999999824
2026-05-18 23:00:00;26;10.1;9.824960000000003;0.27503999999999706
2026-05-19 00:00:00;26;10.4;9.942679999999998;0.45732000000000284
2026-05-19 01:00:00;26;10.476;10.296600000000002;0.17939999999999934
2026-05-19 02:00:00;26;10.552;10.274960000000004;0.27703999999999596
2026-05-19 03:00:00;26;10.628;10.373040000000001;0.25495999999999874
2026-05-19 04:00:00;26;10.704;10.478960000000004;0.22503999999999635
2026-05-19 05:00:00;26;10.78;10.66084;0.11915999999999904
2026-05-19 06:00:00;26;10.856;11.338680000000004;-0.4826800000000038
2026-05-19 07:00:00;26;10.932;11.164239999999992;-0.232239999999992
2026-05-19 08:00:00;26;11.008;11.391799999999995;-0.3837999999999955
2026-05-19 09:00:00;26;11.084;11.462879999999998;-0.3788799999999988
2026-05-19 10:00:00;26;11.16;11.479719999999995;-0.3197199999999949
2026-05-19 11:00:00;26;11.236;11.469239999999992;-0.23323999999999145
2026-05-19 12:00:00;26;11.312;11.487039999999995;-0.17503999999999564
2026-05-19 13:00:00;26;11.388;11.37416;0.013840000000000074
2026-05-19 14:00:00;26;11.464;11.268800000000004;0.19519999999999627
2026-05-19 15:00:00;26;11.54;11.46124;0.07875999999999905
2026-05-19 16:00:00;26;11.616;11.417960000000004;0.19803999999999533
2026-05-19 17:00:00;26;11.692;11.401560000000003;0.2904399999999967
2026-05-19 18:00:00;26;11.768;11.233000000000002;0.5349999999999984
2026-05-19 19:00:00;26;11.844;11.500920000000006;0.3430799999999934
2026-05-19 20:00:00;26;11.92;11.713360000000007;0.20663999999999305
2026-05-19 21:00:00;26;11.996;11.760640000000006;0.23535999999999468
2026-05-19 22:00:00;26;12.072;11.75128;0.32071999999999967
2026-05-19 23:00:00;26;12.148;11.72372;0.42427999999999955
2026-05-20 00:00:00;26;12.224;11.978119999999999;0.24588000000000143
2026-05-20 01:00:00;26;12.3;12.016040000000002;0.28395999999999866
2026-05-20 02:00:00;26;11.9;11.965600000000004;-0.06560000000000343
2026-05-20 03:00:00;26;11.6;11.516440000000003;0.08355999999999675
2026-05-20 04:00:00;26;11.4;11.247640000000004;0.15235999999999628
2026-05-20 05:00:00;26;11.6;11.255560000000001;0.34443999999999875
2026-05-20 06:00:00;26;12.5;11.965480000000005;0.5345199999999952
2026-05-20 07:00:00;26;13.7;13.286999999999995;0.4130000000000038
2026-05-20 08:00:00;26;14.1;14.613999999999999;-0.5139999999999993
2026-05-20 09:00:00;26;15.5;14.951319999999999;0.548680000000001
2026-05-20 10:00:00;26;17.0;16.32;0.6799999999999997
2026-05-20 11:00:00;26;17.5;17.818999999999992;-0.31899999999999196
2026-05-20 12:00:00;26;16.5;17.238999999999994;-0.7389999999999937
2026-05-20 13:00:00;26;17.1;16.041000000000004;1.0589999999999975
2026-05-20 14:00:00;26;18.0;17.255999999999997;0.7440000000000033
2026-05-20 15:00:00;26;18.1;17.974999999999994;0.1250000000000071
2026-05-20 16:00:00;26;18.1;17.837;0.2630000000000017
2026-05-20 17:00:00;26;17.5;17.125000000000007;0.3749999999999929
2026-05-20 18:00:00;26;16.8;16.452000000000012;0.3479999999999883
2026-05-20 19:00:00;26;15.6;15.437999999999995;0.16200000000000436
2026-05-20 20:00:00;26;14.1;14.642400000000007;-0.5424000000000078
2026-05-20 21:00:00;26;13.4;13.242;0.15799999999999947
2026-05-20 22:00:00;26;12.9;12.965440000000003;-0.06544000000000239
2026-05-20 23:00:00;26;11.9;12.372;-0.47199999999999953
2026-05-21 00:00:00;26;11.1;11.353999999999996;-0.253999999999996
2026-05-21 01:00:00;26;10.6;10.783000000000001;-0.1830000000000016
2026-05-21 02:00:00;26;10.2;10.236000000000004;-0.03600000000000492
2026-05-21 03:00:00;26;10.0;9.897000000000004;0.1029999999999962
2026-05-21 04:00:00;26;9.4;9.704600000000003;-0.3046000000000024
2026-05-21 05:00:00;26;9.7;8.992;0.7079999999999984
2026-05-21 06:00:00;26;11.4;10.844839999999998;0.5551600000000025
2026-05-21 07:00:00;26;13.1;13.182199999999993;-0.08219999999999317
2026-05-21 08:00:00;26;15.1;14.888120000000004;0.2118799999999954
2026-05-21 09:00:00;26;17.5;16.814000000000004;0.6859999999999964
2026-05-21 10:00:00;26;19.1;18.798999999999996;0.3010000000000055
2026-05-21 11:00:00;26;20.1;20.191000000000003;-0.09100000000000108
2026-05-21 12:00:00;26;21.4;21.024;0.37599999999999767
2026-05-21 13:00:00;26;21.9;21.94599999999999;-0.04599999999999227
2026-05-21 14:00:00;26;22.0;21.885000000000012;0.11499999999998778
2026-05-21 15:00:00;26;22.3;21.805;0.495000000000001
2026-05-21 16:00:00;26;22.1;21.709000000000007;0.3909999999999947
2026-05-21 17:00:00;26;21.8;20.947999999999997;0.8520000000000039
2026-05-21 18:00:00;26;20.9;20.477;0.42299999999999827
2026-05-21 19:00:00;26;19.4;18.994000000000007;0.4059999999999917
2026-05-21 20:00:00;26;17.6;17.868000000000006;-0.26800000000000423
2026-05-21 21:00:00;26;16.9;16.280999999999995;0.6190000000000033
2026-05-21 22:00:00;26;16.0;16.048999999999992;-0.04899999999999238
2026-05-21 23:00:00;26;15.4;14.982000000000003;0.4179999999999975
2026-05-22 00:00:00;26;14.6;14.453200000000013;0.1467999999999865
2026-05-22 01:00:00;26;13.8;13.882599999999991;-0.08259999999999046
2026-05-22 02:00:00;26;13.2;13.031;0.1689999999999987
2026-05-22 03:00:00;26;12.9;12.693999999999999;0.2060000000000013
2026-05-22 04:00:00;26;12.6;12.389920000000002;0.21007999999999782
2026-05-22 05:00:00;26;13.1;12.342680000000012;0.7573199999999876
2026-05-22 06:00:00;26;15.4;14.24744;1.1525600000000011
2026-05-22 07:00:00;26;17.5;17.291999999999998;0.20800000000000196
2026-05-22 08:00:00;26;19.6;18.91399999999999;0.6860000000000106
2026-05-22 09:00:00;26;21.8;20.773000000000003;1.0269999999999975
2026-05-22 10:00:00;26;23.4;22.801000000000002;0.5989999999999966
2026-05-22 11:00:00;26;24.2;23.730000000000004;0.4699999999999953
2026-05-22 12:00:00;26;25.6;24.448999999999998;1.1510000000000034
2026-05-22 13:00:00;26;26.0;25.405000000000005;0.5949999999999953
2026-05-22 14:00:00;26;26.3;25.62000000000002;0.679999999999982
2026-05-22 15:00:00;26;26.4;25.51600000000001;0.8839999999999897
2026-05-22 16:00:00;26;26.1;25.42000000000001;0.6799999999999926
2026-05-22 17:00:00;26;25.6;24.824;0.7759999999999998
2026-05-22 18:00:00;26;25.2;23.497000000000003;1.7029999999999959
2026-05-22 19:00:00;26;23.4;22.857;0.5429999999999993
2026-05-22 20:00:00;26;21.5;21.192999999999994;0.3070000000000057
2026-05-22 21:00:00;26;20.5;19.973999999999993;0.5260000000000069
2026-05-22 22:00:00;26;19.5;18.572000000000006;0.9279999999999937
2026-05-22 23:00:00;26;18.7;18.165999999999993;0.534000000000006
2026-05-23 00:00:00;26;17.4;17.286;0.11399999999999721
2026-05-23 01:00:00;26;16.6;16.164;0.43599999999999994
2026-05-23 02:00:00;26;16.1;15.986999999999993;0.11300000000000843
2026-05-23 03:00:00;26;15.7;15.266000000000002;0.4339999999999975
2026-05-23 04:00:00;26;15.4;15.065000000000005;0.3349999999999955
2026-05-23 05:00:00;26;15.8;14.983999999999988;0.8160000000000132
2026-05-23 06:00:00;26;17.6;16.61863999999999;0.9813600000000129
2026-05-23 07:00:00;26;19.6;17.549;2.051000000000002
2026-05-23 08:00:00;26;22.0;21.46399999999999;0.5360000000000085
2026-05-23 09:00:00;26;23.9;22.048;1.8520000000000003
2026-05-23 10:00:00;26;25.8;24.076000000000004;1.7239999999999966
2026-05-23 11:00:00;26;27.2;25.72300000000001;1.4769999999999897
2026-05-23 12:00:00;26;28.9;26.633999999999997;2.266000000000002
2026-05-23 13:00:00;26;29.4;27.70500000000001;1.6949999999999896
2026-05-23 14:00:00;26;29.5;27.613000000000003;1.886999999999997
2026-05-23 15:00:00;26;29.5;27.369000000000014;2.130999999999986
2026-05-23 16:00:00;26;29.0;27.31000000000001;1.6899999999999906
2026-05-23 17:00:00;26;28.2;27.096000000000014;1.103999999999985
2026-05-23 18:00:00;26;26.4;26.93300000000001;-0.5330000000000119
2026-05-23 19:00:00;26;24.0;24.487;-0.4869999999999983
2026-05-23 20:00:00;26;22.1;21.185999999999993;0.9140000000000086
2026-05-23 21:00:00;26;20.9;20.03599999999999;0.8640000000000079
2026-05-23 22:00:00;26;19.5;19.24700000000001;0.25299999999998946
2026-05-23 23:00:00;26;18.4;18.139999999999993;0.2600000000000051
2026-05-24 00:00:00;26;17.8;17.198999999999998;0.6010000000000026
2026-05-24 01:00:00;26;17.2;17.147999999999993;0.05200000000000671
2026-05-24 02:00:00;26;16.8;16.201000000000008;0.5989999999999931
2026-05-24 03:00:00;26;16.4;15.951;0.44899999999999807
2026-05-24 04:00:00;26;15.9;15.868999999999998;0.03100000000000236
2026-05-24 05:00:00;26;16.7;15.959599999999996;0.7404000000000028
2026-05-24 06:00:00;26;19.0;16.91200000000001;2.0879999999999903
2026-05-24 07:00:00;26;21.5;19.491999999999997;2.0080000000000027
2026-05-24 08:00:00;26;24.0;20.332000000000015;3.667999999999985
2026-05-24 09:00:00;26;26.0;23.599999999999994;2.4000000000000057
2026-05-24 10:00:00;26;27.3;25.982999999999997;1.3170000000000037
2026-05-24 11:00:00;26;28.4;26.713;1.6869999999999976
2026-05-24 12:00:00;26;29.8;27.664;2.1359999999999992
2026-05-24 13:00:00;26;30.0;27.598000000000006;2.401999999999994
2026-05-24 14:00:00;26;30.4;27.37500000000001;3.024999999999988
2026-05-24 15:00:00;26;30.3;27.23400000000001;3.065999999999992
2026-05-24 16:00:00;26;29.8;27.18300000000001;2.6169999999999902
2026-05-24 17:00:00;26;29.0;26.976000000000013;2.0239999999999867
2026-05-24 18:00:00;26;27.5;26.937000000000012;0.5629999999999882
2026-05-24 19:00:00;26;25.9;26.002000000000017;-0.10200000000001808
2026-05-24 20:00:00;26;24.1;23.816999999999997;0.2830000000000048
2026-05-24 21:00:00;26;23.0;21.287000000000003;1.7129999999999974
2026-05-24 22:00:00;26;22.1;20.925000000000004;1.1749999999999972
2026-05-24 23:00:00;26;21.5;20.10099999999999;1.3990000000000116
2026-05-25 00:00:00;26;21.0;19.85000000000001;1.1499999999999915
2026-05-25 01:00:00;26;20.6;19.452000000000005;1.1479999999999961
2026-05-25 02:00:00;26;20.0;18.894000000000002;1.105999999999998
2026-05-25 03:00:00;26;19.6;18.793000000000003;0.8069999999999986
2026-05-25 04:00:00;26;19.1;18.400000000000006;0.6999999999999957
2026-05-25 05:00:00;26;19.2;18.067000000000004;1.1329999999999956
2026-05-25 06:00:00;26;20.9;18.416000000000007;2.483999999999991
2026-05-25 07:00:00;26;22.7;21.128000000000007;1.571999999999992
2026-05-25 08:00:00;26;24.8;21.070999999999998;3.7290000000000028
2026-05-25 09:00:00;26;26.9;23.964999999999986;2.935000000000013
2026-05-25 10:00:00;26;28.9;26.374999999999996;2.525000000000002
2026-05-25 11:00:00;26;30.4;27.489000000000015;2.9109999999999836
2026-05-25 12:00:00;26;31.5;27.522000000000016;3.9779999999999838
2026-05-25 13:00:00;26;31.5;27.346000000000018;4.153999999999982
2026-05-25 14:00:00;26;31.8;27.274000000000015;4.525999999999986
2026-05-25 15:00:00;26;31.7;27.24800000000002;4.45199999999998
2026-05-25 16:00:00;26;31.2;26.99100000000002;4.208999999999978
2026-05-25 17:00:00;26;30.1;26.81400000000003;3.285999999999973
2026-05-25 18:00:00;26;29.1;26.891000000000023;2.2089999999999783
2026-05-25 19:00:00;26;27.2;26.865000000000023;0.334999999999976
2026-05-25 20:00:00;26;25.3;25.80200000000001;-0.5020000000000095
2026-05-25 21:00:00;26;24.2;23.027999999999988;1.1720000000000113
2026-05-25 22:00:00;26;23.3;21.713999999999995;1.5860000000000056
2026-05-25 23:00:00;26;22.4;21.337;1.0629999999999988
2026-05-26 00:00:00;26;21.1;20.871;0.22900000000000276
2026-05-26 01:00:00;26;20.4;19.66800000000001;0.7319999999999887
2026-05-26 02:00:00;26;19.4;19.230999999999998;0.16900000000000048
2026-05-26 03:00:00;26;18.5;18.285999999999998;0.2140000000000022
2026-05-26 04:00:00;26;17.8;18.540999999999993;-0.7409999999999926
2026-05-26 05:00:00;26;17.9;18.452999999999996;-0.5529999999999973
2026-05-26 06:00:00;26;20.3;18.69899999999999;1.6010000000000097
2026-05-26 07:00:00;26;22.5;21.470999999999993;1.029000000000007
2026-05-26 08:00:00;26;25.2;22.600999999999996;2.5990000000000038
2026-05-26 09:00:00;26;27.8;25.85800000000001;1.9419999999999895
2026-05-26 10:00:00;26;29.5;28.164000000000023;1.3359999999999772
2026-05-26 11:00:00;26;30.6;28.511;2.089000000000002
2026-05-26 12:00:00;26;32.0;28.477000000000004;3.522999999999996
2026-05-26 13:00:00;26;32.0;28.29300000000001;3.70699999999999
2026-05-26 14:00:00;26;32.3;28.287000000000013;4.012999999999984
2026-05-26 15:00:00;26;32.5;28.227000000000007;4.272999999999993
2026-05-26 16:00:00;26;32.1;28.17200000000001;3.92799999999999
2026-05-26 17:00:00;26;31.1;27.631000000000014;3.468999999999987
2026-05-26 18:00:00;26;29.3;27.084000000000017;2.2159999999999833
2026-05-26 19:00:00;26;26.9;26.906000000000017;-0.006000000000017991
2026-05-26 20:00:00;26;24.8;25.221999999999998;-0.42199999999999704
2026-05-26 21:00:00;26;23.4;23.59599999999999;-0.19599999999999085
2026-05-26 22:00:00;26;22.4;22.130000000000006;0.26999999999999247
2026-05-26 23:00:00;26;21.5;21.127000000000006;0.372999999999994
2026-05-27 00:00:00;26;20.2;20.566000000000013;-0.36600000000001387
2026-05-27 01:00:00;26;19.0;19.057000000000002;-0.05700000000000216
2026-05-27 02:00:00;26;18.4;17.843999999999998;0.5560000000000009
2026-05-27 03:00:00;26;17.7;17.631;0.06899999999999906
2026-05-27 04:00:00;26;17.3;16.822999999999993;0.4770000000000074
2026-05-27 05:00:00;26;17.9;16.951;0.9489999999999981
2026-05-27 06:00:00;26;20.0;18.400999999999996;1.5990000000000038
2026-05-27 07:00:00;26;22.7;19.88199999999999;2.8180000000000085
2026-05-27 08:00:00;26;25.5;22.465999999999994;3.034000000000006
2026-05-27 09:00:00;26;27.6;25.443000000000012;2.1569999999999894
2026-05-27 10:00:00;26;28.6;26.921000000000006;1.678999999999995
2026-05-27 11:00:00;26;29.5;27.678000000000008;1.821999999999992
2026-05-27 12:00:00;26;31.0;28.145000000000003;2.854999999999997
2026-05-27 13:00:00;26;31.2;27.98700000000001;3.2129999999999903
2026-05-27 14:00:00;26;31.5;27.894000000000005;3.6059999999999945
2026-05-27 15:00:00;26;31.4;27.834000000000007;3.565999999999992
2026-05-27 16:00:00;26;31.0;27.755000000000017;3.2449999999999832
2026-05-27 17:00:00;26;30.4;27.187000000000022;3.212999999999976
2026-05-27 18:00:00;26;29.5;27.145000000000024;2.3549999999999756
2026-05-27 19:00:00;26;27.8;26.981000000000023;0.8189999999999777
2026-05-27 20:00:00;26;25.9;26.177000000000007;-0.27700000000000813
2026-05-27 21:00:00;26;24.6;24.180999999999994;0.4190000000000076
2026-05-27 22:00:00;26;24.0;22.91700000000001;1.0829999999999913
2026-05-27 23:00:00;26;23.1;22.06199999999999;1.038000000000011
2026-05-28 00:00:00;26;21.4;21.155000000000005;0.2449999999999939
2026-05-28 01:00:00;26;20.6;19.769000000000002;0.8309999999999995
2026-05-28 02:00:00;26;20.0;18.742000000000008;1.257999999999992
2026-05-28 03:00:00;26;19.4;18.84;0.5599999999999987
2026-05-28 04:00:00;26;18.9;18.264;0.6359999999999992
2026-05-28 05:00:00;26;19.2;18.01100000000001;1.1889999999999894
2026-05-28 06:00:00;26;20.9;18.401000000000003;2.4989999999999952
2026-05-28 07:00:00;26;22.6;20.641000000000005;1.958999999999996
2026-05-28 08:00:00;26;24.8;21.125;3.6750000000000007
2026-05-28 09:00:00;26;27.2;24.63899999999999;2.5610000000000106
2026-05-28 10:00:00;26;29.6;26.439000000000007;3.1609999999999943
2026-05-28 11:00:00;26;30.9;27.72300000000001;3.176999999999989
2026-05-28 12:00:00;26;30.0;27.71;2.289999999999999
2026-05-28 13:00:00;26;30.3;27.382000000000012;2.9179999999999886
2026-05-28 14:00:00;26;31.0;27.259000000000018;3.740999999999982
2026-05-28 15:00:00;26;30.2;27.406000000000017;2.7939999999999827
2026-05-28 16:00:00;26;28.2;27.005000000000017;1.1949999999999825
2026-05-28 17:00:00;26;29.1;26.98000000000002;2.1199999999999797
2026-05-28 18:00:00;26;29.6;27.031000000000027;2.568999999999974
2026-05-28 19:00:00;26;27.9;27.080000000000023;0.8199999999999754
2026-05-28 20:00:00;26;25.8;26.457000000000008;-0.6570000000000071
2026-05-28 21:00:00;26;25.0;23.716999999999988;1.283000000000012
2026-05-28 22:00:00;26;24.4;22.929999999999986;1.470000000000013
2026-05-28 23:00:00;26;23.4;21.745999999999995;1.6540000000000035
2026-05-29 00:00:00;26;21.8;20.576999999999998;1.2230000000000025
2026-05-29 01:00:00;26;21.2;19.848000000000003;1.3519999999999968
2026-05-29 02:00:00;26;20.9;19.400000000000006;1.499999999999993
2026-05-29 03:00:00;26;21.0;19.568000000000005;1.431999999999995
2026-05-29 04:00:00;26;20.6;19.54000000000001;1.0599999999999916
2026-05-29 05:00:00;26;20.8;18.962000000000003;1.8379999999999974
2026-05-29 06:00:00;26;21.2;19.152;2.0479999999999983
2026-05-29 07:00:00;26;23.0;20.563000000000002;2.4369999999999976
2026-05-29 08:00:00;26;24.6;21.020999999999994;3.5790000000000077
2026-05-29 09:00:00;26;26.0;23.504999999999995;2.4950000000000045
2026-05-29 10:00:00;26;26.9;25.13799999999999;1.7620000000000076
2026-05-29 11:00:00;26;27.8;25.67699999999998;2.1230000000000224
2026-05-29 12:00:00;26;28.7;26.977000000000007;1.7229999999999919
2026-05-29 13:00:00;26;29.0;27.583000000000006;1.4169999999999945
2026-05-29 14:00:00;26;28.0;27.388000000000012;0.6119999999999877
2026-05-29 15:00:00;26;26.5;26.742000000000004;-0.24200000000000443
2026-05-29 16:00:00;26;26.5;24.840999999999994;1.659000000000006
2026-05-29 17:00:00;26;26.5;24.92299999999999;1.5770000000000088
2026-05-29 18:00:00;26;26.8;24.496;2.304000000000002
2026-05-29 19:00:00;26;24.4;25.076999999999988;-0.6769999999999889
2026-05-29 20:00:00;26;19.2;21.47499999999999;-2.2749999999999915
2026-05-29 21:00:00;26;18.4;19.007;-0.6070000000000029
2026-05-29 22:00:00;26;18.4;17.377000000000002;1.0229999999999961
2026-05-29 23:00:00;26;18.5;17.405;1.0949999999999989
2026-05-30 00:00:00;26;17.8;17.477000000000004;0.32299999999999685
2026-05-30 01:00:00;26;17.5;17.16299999999999;0.3370000000000104
2026-05-30 02:00:00;26;17.6;16.874999999999996;0.725000000000005
2026-05-30 03:00:00;26;17.3;16.697999999999997;0.6020000000000039
2026-05-30 04:00:00;26;16.9;16.623000000000008;0.27699999999999037
2026-05-30 05:00:00;26;17.5;16.603200000000005;0.8967999999999954
2026-05-30 06:00:00;26;18.5;17.229999999999997;1.2700000000000031
2026-05-30 07:00:00;26;20.7;18.838999999999995;1.8610000000000042
2026-05-30 08:00:00;26;23.4;20.955;2.4450000000000003
2026-05-30 09:00:00;26;25.7;21.63500000000001;4.064999999999991
2026-05-30 10:00:00;26;27.5;25.493999999999996;2.006000000000004
2026-05-30 11:00:00;26;29.0;26.969000000000015;2.0309999999999846
2026-05-30 12:00:00;26;29.2;27.64500000000001;1.554999999999989
2026-05-30 13:00:00;26;29.0;27.41500000000001;1.5849999999999902
2026-05-30 14:00:00;26;27.7;27.32800000000001;0.37199999999998923
2026-05-30 15:00:00;26;28.2;26.576000000000004;1.6239999999999952
2026-05-30 16:00:00;26;27.3;27.224000000000004;0.07599999999999696
2026-05-30 17:00:00;26;23.0;26.101000000000017;-3.101000000000017
2026-05-30 18:00:00;26;24.5;19.998999999999995;4.501000000000005
2026-05-30 19:00:00;26;23.5;22.252999999999993;1.247000000000007
2026-05-30 20:00:00;26;21.4;20.99300000000001;0.40699999999998937
2026-05-30 21:00:00;26;19.6;20.251999999999995;-0.6519999999999939
2026-05-30 22:00:00;26;18.2;18.394;-0.19399999999999906
2026-05-30 23:00:00;26;17.3;17.098999999999993;0.20100000000000762
2026-05-13 00:00:00;27;9.9;10.747240000000009;-0.8472400000000082
2026-05-13 01:00:00;27;9.3;9.502599999999997;-0.20259999999999678
2026-05-13 02:00:00;27;9.1;8.833;0.26699999999999946
2026-05-13 03:00:00;27;9.1;8.788640000000003;0.311359999999997
2026-05-13 04:00:00;27;8.7;8.809280000000003;-0.1092800000000036
2026-05-13 05:00:00;27;8.8;8.449039999999998;0.3509600000000024
2026-05-13 06:00:00;27;10.4;9.795000000000005;0.6049999999999951
2026-05-13 07:00:00;27;11.4;11.831000000000001;-0.43100000000000094
2026-05-13 08:00:00;27;12.1;12.364;-0.2640000000000011
2026-05-13 09:00:00;27;13.0;12.965000000000002;0.034999999999998366
2026-05-13 10:00:00;27;12.2;13.596000000000002;-1.3960000000000026
2026-05-13 11:00:00;27;12.6;12.452600000000007;0.1473999999999922
2026-05-13 12:00:00;27;12.5;13.02676;-0.5267599999999995
2026-05-13 13:00:00;27;12.6;12.933360000000002;-0.33336000000000254
2026-05-13 14:00:00;27;12.4;12.952160000000006;-0.552160000000006
2026-05-13 15:00:00;27;12.9;12.41516;0.48484000000000016
2026-05-13 16:00:00;27;12.4;12.81316;-0.4131599999999995
2026-05-13 17:00:00;27;12.2;11.990640000000006;0.2093599999999931
2026-05-13 18:00:00;27;11.4;11.863479999999997;-0.463479999999997
2026-05-13 19:00:00;27;10.6;10.783999999999997;-0.1839999999999975
2026-05-13 20:00:00;27;9.9;9.960999999999999;-0.06099999999999817
2026-05-13 21:00:00;27;9.6;9.546999999999999;0.053000000000000824
2026-05-13 22:00:00;27;9.2;9.23912;-0.03912000000000049
2026-05-13 23:00:00;27;8.9;8.896360000000003;0.003639999999997201
2026-05-14 00:00:00;27;8.4;8.813839999999997;-0.4138399999999969
2026-05-14 01:00:00;27;8.0;8.14508;-0.1450800000000001
2026-05-14 02:00:00;27;7.8;7.706040000000001;0.09395999999999916
2026-05-14 03:00:00;27;7.4;7.528920000000003;-0.1289200000000026
2026-05-14 04:00:00;27;7.2;7.199760000000001;0.00023999999999890775
2026-05-14 05:00:00;27;7.2;7.00232;0.19768000000000008
2026-05-14 06:00:00;27;8.1;8.147760000000002;-0.04776000000000202
2026-05-14 07:00:00;27;9.8;9.437;0.3630000000000013
2026-05-14 08:00:00;27;9.4;11.511999999999999;-2.1119999999999983
2026-05-14 09:00:00;27;10.0;9.785960000000003;0.21403999999999712
2026-05-14 10:00:00;27;10.2;10.765;-0.5650000000000013
2026-05-14 11:00:00;27;10.3;10.7596;-0.4596
2026-05-14 12:00:00;27;11.0;10.939440000000001;0.06055999999999884
2026-05-14 13:00:00;27;11.9;11.386;0.5140000000000011
2026-05-14 14:00:00;27;12.0;12.161000000000001;-0.16100000000000136
2026-05-14 15:00:00;27;12.1;11.981000000000005;0.11899999999999444
2026-05-14 16:00:00;27;11.8;11.80912;-0.00911999999999935
2026-05-14 17:00:00;27;11.4;11.25824;0.14175999999999966
2026-05-14 18:00:00;27;10.8;10.544;0.2560000000000002
2026-05-14 19:00:00;27;9.9;10.151999999999997;-0.2519999999999971
2026-05-14 20:00:00;27;8.9;9.365999999999996;-0.46599999999999575
2026-05-14 21:00:00;27;7.9;8.254000000000005;-0.35400000000000453
2026-05-14 22:00:00;27;7.6;7.193000000000004;0.4069999999999956
2026-05-14 23:00:00;27;7.1;7.030999999999999;0.06900000000000084
2026-05-15 00:00:00;27;6.6;6.757839999999996;-0.15783999999999665
2026-05-15 01:00:00;27;6.4;6.141;0.25900000000000034
2026-05-15 02:00:00;27;5.9;6.160199999999999;-0.26019999999999843
2026-05-15 03:00:00;27;5.8;5.600760000000001;0.19923999999999875
2026-05-15 04:00:00;27;5.8;5.487760000000003;0.3122399999999965
2026-05-15 05:00:00;27;5.9;5.57556;0.32444000000000006
2026-05-15 06:00:00;27;7.6;7.277999999999996;0.3220000000000036
2026-05-15 07:00:00;27;8.6;9.674;-1.0739999999999998
2026-05-15 08:00:00;27;10.2;9.896;0.3039999999999985
2026-05-15 09:00:00;27;11.3;11.507000000000005;-0.2070000000000043
2026-05-15 10:00:00;27;11.0;11.777000000000003;-0.7770000000000028
2026-05-15 11:00:00;27;12.4;11.431360000000002;0.9686399999999988
2026-05-15 12:00:00;27;12.4;13.274999999999995;-0.8749999999999947
2026-05-15 13:00:00;27;12.4;12.99836;-0.5983599999999996
2026-05-15 14:00:00;27;12.6;12.764000000000003;-0.16400000000000325
2026-05-15 15:00:00;27;12.7;12.431920000000002;0.26807999999999765
2026-05-15 16:00:00;27;12.4;12.672000000000004;-0.2720000000000038
2026-05-15 17:00:00;27;11.9;12.048759999999998;-0.14875999999999756
2026-05-15 18:00:00;27;11.6;11.001999999999999;0.5980000000000008
2026-05-15 19:00:00;27;10.7;10.931999999999999;-0.23199999999999932
2026-05-15 20:00:00;27;9.3;9.922999999999996;-0.6229999999999958
2026-05-15 21:00:00;27;8.6;8.491000000000005;0.10899999999999466
2026-05-15 22:00:00;27;8.0;8.066000000000003;-0.0660000000000025
2026-05-15 23:00:00;27;7.7;7.530000000000002;0.16999999999999815
2026-05-16 00:00:00;27;7.1;7.3993199999999995;-0.2993199999999998
2026-05-16 01:00:00;27;6.7;6.544679999999997;0.15532000000000323
2026-05-16 02:00:00;27;6.5;6.295;0.20500000000000007
2026-05-16 03:00:00;27;6.4;6.256520000000002;0.1434799999999985
2026-05-16 04:00:00;27;6.2;6.242319999999999;-0.04231999999999925
2026-05-16 05:00:00;27;6.3;5.949200000000002;0.3507999999999978
2026-05-16 06:00:00;27;8.1;7.583999999999994;0.5160000000000053
2026-05-16 07:00:00;27;9.9;10.118000000000004;-0.21800000000000352
2026-05-16 08:00:00;27;11.4;11.559000000000003;-0.15900000000000247
2026-05-16 09:00:00;27;12.4;12.752000000000002;-0.3520000000000021
2026-05-16 10:00:00;27;13.2;13.385999999999997;-0.18599999999999817
2026-05-16 11:00:00;27;13.4;13.568119999999992;-0.16811999999999117
2026-05-16 12:00:00;27;13.1;13.749199999999998;-0.6491999999999987
2026-05-16 13:00:00;27;12.4;13.307360000000006;-0.9073600000000059
2026-05-16 14:00:00;27;12.6;12.749880000000008;-0.14988000000000845
2026-05-16 15:00:00;27;13.1;12.385720000000003;0.7142799999999969
2026-05-16 16:00:00;27;12.8;12.8892;-0.08919999999999995
2026-05-16 17:00:00;27;13.6;12.208000000000002;1.3919999999999977
2026-05-16 18:00:00;27;12.8;12.989000000000006;-0.18900000000000539
2026-05-16 19:00:00;27;11.9;12.244400000000002;-0.34440000000000204
2026-05-16 20:00:00;27;11.5;11.202000000000004;0.2979999999999965
2026-05-16 21:00:00;27;11.2;11.069999999999995;0.13000000000000433
2026-05-16 22:00:00;27;10.9;10.871999999999998;0.028000000000002245
2026-05-16 23:00:00;27;10.9;10.623000000000005;0.2769999999999957
2026-05-17 00:00:00;27;10.9;10.84424;0.05576000000000114
2026-05-17 01:00:00;27;10.5;10.69624;-0.19623999999999953
2026-05-17 02:00:00;27;10.1;10.285320000000002;-0.1853200000000026
2026-05-17 03:00:00;27;9.8;9.874999999999995;-0.07499999999999396
2026-05-17 04:00:00;27;10.1;9.456599999999998;0.6434000000000015
2026-05-17 05:00:00;27;10.3;10.105240000000004;0.19475999999999694
2026-05-17 06:00:00;27;11.1;10.731799999999996;0.3682000000000034
2026-05-17 07:00:00;27;11.8;11.851999999999991;-0.05199999999999072
2026-05-17 08:00:00;27;12.6;12.800000000000004;-0.20000000000000462
2026-05-17 09:00:00;27;13.1;13.57004;-0.4700400000000009
2026-05-17 10:00:00;27;13.3;13.834000000000005;-0.5340000000000042
2026-05-17 11:00:00;27;13.9;13.616879999999998;0.28312000000000204
2026-05-17 12:00:00;27;14.4;14.632999999999997;-0.232999999999997
2026-05-17 13:00:00;27;14.6;14.986319999999992;-0.38631999999999245
2026-05-17 14:00:00;27;15.0;14.642000000000005;0.3579999999999952
2026-05-17 15:00:00;27;13.4;14.814599999999993;-1.414599999999993
2026-05-17 16:00:00;27;13.3;12.895000000000007;0.40499999999999403
2026-05-17 17:00:00;27;13.4;12.624999999999995;0.7750000000000057
2026-05-17 18:00:00;27;13.1;12.623759999999999;0.47624000000000066
2026-05-17 19:00:00;27;12.1;12.323119999999996;-0.2231199999999962
2026-05-17 20:00:00;27;11.2;11.375;-0.1750000000000007
2026-05-17 21:00:00;27;10.4;10.660000000000002;-0.26000000000000156
2026-05-17 22:00:00;27;9.6;9.885000000000002;-0.2850000000000019
2026-05-17 23:00:00;27;8.9;9.167999999999997;-0.26799999999999713
2026-05-18 00:00:00;27;9.4;8.598000000000003;0.8019999999999978
2026-05-18 01:00:00;27;9.1;9.294720000000003;-0.19472000000000378
2026-05-18 02:00:00;27;8.9;8.84732;0.052680000000000504
2026-05-18 03:00:00;27;8.7;8.724;-0.02400000000000091
2026-05-18 04:00:00;27;8.6;8.530880000000005;0.06911999999999452
2026-05-18 05:00:00;27;8.7;8.506799999999998;0.19320000000000093
2026-05-18 06:00:00;27;9.4;9.453800000000006;-0.053800000000006065
2026-05-18 07:00:00;27;10.6;10.44116;0.15883999999999965
2026-05-18 08:00:00;27;11.6;11.88200000000001;-0.2820000000000107
2026-05-18 09:00:00;27;12.6;12.601999999999999;-0.0019999999999988916
2026-05-18 10:00:00;27;13.1;13.614999999999991;-0.5149999999999917
2026-05-18 11:00:00;27;13.8;13.697999999999995;0.10200000000000564
2026-05-18 12:00:00;27;13.1;14.48772;-1.3877199999999998
2026-05-18 13:00:00;27;14.0;13.612520000000004;0.3874799999999965
2026-05-18 14:00:00;27;14.9;14.248799999999994;0.6512000000000064
2026-05-18 15:00:00;27;15.7;14.800999999999995;0.8990000000000045
2026-05-18 16:00:00;27;14.8;15.461000000000015;-0.6610000000000138
2026-05-18 17:00:00;27;14.4;13.748999999999999;0.6510000000000016
2026-05-18 18:00:00;27;14.5;13.843;0.657
2026-05-18 19:00:00;27;13.6;13.862999999999994;-0.26299999999999457
2026-05-18 20:00:00;27;12.9;12.621000000000004;0.27899999999999636
2026-05-18 21:00:00;27;12.6;12.3808;0.21919999999999895
2026-05-18 22:00:00;27;12.3;12.109999999999998;0.19000000000000306
2026-05-18 23:00:00;27;12.1;11.872600000000002;0.2273999999999976
2026-05-19 00:00:00;27;12.1;11.7926;0.30739999999999945
2026-05-19 01:00:00;27;12.132;11.788200000000002;0.3437999999999981
2026-05-19 02:00:00;27;12.164;11.86604;0.2979599999999998
2026-05-19 03:00:00;27;12.196;11.878080000000004;0.31791999999999554
2026-05-19 04:00:00;27;12.228;11.918640000000003;0.3093599999999963
2026-05-19 05:00:00;27;12.26;11.91132;0.3486799999999999
2026-05-19 06:00:00;27;12.292;12.463800000000003;-0.17180000000000284
2026-05-19 07:00:00;27;12.324;12.628600000000006;-0.304600000000006
2026-05-19 08:00:00;27;12.356;12.666600000000006;-0.3106000000000062
2026-05-19 09:00:00;27;12.388;12.781600000000008;-0.39360000000000817
2026-05-19 10:00:00;27;12.42;12.719360000000009;-0.29936000000000895
2026-05-19 11:00:00;27;12.452;12.656000000000008;-0.20400000000000773
2026-05-19 12:00:00;27;12.484;12.867600000000005;-0.3836000000000048
2026-05-19 13:00:00;27;12.516;12.85952;-0.3435199999999998
2026-05-19 14:00:00;27;12.548;12.587359999999997;-0.03935999999999673
2026-05-19 15:00:00;27;12.58;12.250839999999998;0.3291600000000017
2026-05-19 16:00:00;27;12.612;12.163760000000003;0.44823999999999664
2026-05-19 17:00:00;27;12.644;12.11788;0.5261200000000006
2026-05-19 18:00:00;27;12.676;12.281879999999994;0.39412000000000624
2026-05-19 19:00:00;27;12.708;12.47124;0.2367600000000003
2026-05-19 20:00:00;27;12.74;12.646760000000004;0.09323999999999621
2026-05-19 21:00:00;27;12.772;12.651280000000007;0.12071999999999328
2026-05-19 22:00:00;27;12.804;12.661560000000009;0.14243999999999168
2026-05-19 23:00:00;27;12.836;12.695640000000003;0.1403599999999976
2026-05-20 00:00:00;27;12.868;12.716400000000004;0.15159999999999663
2026-05-20 01:00:00;27;12.9;12.716639999999995;0.18336000000000574
2026-05-20 02:00:00;27;12.6;12.731039999999998;-0.1310399999999987
2026-05-20 03:00:00;27;12.4;12.285559999999993;0.1144400000000072
2026-05-20 04:00:00;27;12.9;11.911560000000007;0.9884399999999935
2026-05-20 05:00:00;27;13.6;13.070239999999991;0.5297600000000084
2026-05-20 06:00:00;27;14.1;14.256240000000005;-0.1562400000000057
2026-05-20 07:00:00;27;14.9;15.437640000000004;-0.5376400000000032
2026-05-20 08:00:00;27;16.0;15.600599999999995;0.3994000000000053
2026-05-20 09:00:00;27;16.9;16.771000000000004;0.12899999999999423
2026-05-20 10:00:00;27;17.6;17.609000000000005;-0.009000000000003894
2026-05-20 11:00:00;27;18.5;18.04100000000001;0.458999999999989
2026-05-20 12:00:00;27;19.0;18.877;0.12300000000000111
2026-05-20 13:00:00;27;19.1;18.856000000000005;0.24399999999999622
2026-05-20 14:00:00;27;19.2;18.903000000000002;0.29699999999999704
2026-05-20 15:00:00;27;19.1;18.945;0.15500000000000114
2026-05-20 16:00:00;27;18.8;18.425000000000004;0.37499999999999645
2026-05-20 17:00:00;27;18.7;18.018000000000015;0.6819999999999844
2026-05-20 18:00:00;27;18.0;17.932000000000006;0.06799999999999429
2026-05-20 19:00:00;27;16.9;16.94900000000001;-0.04900000000001015
2026-05-20 20:00:00;27;15.4;15.789000000000005;-0.3890000000000047
2026-05-20 21:00:00;27;14.2;14.665000000000006;-0.46500000000000696
2026-05-20 22:00:00;27;13.1;13.291000000000002;-0.1910000000000025
2026-05-20 23:00:00;27;12.5;12.594999999999997;-0.09499999999999709
2026-05-21 00:00:00;27;11.4;12.083000000000002;-0.6830000000000016
2026-05-21 01:00:00;27;10.9;10.871999999999998;0.028000000000002245
2026-05-21 02:00:00;27;10.6;10.415;0.1850000000000005
2026-05-21 03:00:00;27;10.5;10.176000000000002;0.32399999999999807
2026-05-21 04:00:00;27;10.0;10.200519999999997;-0.20051999999999737
2026-05-21 05:00:00;27;10.2;9.615000000000004;0.5849999999999955
2026-05-21 06:00:00;27;12.4;11.348799999999999;1.0512000000000015
2026-05-21 07:00:00;27;15.0;14.322999999999993;0.6770000000000067
2026-05-21 08:00:00;27;17.4;16.798;0.6020000000000003
2026-05-21 09:00:00;27;19.1;18.871;0.22900000000000276
2026-05-21 10:00:00;27;20.5;20.275000000000006;0.22499999999999432
2026-05-21 11:00:00;27;21.3;21.362000000000002;-0.062000000000001165
2026-05-21 12:00:00;27;23.0;21.775999999999986;1.2240000000000144
2026-05-21 13:00:00;27;23.6;23.125;0.4750000000000014
2026-05-21 14:00:00;27;24.1;23.432999999999996;0.6670000000000051
2026-05-21 15:00:00;27;24.1;23.924000000000007;0.17599999999999483
2026-05-21 16:00:00;27;23.8;23.552000000000003;0.24799999999999756
2026-05-21 17:00:00;27;23.2;22.598000000000003;0.6019999999999968
2026-05-21 18:00:00;27;22.8;21.586999999999993;1.213000000000008
2026-05-21 19:00:00;27;21.4;21.355999999999995;0.044000000000004036
2026-05-21 20:00:00;27;19.4;19.862000000000002;-0.4620000000000033
2026-05-21 21:00:00;27;17.8;18.088;-0.28800000000000026
2026-05-21 22:00:00;27;16.8;16.915000000000003;-0.11500000000000199
2026-05-21 23:00:00;27;16.0;15.824999999999998;0.1750000000000025
2026-05-22 00:00:00;27;15.3;14.761999999999995;0.5380000000000056
2026-05-22 01:00:00;27;14.7;14.525200000000009;0.17479999999999052
2026-05-22 02:00:00;27;14.2;14.314199999999994;-0.11419999999999497
2026-05-22 03:00:00;27;13.9;13.571999999999996;0.32800000000000473
2026-05-22 04:00:00;27;13.8;13.242;0.5579999999999998
2026-05-22 05:00:00;27;14.1;13.416800000000006;0.683199999999994
2026-05-22 06:00:00;27;16.1;14.91524;1.1847600000000007
2026-05-22 07:00:00;27;18.4;17.672079999999994;0.7279200000000046
2026-05-22 08:00:00;27;20.8;19.393999999999988;1.406000000000013
2026-05-22 09:00:00;27;23.3;21.547000000000008;1.752999999999993
2026-05-22 10:00:00;27;25.2;23.981000000000023;1.2189999999999763
2026-05-22 11:00:00;27;26.4;25.283;1.1169999999999973
2026-05-22 12:00:00;27;27.5;26.41500000000001;1.0849999999999902
2026-05-22 13:00:00;27;28.0;26.766000000000005;1.2339999999999947
2026-05-22 14:00:00;27;28.2;27.108000000000008;1.0919999999999916
2026-05-22 15:00:00;27;28.3;27.47400000000001;0.8259999999999899
2026-05-22 16:00:00;27;28.1;27.333000000000013;0.7669999999999888
2026-05-22 17:00:00;27;27.6;26.952000000000012;0.647999999999989
2026-05-22 18:00:00;27;27.1;26.377000000000024;0.7229999999999777
2026-05-22 19:00:00;27;25.6;26.007000000000016;-0.40700000000001424
2026-05-22 20:00:00;27;23.5;23.62699999999999;-0.12699999999998823
2026-05-22 21:00:00;27;22.1;21.271;0.8290000000000006
2026-05-22 22:00:00;27;21.1;20.127999999999993;0.9720000000000084
2026-05-22 23:00:00;27;20.2;19.287000000000006;0.9129999999999932
2026-05-23 00:00:00;27;19.4;18.673;0.7270000000000003
2026-05-23 01:00:00;27;19.0;18.269999999999996;0.730000000000004
2026-05-23 02:00:00;27;18.7;17.884000000000004;0.8159999999999954
2026-05-23 03:00:00;27;18.5;17.932000000000002;0.5679999999999978
2026-05-23 04:00:00;27;18.0;18.166999999999994;-0.1669999999999945
2026-05-23 05:00:00;27;18.1;18.182999999999993;-0.0829999999999913
2026-05-23 06:00:00;27;19.5;18.365999999999996;1.134000000000004
2026-05-23 07:00:00;27;21.6;19.348999999999997;2.2510000000000048
2026-05-23 08:00:00;27;23.5;21.726000000000003;1.7739999999999974
2026-05-23 09:00:00;27;25.0;23.237999999999996;1.762000000000004
2026-05-23 10:00:00;27;26.7;24.560000000000006;2.1399999999999935
2026-05-23 11:00:00;27;28.3;26.34599999999999;1.9540000000000113
2026-05-23 12:00:00;27;28.5;27.532000000000018;0.9679999999999822
2026-05-23 13:00:00;27;27.3;27.454000000000015;-0.15400000000001413
2026-05-23 14:00:00;27;26.5;26.203000000000007;0.2969999999999935
2026-05-23 15:00:00;27;25.9;24.921999999999993;0.9780000000000051
2026-05-23 16:00:00;27;25.0;24.412999999999982;0.5870000000000175
2026-05-23 17:00:00;27;23.9;23.265999999999984;0.6340000000000146
2026-05-23 18:00:00;27;22.9;21.430999999999997;1.4690000000000012
2026-05-23 19:00:00;27;21.0;20.786999999999992;0.21300000000000807
2026-05-23 20:00:00;27;19.5;19.474000000000004;0.02599999999999625
2026-05-23 21:00:00;27;19.0;18.311000000000003;0.6889999999999965
2026-05-23 22:00:00;27;18.5;18.087999999999994;0.41200000000000614
2026-05-23 23:00:00;27;18.1;17.499;0.6010000000000026
2026-05-24 00:00:00;27;17.0;17.286999999999992;-0.28699999999999193
2026-05-24 01:00:00;27;16.4;16.337;0.06299999999999883
2026-05-24 02:00:00;27;16.0;15.787000000000003;0.2129999999999974
2026-05-24 03:00:00;27;15.7;15.435;0.2649999999999988
2026-05-24 04:00:00;27;15.4;15.127000000000008;0.2729999999999926
2026-05-24 05:00:00;27;15.7;15.29739999999999;0.4026000000000085
2026-05-24 06:00:00;27;17.4;16.80027999999999;0.5997200000000085
2026-05-24 07:00:00;27;19.8;17.569000000000003;2.230999999999998
2026-05-24 08:00:00;27;22.4;21.81399999999998;0.5860000000000198
2026-05-24 09:00:00;27;24.9;22.892999999999994;2.007000000000005
2026-05-24 10:00:00;27;27.0;25.161000000000005;1.838999999999995
2026-05-24 11:00:00;27;28.5;26.548000000000002;1.9519999999999982
2026-05-24 12:00:00;27;29.6;27.57600000000002;2.023999999999983
2026-05-24 13:00:00;27;29.5;27.547000000000015;1.9529999999999852
2026-05-24 14:00:00;27;29.1;27.315000000000012;1.7849999999999895
2026-05-24 15:00:00;27;28.2;27.062000000000026;1.1379999999999733
2026-05-24 16:00:00;27;27.2;27.080000000000013;0.11999999999998678
2026-05-24 17:00:00;27;26.4;26.068000000000012;0.33199999999998653
2026-05-24 18:00:00;27;26.0;24.126000000000005;1.8739999999999952
2026-05-24 19:00:00;27;25.5;23.891;1.6090000000000018
2026-05-24 20:00:00;27;24.8;23.476;1.3240000000000016
2026-05-24 21:00:00;27;24.1;22.76099999999999;1.3390000000000128
2026-05-24 22:00:00;27;23.3;21.403999999999996;1.8960000000000043
2026-05-24 23:00:00;27;22.3;20.55;1.75
2026-05-25 00:00:00;27;21.4;20.026999999999994;1.3730000000000047
2026-05-25 01:00:00;27;20.6;19.820000000000004;0.7799999999999976
2026-05-25 02:00:00;27;20.0;18.74300000000001;1.2569999999999908
2026-05-25 03:00:00;27;19.4;18.678;0.7219999999999978
2026-05-25 04:00:00;27;18.8;18.185999999999993;0.6140000000000079
2026-05-25 05:00:00;27;18.9;18.018;0.8819999999999979
2026-05-25 06:00:00;27;21.0;18.287000000000006;2.712999999999994
2026-05-25 07:00:00;27;23.1;21.096000000000007;2.0039999999999942
2026-05-25 08:00:00;27;25.5;21.62699999999999;3.8730000000000118
2026-05-25 09:00:00;27;28.0;25.08600000000001;2.913999999999991
2026-05-25 10:00:00;27;30.4;27.153000000000006;3.246999999999993
2026-05-25 11:00:00;27;32.0;27.516000000000023;4.483999999999977
2026-05-25 12:00:00;27;32.8;27.36500000000002;5.434999999999977
2026-05-25 13:00:00;27;33.0;27.23300000000002;5.766999999999982
2026-05-25 14:00:00;27;33.3;27.200000000000017;6.09999999999998
2026-05-25 15:00:00;27;33.3;27.170000000000023;6.129999999999974
2026-05-25 16:00:00;27;33.0;27.07200000000002;5.9279999999999795
2026-05-25 17:00:00;27;32.2;26.857000000000024;5.342999999999979
2026-05-25 18:00:00;27;31.4;26.767000000000024;4.632999999999974
2026-05-25 19:00:00;27;29.5;26.84400000000002;2.655999999999981
2026-05-25 20:00:00;27;27.5;26.939000000000014;0.5609999999999857
2026-05-25 21:00:00;27;26.0;26.149000000000015;-0.14900000000001512
2026-05-25 22:00:00;27;24.9;24.046999999999993;0.8530000000000051
2026-05-25 23:00:00;27;23.8;22.824999999999985;0.9750000000000156
2026-05-26 00:00:00;27;22.8;21.334;1.466000000000001
2026-05-26 01:00:00;27;21.8;20.845;0.9550000000000018
2026-05-26 02:00:00;27;21.0;19.977000000000004;1.0229999999999961
2026-05-26 03:00:00;27;20.4;19.348000000000006;1.0519999999999925
2026-05-26 04:00:00;27;19.8;18.727;1.0730000000000004
2026-05-26 05:00:00;27;19.9;18.454999999999995;1.4450000000000038
2026-05-26 06:00:00;27;21.8;18.581000000000003;3.2189999999999976
2026-05-26 07:00:00;27;23.7;21.408;2.291999999999998
2026-05-26 08:00:00;27;25.9;22.559;3.3409999999999975
2026-05-26 09:00:00;27;28.5;25.549;2.9510000000000005
2026-05-26 10:00:00;27;30.8;27.58000000000001;3.2199999999999918
2026-05-26 11:00:00;27;32.2;27.747000000000007;4.452999999999996
2026-05-26 12:00:00;27;33.5;28.049000000000014;5.450999999999986
2026-05-26 13:00:00;27;33.8;27.970000000000013;5.829999999999984
2026-05-26 14:00:00;27;33.6;27.92700000000001;5.672999999999991
2026-05-26 15:00:00;27;33.0;27.83600000000001;5.163999999999991
2026-05-26 16:00:00;27;32.2;27.28400000000002;4.915999999999983
2026-05-26 17:00:00;27;31.5;27.059000000000022;4.440999999999978
2026-05-26 18:00:00;27;30.7;26.922000000000022;3.7779999999999774
2026-05-26 19:00:00;27;29.5;26.94300000000002;2.556999999999981
2026-05-26 20:00:00;27;28.0;27.004000000000016;0.9959999999999845
2026-05-26 21:00:00;27;26.2;26.534000000000013;-0.33400000000001384
2026-05-26 22:00:00;27;24.7;24.271999999999984;0.42800000000001504
2026-05-26 23:00:00;27;23.6;23.166999999999984;0.4330000000000176
2026-05-27 00:00:00;27;22.0;21.584;0.41600000000000037
2026-05-27 01:00:00;27;21.1;20.723;0.37700000000000244
2026-05-27 02:00:00;27;20.6;19.45500000000001;1.1449999999999925
2026-05-27 03:00:00;27;20.0;18.908;1.0919999999999987
2026-05-27 04:00:00;27;19.5;18.851000000000006;0.6489999999999938
2026-05-27 05:00:00;27;19.6;18.340999999999994;1.2590000000000074
2026-05-27 06:00:00;27;21.6;18.498;3.1020000000000003
2026-05-27 07:00:00;27;23.8;21.312999999999988;2.4870000000000125
2026-05-27 08:00:00;27;26.4;23.281999999999993;3.1180000000000057
2026-05-27 09:00:00;27;28.7;26.127999999999997;2.5720000000000027
2026-05-27 10:00:00;27;30.4;27.599000000000018;2.8009999999999806
2026-05-27 11:00:00;27;31.3;27.955000000000023;3.3449999999999775
2026-05-27 12:00:00;27;32.7;27.87900000000002;4.820999999999984
2026-05-27 13:00:00;27;32.9;27.80500000000002;5.0949999999999775
2026-05-27 14:00:00;27;33.0;27.91400000000001;5.085999999999991
2026-05-27 15:00:00;27;32.0;27.84300000000001;4.156999999999989
2026-05-27 16:00:00;27;31.4;27.35900000000002;4.040999999999979
2026-05-27 17:00:00;27;29.0;26.872000000000025;2.1279999999999752
2026-05-27 18:00:00;27;30.9;27.728000000000016;3.171999999999983
2026-05-27 19:00:00;27;28.9;26.95800000000002;1.9419999999999789
2026-05-27 20:00:00;27;27.0;27.106000000000012;-0.1060000000000123
2026-05-27 21:00:00;27;25.8;25.860000000000014;-0.06000000000001293
2026-05-27 22:00:00;27;24.4;23.841999999999988;0.5580000000000105
2026-05-27 23:00:00;27;23.5;22.020999999999994;1.4790000000000063
2026-05-28 00:00:00;27;21.3;20.866000000000003;0.4339999999999975
2026-05-28 01:00:00;27;20.9;19.500000000000004;1.399999999999995
2026-05-28 02:00:00;27;20.6;19.444000000000003;1.1559999999999988
2026-05-28 03:00:00;27;20.4;18.916000000000007;1.483999999999991
2026-05-28 04:00:00;27;19.9;18.82600000000001;1.0739999999999874
2026-05-28 05:00:00;27;20.0;18.721;1.279
2026-05-28 06:00:00;27;21.6;18.86;2.740000000000002
2026-05-28 07:00:00;27;23.4;20.571000000000005;2.8289999999999935
2026-05-28 08:00:00;27;24.9;21.230000000000004;3.6699999999999946
2026-05-28 09:00:00;27;28.0;24.369999999999994;3.630000000000006
2026-05-28 10:00:00;27;30.4;27.20000000000001;3.1999999999999886
2026-05-28 11:00:00;27;31.7;27.63400000000001;4.065999999999988
2026-05-28 12:00:00;27;33.8;28.249999999999996;5.550000000000001
2026-05-28 13:00:00;27;32.2;27.521000000000004;4.6789999999999985
2026-05-28 14:00:00;27;31.5;27.32400000000001;4.175999999999991
2026-05-28 15:00:00;27;31.8;27.180000000000017;4.619999999999983
2026-05-28 16:00:00;27;31.0;27.001000000000023;3.9989999999999775
2026-05-28 17:00:00;27;30.5;26.972000000000023;3.5279999999999774
2026-05-28 18:00:00;27;28.8;27.054000000000016;1.7459999999999845
2026-05-28 19:00:00;27;28.1;26.95400000000002;1.145999999999983
2026-05-28 20:00:00;27;26.7;26.73600000000002;-0.03600000000001913
2026-05-28 21:00:00;27;25.1;24.941999999999993;0.15800000000000836
2026-05-28 22:00:00;27;23.9;22.89999999999999;1.000000000000007
2026-05-28 23:00:00;27;22.9;21.449;1.450999999999997
2026-05-29 00:00:00;27;23.1;20.410999999999994;2.689000000000007
2026-05-29 01:00:00;27;21.1;19.61599999999999;1.4840000000000124
2026-05-29 02:00:00;27;20.7;19.21100000000001;1.48899999999999
2026-05-29 03:00:00;27;19.8;18.795000000000012;1.0049999999999883
2026-05-29 04:00:00;27;19.6;18.519000000000002;1.0809999999999995
2026-05-29 05:00:00;27;19.7;18.357000000000006;1.3429999999999929
2026-05-29 06:00:00;27;19.5;18.609;0.8909999999999982
2026-05-29 07:00:00;27;19.8;18.419;1.3810000000000002
2026-05-29 08:00:00;27;21.0;20.01;0.9899999999999984
2026-05-29 09:00:00;27;21.8;19.237999999999996;2.5620000000000047
2026-05-29 10:00:00;27;21.9;18.899000000000004;3.000999999999994
2026-05-29 11:00:00;27;22.5;19.14700000000001;3.352999999999991
2026-05-29 12:00:00;27;23.4;21.26000000000001;2.13999999999999
2026-05-29 13:00:00;27;22.8;22.565000000000012;0.23499999999998877
2026-05-29 14:00:00;27;23.2;22.10900000000001;1.0909999999999904
2026-05-29 15:00:00;27;23.8;22.237999999999996;1.5620000000000047
2026-05-29 16:00:00;27;25.2;22.62899999999999;2.5710000000000086
2026-05-29 17:00:00;27;26.2;23.246999999999993;2.9530000000000065
2026-05-29 18:00:00;27;20.5;24.081999999999994;-3.5819999999999936
2026-05-29 19:00:00;27;18.6;18.755000000000006;-0.1550000000000047
2026-05-29 20:00:00;27;18.2;17.921000000000006;0.2789999999999928
2026-05-29 21:00:00;27;18.0;17.269000000000002;0.7309999999999981
2026-05-29 22:00:00;27;17.9;17.227999999999998;0.6720000000000006
2026-05-29 23:00:00;27;17.3;17.184999999999995;0.11500000000000554
2026-05-30 00:00:00;27;16.5;16.637000000000004;-0.137000000000004
2026-05-30 01:00:00;27;16.8;15.956000000000003;0.8439999999999976
2026-05-30 02:00:00;27;16.8;16.439400000000006;0.3605999999999945
2026-05-30 03:00:00;27;16.5;16.270760000000006;0.22923999999999367
2026-05-30 04:00:00;27;15.9;16.027000000000008;-0.12700000000000777
2026-05-30 05:00:00;27;16.3;16.068599999999996;0.23140000000000427
2026-05-30 06:00:00;27;17.5;17.189640000000004;0.31035999999999575
2026-05-30 07:00:00;27;19.5;18.032999999999998;1.4670000000000023
2026-05-30 08:00:00;27;21.4;20.493000000000002;0.9069999999999965
2026-05-30 09:00:00;27;23.1;22.088;1.0120000000000005
2026-05-30 10:00:00;27;24.3;22.346000000000004;1.953999999999997
2026-05-30 11:00:00;27;24.8;23.318999999999996;1.4810000000000052
2026-05-30 12:00:00;27;23.6;24.410999999999994;-0.8109999999999928
2026-05-30 13:00:00;27;24.5;23.025000000000006;1.4749999999999943
2026-05-30 14:00:00;27;25.0;24.19599999999999;0.8040000000000092
2026-05-30 15:00:00;27;24.2;24.241;-0.04100000000000037
2026-05-30 16:00:00;27;23.1;23.32700000000001;-0.22700000000000742
2026-05-30 17:00:00;27;22.2;22.07;0.129999999999999
2026-05-30 18:00:00;27;20.6;20.985;-0.384999999999998
2026-05-30 19:00:00;27;19.8;19.616;0.18400000000000105
2026-05-30 20:00:00;27;18.9;18.69600000000001;0.20399999999998997
2026-05-30 21:00:00;27;18.0;18.144999999999996;-0.14499999999999602
2026-05-30 22:00:00;27;17.8;17.090999999999998;0.7090000000000032
2026-05-30 23:00:00;27;17.0;17.413999999999994;-0.4139999999999944
2026-05-13 00:00:00;28;6.6;6.717319999999997;-0.11731999999999765
2026-05-13 01:00:00;28;5.8;6.232;-0.4320000000000004
2026-05-13 02:00:00;28;6.2;5.36836;0.8316400000000002
2026-05-13 03:00:00;28;7.1;6.041440000000002;1.0585599999999973
2026-05-13 04:00:00;28;6.7;7.47900000000001;-0.7790000000000097
2026-05-13 05:00:00;28;7.1;6.527360000000003;0.5726399999999963
2026-05-13 06:00:00;28;8.1;7.938000000000004;0.16199999999999548
2026-05-13 07:00:00;28;10.1;9.111;0.988999999999999
2026-05-13 08:00:00;28;11.6;11.613000000000008;-0.013000000000008782
2026-05-13 09:00:00;28;11.5;12.922;-1.4220000000000006
2026-05-13 10:00:00;28;12.6;11.939920000000003;0.6600799999999971
2026-05-13 11:00:00;28;13.2;13.251999999999999;-0.0519999999999996
2026-05-13 12:00:00;28;14.6;13.542000000000003;1.0579999999999963
2026-05-13 13:00:00;28;14.7;15.136999999999995;-0.43699999999999584
2026-05-13 14:00:00;28;13.8;14.539000000000001;-0.7390000000000008
2026-05-13 15:00:00;28;12.1;13.626000000000008;-1.5260000000000087
2026-05-13 16:00:00;28;10.9;11.801999999999998;-0.9019999999999975
2026-05-13 17:00:00;28;10.3;10.24048;0.059520000000000906
2026-05-13 18:00:00;28;9.6;9.631;-0.031000000000000583
2026-05-13 19:00:00;28;8.6;9.130999999999997;-0.530999999999997
2026-05-13 20:00:00;28;8.1;7.945999999999998;0.1540000000000017
2026-05-13 21:00:00;28;7.6;7.5291999999999994;0.0708000000000002
2026-05-13 22:00:00;28;7.3;6.907999999999999;0.39200000000000124
2026-05-13 23:00:00;28;6.8;6.99308;-0.19308000000000014
2026-05-14 00:00:00;28;6.2;6.782000000000003;-0.5820000000000025
2026-05-14 01:00:00;28;6.2;5.7029999999999985;0.49700000000000166
2026-05-14 02:00:00;28;6.0;5.812599999999999;0.18740000000000112
2026-05-14 03:00:00;28;5.8;5.721720000000004;0.07827999999999591
2026-05-14 04:00:00;28;5.9;5.500320000000001;0.39967999999999915
2026-05-14 05:00:00;28;6.0;5.738120000000004;0.2618799999999961
2026-05-14 06:00:00;28;6.5;7.275999999999995;-0.7759999999999954
2026-05-14 07:00:00;28;7.6;7.348559999999997;0.25144000000000233
2026-05-14 08:00:00;28;8.4;8.963000000000005;-0.5630000000000042
2026-05-14 09:00:00;28;8.8;9.357999999999999;-0.557999999999998
2026-05-14 10:00:00;28;9.1;9.576200000000005;-0.47620000000000573
2026-05-14 11:00:00;28;10.6;9.870479999999997;0.7295200000000026
2026-05-14 12:00:00;28;10.7;11.501;-0.8010000000000002
2026-05-14 13:00:00;28;10.0;11.128080000000004;-1.1280800000000042
2026-05-14 14:00:00;28;11.1;10.055639999999995;1.0443600000000046
2026-05-14 15:00:00;28;11.4;11.193480000000001;0.20651999999999937
2026-05-14 16:00:00;28;9.2;11.113999999999999;-1.9139999999999997
2026-05-14 17:00:00;28;9.1;8.758919999999996;0.3410800000000034
2026-05-14 18:00:00;28;8.6;8.36024;0.23976000000000042
2026-05-14 19:00:00;28;7.5;7.964039999999999;-0.4640399999999989
2026-05-14 20:00:00;28;7.2;6.846000000000003;0.35399999999999743
2026-05-14 21:00:00;28;6.3;6.552000000000003;-0.25200000000000333
2026-05-14 22:00:00;28;5.8;5.897000000000002;-0.0970000000000022
2026-05-14 23:00:00;28;6.2;5.379559999999998;0.8204400000000023
2026-05-15 00:00:00;28;5.9;5.772839999999999;0.12716000000000172
2026-05-15 01:00:00;28;5.3;5.567040000000002;-0.2670400000000024
2026-05-15 02:00:00;28;4.7;4.659080000000001;0.04091999999999896
2026-05-15 03:00:00;28;4.2;4.117440000000001;0.08255999999999908
2026-05-15 04:00:00;28;3.8;3.8220000000000014;-0.022000000000001574
2026-05-15 05:00:00;28;4.2;3.7019999999999995;0.49800000000000066
2026-05-15 06:00:00;28;5.7;5.130999999999998;0.5690000000000026
2026-05-15 07:00:00;28;7.1;7.513;-0.41300000000000026
2026-05-15 08:00:00;28;8.7;8.627999999999993;0.07200000000000628
2026-05-15 09:00:00;28;9.6;10.013999999999998;-0.4139999999999979
2026-05-15 10:00:00;28;10.3;10.625999999999998;-0.32599999999999696
2026-05-15 11:00:00;28;10.1;11.253000000000002;-1.1530000000000022
2026-05-15 12:00:00;28;11.4;10.571279999999996;0.8287200000000041
2026-05-15 13:00:00;28;10.2;11.636000000000003;-1.4360000000000035
2026-05-15 14:00:00;28;11.4;10.191799999999995;1.208200000000005
2026-05-15 15:00:00;28;12.2;11.487000000000005;0.7129999999999939
2026-05-15 16:00:00;28;11.8;11.793999999999997;0.00600000000000378
2026-05-15 17:00:00;28;11.0;11.195999999999993;-0.19599999999999262
2026-05-15 18:00:00;28;9.6;9.965;-0.3650000000000002
2026-05-15 19:00:00;28;8.4;8.448999999999998;-0.04899999999999771
2026-05-15 20:00:00;28;7.4;7.618000000000003;-0.21800000000000264
2026-05-15 21:00:00;28;6.7;6.721999999999998;-0.021999999999997577
2026-05-15 22:00:00;28;5.8;6.284;-0.484
2026-05-15 23:00:00;28;5.4;5.118999999999999;0.28100000000000147
2026-05-16 00:00:00;28;5.6;4.7929999999999975;0.8070000000000022
2026-05-16 01:00:00;28;5.0;5.184479999999999;-0.18447999999999887
2026-05-16 02:00:00;28;4.6;4.7965599999999995;-0.19655999999999985
2026-05-16 03:00:00;28;4.2;4.288519999999999;-0.08851999999999904
2026-05-16 04:00:00;28;3.8;3.8360000000000007;-0.03600000000000092
2026-05-16 05:00:00;28;4.4;3.6979999999999995;0.7020000000000008
2026-05-16 06:00:00;28;6.3;5.328999999999999;0.971000000000001
2026-05-16 07:00:00;28;7.5;8.300999999999998;-0.8009999999999984
2026-05-16 08:00:00;28;9.1;8.867000000000004;0.2329999999999952
2026-05-16 09:00:00;28;10.4;10.443999999999992;-0.0439999999999916
2026-05-16 10:00:00;28;10.9;11.510000000000009;-0.6100000000000083
2026-05-16 11:00:00;28;11.9;11.49772;0.4022800000000011
2026-05-16 12:00:00;28;12.6;12.911999999999994;-0.31199999999999406
2026-05-16 13:00:00;28;12.8;12.837360000000006;-0.037360000000004945
2026-05-16 14:00:00;28;13.1;13.00944;0.09055999999999997
2026-05-16 15:00:00;28;13.2;12.989600000000003;0.21039999999999637
2026-05-16 16:00:00;28;9.9;12.995000000000003;-3.0950000000000024
2026-05-16 17:00:00;28;9.7;9.775239999999991;-0.07523999999999198
2026-05-16 18:00:00;28;10.9;8.905;1.995000000000001
2026-05-16 19:00:00;28;8.5;10.646400000000002;-2.1464000000000016
2026-05-16 20:00:00;28;8.1;7.689000000000002;0.4109999999999978
2026-05-16 21:00:00;28;7.5;7.440079999999999;0.05992000000000086
2026-05-16 22:00:00;28;7.1;7.0510399999999995;0.048960000000000115
2026-05-16 23:00:00;28;6.4;6.627999999999999;-0.22799999999999887
2026-05-17 00:00:00;28;6.5;6.229079999999998;0.27092000000000205
2026-05-17 01:00:00;28;5.8;6.27048;-0.47048000000000023
2026-05-17 02:00:00;28;5.4;5.426919999999999;-0.026919999999998723
2026-05-17 03:00:00;28;5.8;4.7349999999999985;1.0650000000000013
2026-05-17 04:00:00;28;6.2;5.591520000000003;0.6084799999999975
2026-05-17 05:00:00;28;6.9;6.268680000000004;0.6313199999999961
2026-05-17 06:00:00;28;7.9;7.819000000000002;0.08099999999999863
2026-05-17 07:00:00;28;8.9;9.229000000000005;-0.3290000000000042
2026-05-17 08:00:00;28;11.4;9.935200000000004;1.4647999999999968
2026-05-17 09:00:00;28;13.2;13.336000000000002;-0.13600000000000279
2026-05-17 10:00:00;28;14.4;14.36;0.040000000000000924
2026-05-17 11:00:00;28;15.6;15.229000000000003;0.3709999999999969
2026-05-17 12:00:00;28;16.4;16.105;0.29499999999999815
2026-05-17 13:00:00;28;15.4;16.738999999999997;-1.3389999999999969
2026-05-17 14:00:00;28;15.8;15.248999999999999;0.5510000000000019
2026-05-17 15:00:00;28;15.9;15.429999999999996;0.4700000000000042
2026-05-17 16:00:00;28;15.9;15.542999999999996;0.35700000000000465
2026-05-17 17:00:00;28;15.4;15.129999999999995;0.2700000000000049
2026-05-17 18:00:00;28;14.8;14.395999999999992;0.4040000000000088
2026-05-17 19:00:00;28;13.9;13.317000000000005;0.5829999999999949
2026-05-17 20:00:00;28;13.2;12.839;0.3609999999999989
2026-05-17 21:00:00;28;12.2;12.211000000000004;-0.011000000000004562
2026-05-17 22:00:00;28;10.8;11.478000000000003;-0.6780000000000026
2026-05-17 23:00:00;28;10.4;9.797999999999996;0.6020000000000039
2026-05-18 00:00:00;28;9.9;10.058;-0.15799999999999947
2026-05-18 01:00:00;28;9.9;9.618;0.28200000000000003
2026-05-18 02:00:00;28;9.4;9.677480000000005;-0.27748000000000417
2026-05-18 03:00:00;28;8.8;9.049000000000001;-0.24900000000000055
2026-05-18 04:00:00;28;9.1;8.515359999999998;0.584640000000002
2026-05-18 05:00:00;28;9.6;8.929120000000005;0.670879999999995
2026-05-18 06:00:00;28;9.8;9.976439999999995;-0.17643999999999416
2026-05-18 07:00:00;28;10.2;10.5648;-0.3648000000000007
2026-05-18 08:00:00;28;11.4;11.277560000000001;0.12243999999999922
2026-05-18 09:00:00;28;12.6;12.443000000000005;0.1569999999999947
2026-05-18 10:00:00;28;13.6;13.753999999999994;-0.15399999999999459
2026-05-18 11:00:00;28;14.8;14.477000000000007;0.3229999999999933
2026-05-18 12:00:00;28;14.4;15.733000000000006;-1.3330000000000055
2026-05-18 13:00:00;28;15.0;15.284999999999991;-0.28499999999999126
2026-05-18 14:00:00;28;15.4;14.834000000000003;0.5659999999999972
2026-05-18 15:00:00;28;14.6;15.326800000000002;-0.7268000000000026
2026-05-18 16:00:00;28;14.5;14.13699999999999;0.3630000000000102
2026-05-18 17:00:00;28;14.4;13.927;0.47300000000000075
2026-05-18 18:00:00;28;12.9;13.550000000000006;-0.6500000000000057
2026-05-18 19:00:00;28;11.6;12.068;-0.46799999999999997
2026-05-18 20:00:00;28;10.8;10.768000000000002;0.03199999999999825
2026-05-18 21:00:00;28;9.8;10.094000000000005;-0.29400000000000404
2026-05-18 22:00:00;28;9.1;9.262;-0.1620000000000008
2026-05-18 23:00:00;28;8.8;8.642000000000001;0.15799999999999947
2026-05-19 00:00:00;28;9.6;8.517760000000003;1.082239999999997
2026-05-19 01:00:00;28;9.692;9.20384;0.4881600000000006
2026-05-19 02:00:00;28;9.784;9.27972;0.5042800000000014
2026-05-19 03:00:00;28;9.876;9.290639999999998;0.5853600000000014
2026-05-19 04:00:00;28;9.968;9.807199999999996;0.1608000000000036
2026-05-19 05:00:00;28;10.06;9.844479999999999;0.2155200000000015
2026-05-19 06:00:00;28;10.152;10.404519999999998;-0.25251999999999875
2026-05-19 07:00:00;28;10.244;10.454839999999999;-0.21083999999999925
2026-05-19 08:00:00;28;10.336;10.475000000000001;-0.13900000000000112
2026-05-19 09:00:00;28;10.428;10.585520000000006;-0.1575200000000052
2026-05-19 10:00:00;28;10.52;10.667600000000004;-0.14760000000000417
2026-05-19 11:00:00;28;10.612;10.71536;-0.10336000000000034
2026-05-19 12:00:00;28;10.704;10.856959999999992;-0.15295999999999133
2026-05-19 13:00:00;28;10.796;10.970919999999996;-0.17491999999999663
2026-05-19 14:00:00;28;10.888;10.917840000000005;-0.029840000000005418
2026-05-19 15:00:00;28;10.98;10.952600000000002;0.027399999999998315
2026-05-19 16:00:00;28;11.072;10.772559999999993;0.2994400000000059
2026-05-19 17:00:00;28;11.164;10.98688;0.1771200000000004
2026-05-19 18:00:00;28;11.256;11.080000000000002;0.17599999999999838
2026-05-19 19:00:00;28;11.348;11.035560000000006;0.31243999999999517
2026-05-19 20:00:00;28;11.44;11.104120000000002;0.33587999999999774
2026-05-19 21:00:00;28;11.532;11.149519999999995;0.3824800000000046
2026-05-19 22:00:00;28;11.624;11.192719999999992;0.4312800000000081
2026-05-19 23:00:00;28;11.716;11.489719999999995;0.22628000000000448
2026-05-20 00:00:00;28;11.808;11.576239999999995;0.23176000000000485
2026-05-20 01:00:00;28;11.9;11.522519999999997;0.3774800000000038
2026-05-20 02:00:00;28;11.6;11.772440000000003;-0.17244000000000348
2026-05-20 03:00:00;28;11.4;11.334879999999998;0.06512000000000207
2026-05-20 04:00:00;28;11.1;11.174040000000002;-0.07404000000000188
2026-05-20 05:00:00;28;11.7;10.907000000000004;0.7929999999999957
2026-05-20 06:00:00;28;12.9;11.90048;0.9995200000000004
2026-05-20 07:00:00;28;13.4;14.127519999999993;-0.7275199999999931
2026-05-20 08:00:00;28;13.8;14.058000000000002;-0.2580000000000009
2026-05-20 09:00:00;28;14.4;14.433;-0.032999999999999474
2026-05-20 10:00:00;28;16.7;15.072679999999997;1.6273200000000028
2026-05-20 11:00:00;28;17.2;18.160000000000004;-0.9600000000000044
2026-05-20 12:00:00;28;16.9;17.805;-0.9050000000000011
2026-05-20 13:00:00;28;17.8;16.767999999999994;1.0320000000000071
2026-05-20 14:00:00;28;18.5;17.862;0.6380000000000017
2026-05-20 15:00:00;28;18.5;18.518999999999995;-0.0189999999999948
2026-05-20 16:00:00;28;18.2;18.375999999999994;-0.17599999999999483
2026-05-20 17:00:00;28;17.8;17.151;0.6490000000000009
2026-05-20 18:00:00;28;17.4;17.111;0.2889999999999979
2026-05-20 19:00:00;28;16.0;16.45600000000001;-0.4560000000000102
2026-05-20 20:00:00;28;14.9;14.903000000000004;-0.0030000000000036664
2026-05-20 21:00:00;28;14.1;14.003000000000004;0.09699999999999598
2026-05-20 22:00:00;28;13.2;13.413999999999996;-0.21399999999999686
2026-05-20 23:00:00;28;12.6;12.624399999999994;-0.024399999999994648
2026-05-21 00:00:00;28;12.4;12.17200000000001;0.22799999999999088
2026-05-21 01:00:00;28;11.4;11.893160000000005;-0.49316000000000493
2026-05-21 02:00:00;28;10.9;11.0102;-0.11019999999999897
2026-05-21 03:00:00;28;10.2;10.315;-0.11500000000000021
2026-05-21 04:00:00;28;9.6;9.908000000000003;-0.3080000000000034
2026-05-21 05:00:00;28;10.4;9.288999999999998;1.1110000000000024
2026-05-21 06:00:00;28;13.7;11.59276;2.107239999999999
2026-05-21 07:00:00;28;16.5;15.80399999999999;0.6960000000000104
2026-05-21 08:00:00;28;17.8;18.203000000000003;-0.40300000000000225
2026-05-21 09:00:00;28;19.1;18.922000000000004;0.17799999999999727
2026-05-21 10:00:00;28;20.2;20.143;0.05699999999999861
2026-05-21 11:00:00;28;20.9;21.07099999999999;-0.17099999999999227
2026-05-21 12:00:00;28;21.8;21.07100000000001;0.7289999999999921
2026-05-21 13:00:00;28;22.5;22.349;0.1509999999999998
2026-05-21 14:00:00;28;23.0;22.531000000000002;0.46899999999999764
2026-05-21 15:00:00;28;22.6;22.577999999999996;0.02200000000000557
2026-05-21 16:00:00;28;22.6;22.075999999999993;0.524000000000008
2026-05-21 17:00:00;28;21.9;21.969999999999995;-0.06999999999999673
2026-05-21 18:00:00;28;20.9;20.642999999999997;0.25700000000000145
2026-05-21 19:00:00;28;19.1;19.854;-0.7539999999999978
2026-05-21 20:00:00;28;17.6;17.989000000000004;-0.3890000000000029
2026-05-21 21:00:00;28;16.5;16.607999999999993;-0.10799999999999343
2026-05-21 22:00:00;28;15.4;15.476999999999999;-0.07699999999999818
2026-05-21 23:00:00;28;14.4;14.616;-0.2159999999999993
2026-05-22 00:00:00;28;13.4;13.730999999999995;-0.3309999999999942
2026-05-22 01:00:00;28;12.6;12.886000000000006;-0.2860000000000067
2026-05-22 02:00:00;28;11.9;12.144999999999996;-0.24499999999999567
2026-05-22 03:00:00;28;11.2;11.428000000000003;-0.2280000000000033
2026-05-22 04:00:00;28;10.9;10.938000000000004;-0.03800000000000381
2026-05-22 05:00:00;28;11.9;10.650200000000005;1.2497999999999951
2026-05-22 06:00:00;28;14.4;13.153279999999997;1.2467200000000034
2026-05-22 07:00:00;28;16.8;16.88599999999999;-0.08599999999998786
2026-05-22 08:00:00;28;19.5;19.128;0.3719999999999999
2026-05-22 09:00:00;28;21.9;21.348000000000017;0.5519999999999818
2026-05-22 10:00:00;28;23.5;23.504000000000005;-0.0040000000000048885
2026-05-22 11:00:00;28;24.6;24.614999999999988;-0.014999999999986358
2026-05-22 12:00:00;28;26.2;25.139999999999986;1.060000000000013
2026-05-22 13:00:00;28;26.9;26.595999999999993;0.3040000000000056
2026-05-22 14:00:00;28;27.0;26.786000000000005;0.21399999999999508
2026-05-22 15:00:00;28;27.0;27.015000000000008;-0.015000000000007674
2026-05-22 16:00:00;28;26.5;26.74300000000003;-0.24300000000003052
2026-05-22 17:00:00;28;25.9;25.60200000000002;0.29799999999997695
2026-05-22 18:00:00;28;25.2;24.172000000000008;1.0279999999999916
2026-05-22 19:00:00;28;23.0;23.796000000000003;-0.7960000000000029
2026-05-22 20:00:00;28;21.0;21.74400000000001;-0.7440000000000104
2026-05-22 21:00:00;28;19.9;19.857000000000014;0.04299999999998505
2026-05-22 22:00:00;28;18.8;18.553999999999995;0.24600000000000577
2026-05-22 23:00:00;28;17.2;17.611;-0.41100000000000136
2026-05-23 00:00:00;28;16.7;16.368000000000006;0.33199999999999363
2026-05-23 01:00:00;28;16.4;15.925999999999998;0.4740000000000002
2026-05-23 02:00:00;28;15.1;15.909999999999998;-0.8099999999999987
2026-05-23 03:00:00;28;13.9;14.502000000000004;-0.6020000000000039
2026-05-23 04:00:00;28;13.1;13.410000000000004;-0.31000000000000405
2026-05-23 05:00:00;28;14.2;12.948800000000006;1.2511999999999937
2026-05-23 06:00:00;28;17.1;15.239959999999996;1.860040000000005
2026-05-23 07:00:00;28;19.6;17.469000000000005;2.1309999999999967
2026-05-23 08:00:00;28;22.0;21.568999999999992;0.43100000000000804
2026-05-23 09:00:00;28;24.5;23.31900000000001;1.1809999999999903
2026-05-23 10:00:00;28;26.4;25.390999999999995;1.009000000000004
2026-05-23 11:00:00;28;27.6;27.043999999999997;0.5560000000000045
2026-05-23 12:00:00;28;29.0;27.561000000000007;1.438999999999993
2026-05-23 13:00:00;28;29.2;27.928000000000026;1.2719999999999736
2026-05-23 14:00:00;28;29.4;27.84500000000001;1.554999999999989
2026-05-23 15:00:00;28;29.4;27.67400000000002;1.7259999999999778
2026-05-23 16:00:00;28;29.1;27.61100000000001;1.48899999999999
2026-05-23 17:00:00;28;28.6;27.364000000000004;1.235999999999997
2026-05-23 18:00:00;28;27.9;27.015000000000008;0.8849999999999909
2026-05-23 19:00:00;28;25.4;26.331000000000007;-0.931000000000008
2026-05-23 20:00:00;28;23.4;23.782999999999983;-0.3829999999999849
2026-05-23 21:00:00;28;22.0;22.015;-0.015000000000000568
2026-05-23 22:00:00;28;21.0;20.83399999999999;0.16600000000001103
2026-05-23 23:00:00;28;20.0;19.852000000000004;0.14799999999999613
2026-05-24 00:00:00;28;18.8;18.878;-0.0779999999999994
2026-05-24 01:00:00;28;17.6;17.66999999999999;-0.06999999999998963
2026-05-24 02:00:00;28;16.8;16.554000000000013;0.245999999999988
2026-05-24 03:00:00;28;16.1;15.868999999999998;0.23100000000000342
2026-05-24 04:00:00;28;15.6;15.415;0.1850000000000005
2026-05-24 05:00:00;28;16.5;15.500800000000003;0.9991999999999965
2026-05-24 06:00:00;28;19.0;16.99584;2.004159999999999
2026-05-24 07:00:00;28;21.6;19.73;1.870000000000001
2026-05-24 08:00:00;28;24.2;22.50100000000001;1.698999999999991
2026-05-24 09:00:00;28;26.5;25.307999999999996;1.1920000000000037
2026-05-24 10:00:00;28;28.0;26.710000000000008;1.289999999999992
2026-05-24 11:00:00;28;29.0;27.28100000000001;1.7189999999999905
2026-05-24 12:00:00;28;30.5;27.875000000000018;2.6249999999999822
2026-05-24 13:00:00;28;30.7;27.83000000000002;2.8699999999999797
2026-05-24 14:00:00;28;31.0;27.694000000000013;3.3059999999999867
2026-05-24 15:00:00;28;31.0;27.613000000000014;3.3869999999999862
2026-05-24 16:00:00;28;30.8;27.542000000000012;3.2579999999999885
2026-05-24 17:00:00;28;30.0;27.311000000000007;2.688999999999993
2026-05-24 18:00:00;28;28.6;26.96800000000001;1.6319999999999908
2026-05-24 19:00:00;28;26.5;26.771000000000008;-0.2710000000000079
2026-05-24 20:00:00;28;25.1;24.653000000000002;0.4469999999999992
2026-05-24 21:00:00;28;24.2;23.761999999999993;0.43800000000000594
2026-05-24 22:00:00;28;22.8;23.241000000000003;-0.4410000000000025
2026-05-24 23:00:00;28;21.8;21.772000000000013;0.027999999999988034
2026-05-25 00:00:00;28;21.0;20.523000000000003;0.47699999999999676
2026-05-25 01:00:00;28;19.6;19.848000000000003;-0.2480000000000011
2026-05-25 02:00:00;28;18.6;18.307000000000006;0.2929999999999957
2026-05-25 03:00:00;28;17.9;17.693999999999996;0.20600000000000307
2026-05-25 04:00:00;28;17.1;17.90799999999999;-0.8079999999999892
2026-05-25 05:00:00;28;17.6;16.915999999999993;0.6840000000000082
2026-05-25 06:00:00;28;19.5;17.523;1.9770000000000003
2026-05-25 07:00:00;28;21.5;19.195000000000004;2.304999999999996
2026-05-25 08:00:00;28;23.4;21.743000000000002;1.6569999999999965
2026-05-25 09:00:00;28;25.3;23.29200000000001;2.007999999999992
2026-05-25 10:00:00;28;27.0;25.434000000000015;1.5659999999999847
2026-05-25 11:00:00;28;28.1;26.742000000000008;1.3579999999999934
2026-05-25 12:00:00;28;29.7;27.775000000000013;1.9249999999999865
2026-05-25 13:00:00;28;30.1;27.885000000000026;2.214999999999975
2026-05-25 14:00:00;28;30.1;27.806000000000022;2.293999999999979
2026-05-25 15:00:00;28;29.6;27.601000000000013;1.9989999999999881
2026-05-25 16:00:00;28;29.0;27.568000000000016;1.4319999999999844
2026-05-25 17:00:00;28;28.0;27.461000000000013;0.5389999999999873
2026-05-25 18:00:00;28;26.9;26.924000000000014;-0.02400000000001512
2026-05-25 19:00:00;28;25.0;25.460000000000004;-0.4600000000000044
2026-05-25 20:00:00;28;23.5;23.870999999999995;-0.3709999999999951
2026-05-25 21:00:00;28;22.4;22.263;0.1369999999999969
2026-05-25 22:00:00;28;21.3;21.122;0.17800000000000082
2026-05-25 23:00:00;28;20.5;20.18700000000001;0.31299999999999173
2026-05-26 00:00:00;28;18.8;19.540000000000003;-0.740000000000002
2026-05-26 01:00:00;28;17.5;17.896;-0.3960000000000008
2026-05-26 02:00:00;28;16.8;16.542999999999996;0.257000000000005
2026-05-26 03:00:00;28;16.1;15.973560000000004;0.126439999999997
2026-05-26 04:00:00;28;15.8;15.580999999999996;0.21900000000000475
2026-05-26 05:00:00;28;16.6;15.688679999999998;0.9113200000000035
2026-05-26 06:00:00;28;18.9;17.20368000000001;1.6963199999999894
2026-05-26 07:00:00;28;21.2;19.671000000000003;1.5289999999999964
2026-05-26 08:00:00;28;23.5;21.78500000000001;1.7149999999999892
2026-05-26 09:00:00;28;25.8;23.991;1.809000000000001
2026-05-26 10:00:00;28;27.6;25.832000000000004;1.7679999999999971
2026-05-26 11:00:00;28;29.0;27.16300000000001;1.836999999999989
2026-05-26 12:00:00;28;30.5;28.147999999999996;2.352000000000004
2026-05-26 13:00:00;28;31.2;28.114;3.0859999999999985
2026-05-26 14:00:00;28;31.5;27.97600000000001;3.5239999999999903
2026-05-26 15:00:00;28;31.4;27.797000000000008;3.602999999999991
2026-05-26 16:00:00;28;30.5;27.442000000000004;3.0579999999999963
2026-05-26 17:00:00;28;29.4;27.307000000000016;2.092999999999982
2026-05-26 18:00:00;28;28.5;27.00800000000002;1.4919999999999796
2026-05-26 19:00:00;28;26.2;26.754000000000016;-0.5540000000000163
2026-05-26 20:00:00;28;24.6;24.302000000000003;0.29799999999999827
2026-05-26 21:00:00;28;23.3;23.491000000000007;-0.19100000000000605
2026-05-26 22:00:00;28;22.0;21.925000000000004;0.07499999999999574
2026-05-26 23:00:00;28;20.8;20.681999999999995;0.11800000000000566
2026-05-27 00:00:00;28;18.7;18.990000000000013;-0.29000000000001336
2026-05-27 01:00:00;28;17.9;17.34899999999999;0.551000000000009
2026-05-27 02:00:00;28;17.2;17.207999999999984;-0.007999999999984908
2026-05-27 03:00:00;28;16.6;16.37900000000001;0.22099999999999298
2026-05-27 04:00:00;28;16.4;15.934;0.4659999999999993
2026-05-27 05:00:00;28;17.3;16.203840000000003;1.0961599999999976
2026-05-27 06:00:00;28;19.5;17.602;1.8979999999999997
2026-05-27 07:00:00;28;21.9;19.222;2.6779999999999973
2026-05-27 08:00:00;28;24.4;22.140000000000008;2.259999999999991
2026-05-27 09:00:00;28;26.6;25.066000000000003;1.533999999999999
2026-05-27 10:00:00;28;28.2;26.344;1.855999999999998
2026-05-27 11:00:00;28;29.2;27.437000000000015;1.762999999999984
2026-05-27 12:00:00;28;30.3;27.749000000000024;2.550999999999977
2026-05-27 13:00:00;28;30.4;27.644000000000016;2.7559999999999825
2026-05-27 14:00:00;28;30.5;27.509000000000015;2.9909999999999854
2026-05-27 15:00:00;28;30.2;27.459000000000014;2.7409999999999854
2026-05-27 16:00:00;28;29.9;27.408000000000015;2.491999999999983
2026-05-27 17:00:00;28;28.8;27.143000000000015;1.6569999999999858
2026-05-27 18:00:00;28;28.2;26.867000000000022;1.332999999999977
2026-05-27 19:00:00;28;25.5;26.64800000000002;-1.148000000000021
2026-05-27 20:00:00;28;24.4;24.041999999999998;0.35800000000000054
2026-05-27 21:00:00;28;23.1;22.912999999999997;0.18700000000000472
2026-05-27 22:00:00;28;22.1;21.841000000000008;0.25899999999999324
2026-05-27 23:00:00;28;21.2;20.753;0.4469999999999992
2026-05-28 00:00:00;28;20.4;19.927000000000007;0.47299999999999187
2026-05-28 01:00:00;28;19.3;19.465999999999998;-0.16599999999999682
2026-05-28 02:00:00;28;18.3;18.325000000000003;-0.02500000000000213
2026-05-28 03:00:00;28;17.5;17.592999999999996;-0.09299999999999642
2026-05-28 04:00:00;28;16.8;16.913999999999998;-0.11399999999999721
2026-05-28 05:00:00;28;17.2;16.11400000000001;1.0859999999999879
2026-05-28 06:00:00;28;19.0;17.331;1.6690000000000005
2026-05-28 07:00:00;28;20.6;19.778999999999993;0.8210000000000086
2026-05-28 08:00:00;28;22.5;21.362000000000002;1.1379999999999981
2026-05-28 09:00:00;28;24.3;23.141999999999992;1.1580000000000084
2026-05-28 10:00:00;28;25.8;25.331999999999997;0.4680000000000035
2026-05-28 11:00:00;28;26.8;25.903000000000002;0.8969999999999985
2026-05-28 12:00:00;28;27.9;26.43;1.4699999999999989
2026-05-28 13:00:00;28;28.1;26.96900000000001;1.1309999999999931
2026-05-28 14:00:00;28;28.4;27.154000000000018;1.245999999999981
2026-05-28 15:00:00;28;28.2;27.28900000000002;0.91099999999998
2026-05-28 16:00:00;28;27.5;27.15000000000002;0.3499999999999801
2026-05-28 17:00:00;28;26.9;26.123000000000005;0.7769999999999939
2026-05-28 18:00:00;28;26.3;25.23600000000002;1.0639999999999823
2026-05-28 19:00:00;28;24.6;24.296999999999993;0.30300000000000793
2026-05-28 20:00:00;28;23.3;23.649;-0.3490000000000002
2026-05-28 21:00:00;28;22.2;22.113000000000014;0.08699999999998553
2026-05-28 22:00:00;28;21.0;20.962;0.038000000000000256
2026-05-28 23:00:00;28;20.0;19.834000000000014;0.16599999999998616
2026-05-29 00:00:00;28;18.6;18.73500000000001;-0.13500000000000867
2026-05-29 01:00:00;28;17.7;17.556000000000004;0.1439999999999948
2026-05-29 02:00:00;28;17.0;16.809999999999995;0.19000000000000483
2026-05-29 03:00:00;28;16.4;16.384;0.015999999999998238
2026-05-29 04:00:00;28;15.9;15.825999999999997;0.0740000000000034
2026-05-29 05:00:00;28;16.7;15.79008;0.9099199999999996
2026-05-29 06:00:00;28;18.6;17.194840000000003;1.4051599999999986
2026-05-29 07:00:00;28;21.4;19.866999999999987;1.533000000000012
2026-05-29 08:00:00;28;24.4;22.287000000000003;2.112999999999996
2026-05-29 09:00:00;28;26.0;25.51199999999999;0.4880000000000102
2026-05-29 10:00:00;28;27.1;26.595000000000006;0.5049999999999955
2026-05-29 11:00:00;28;28.1;27.261000000000013;0.838999999999988
2026-05-29 12:00:00;28;29.4;27.840000000000018;1.559999999999981
2026-05-29 13:00:00;28;29.7;27.86700000000003;1.83299999999997
2026-05-29 14:00:00;28;30.0;28.06000000000001;1.9399999999999906
2026-05-29 15:00:00;28;30.2;27.88600000000001;2.3139999999999894
2026-05-29 16:00:00;28;30.0;27.572000000000013;2.4279999999999866
2026-05-29 17:00:00;28;29.3;27.323000000000015;1.976999999999986
2026-05-29 18:00:00;28;29.0;27.59500000000001;1.4049999999999905
2026-05-29 19:00:00;28;27.1;26.96800000000001;0.1319999999999908
2026-05-29 20:00:00;28;25.6;25.971000000000014;-0.3710000000000129
2026-05-29 21:00:00;28;24.3;23.958000000000002;0.34199999999999875
2026-05-29 22:00:00;28;23.4;23.215000000000003;0.18499999999999517
2026-05-29 23:00:00;28;22.4;22.09700000000001;0.30299999999999017
2026-05-30 00:00:00;28;21.4;21.085;0.3149999999999977
2026-05-30 01:00:00;28;21.0;20.32700000000001;0.6729999999999912
2026-05-30 02:00:00;28;20.9;20.190999999999995;0.7090000000000032
2026-05-30 03:00:00;28;20.2;20.157;0.04299999999999926
2026-05-30 04:00:00;28;19.2;19.326000000000004;-0.12600000000000477
2026-05-30 05:00:00;28;19.2;18.268;0.9319999999999986
2026-05-30 06:00:00;28;21.1;18.486;2.6140000000000008
2026-05-30 07:00:00;28;23.2;21.443000000000005;1.7569999999999943
2026-05-30 08:00:00;28;25.0;22.96099999999999;2.0390000000000086
2026-05-30 09:00:00;28;27.1;25.454;1.6460000000000008
2026-05-30 10:00:00;28;28.9;26.87900000000001;2.02099999999999
2026-05-30 11:00:00;28;30.0;28.121000000000002;1.8789999999999978
2026-05-30 12:00:00;28;29.6;27.484000000000016;2.1159999999999854
2026-05-30 13:00:00;28;29.5;27.274000000000015;2.225999999999985
2026-05-30 14:00:00;28;28.9;27.270000000000014;1.6299999999999848
2026-05-30 15:00:00;28;29.3;27.279000000000018;2.020999999999983
2026-05-30 16:00:00;28;29.4;27.25800000000001;2.141999999999989
2026-05-30 17:00:00;28;28.9;27.110000000000017;1.7899999999999814
2026-05-30 18:00:00;28;25.3;26.86200000000001;-1.5620000000000083
2026-05-30 19:00:00;28;23.2;22.827999999999985;0.3720000000000141
2026-05-30 20:00:00;28;22.5;19.747999999999987;2.752000000000013
2026-05-30 21:00:00;28;22.6;20.205999999999992;2.394000000000009
2026-05-30 22:00:00;28;22.0;21.636000000000003;0.3639999999999972
2026-05-30 23:00:00;28;20.5;20.532000000000007;-0.032000000000007134
2026-05-13 00:00:00;29;15.4;15.61800000000001;-0.21800000000000885
2026-05-13 01:00:00;29;15.5;14.822400000000002;0.6775999999999982
2026-05-13 02:00:00;29;14.6;15.219840000000003;-0.6198400000000035
2026-05-13 03:00:00;29;14.0;14.280679999999997;-0.2806799999999967
2026-05-13 04:00:00;29;13.9;13.753160000000003;0.14683999999999742
2026-05-13 05:00:00;29;14.0;13.72199999999999;0.27800000000000935
2026-05-13 06:00:00;29;14.6;15.195;-0.5950000000000006
2026-05-13 07:00:00;29;15.6;16.29247999999999;-0.6924799999999909
2026-05-13 08:00:00;29;17.0;16.811999999999998;0.1880000000000024
2026-05-13 09:00:00;29;18.1;18.115000000000006;-0.015000000000004121
2026-05-13 10:00:00;29;19.9;18.900000000000006;0.9999999999999929
2026-05-13 11:00:00;29;20.5;20.883999999999997;-0.3839999999999968
2026-05-13 12:00:00;29;20.9;21.210999999999995;-0.3109999999999964
2026-05-13 13:00:00;29;20.5;20.976999999999993;-0.4769999999999932
2026-05-13 14:00:00;29;21.1;20.282000000000007;0.8179999999999943
2026-05-13 15:00:00;29;21.4;20.799;0.6009999999999991
2026-05-13 16:00:00;29;21.2;20.835;0.36499999999999844
2026-05-13 17:00:00;29;20.6;20.295000000000005;0.30499999999999616
2026-05-13 18:00:00;29;19.4;19.746000000000002;-0.34600000000000364
2026-05-13 19:00:00;29;18.1;18.498000000000005;-0.39800000000000324
2026-05-13 20:00:00;29;17.2;17.37600000000001;-0.17600000000000904
2026-05-13 21:00:00;29;16.6;16.475;0.125
2026-05-13 22:00:00;29;16.1;16.08224;0.017760000000002663
2026-05-13 23:00:00;29;15.6;15.684520000000004;-0.08452000000000481
2026-05-14 00:00:00;29;15.4;15.169000000000004;0.23099999999999632
2026-05-14 01:00:00;29;14.9;14.847400000000002;0.052599999999998204
2026-05-14 02:00:00;29;14.6;14.581960000000006;0.01803999999999384
2026-05-14 03:00:00;29;14.1;14.284680000000003;-0.18468000000000373
2026-05-14 04:00:00;29;13.9;13.75008;0.14991999999999983
2026-05-14 05:00:00;29;13.8;13.771599999999992;0.02840000000000842
2026-05-14 06:00:00;29;14.8;14.72856;0.07144000000000084
2026-05-14 07:00:00;29;16.5;16.204480000000004;0.29551999999999623
2026-05-14 08:00:00;29;17.5;17.829999999999995;-0.32999999999999474
2026-05-14 09:00:00;29;18.0;18.768;-0.7680000000000007
2026-05-14 10:00:00;29;20.0;18.695999999999998;1.304000000000002
2026-05-14 11:00:00;29;19.4;21.07;-1.6700000000000017
2026-05-14 12:00:00;29;19.3;19.986;-0.6859999999999999
2026-05-14 13:00:00;29;20.6;19.798999999999996;0.8010000000000055
2026-05-14 14:00:00;29;21.2;20.621000000000002;0.5789999999999971
2026-05-14 15:00:00;29;20.3;21.032999999999998;-0.732999999999997
2026-05-14 16:00:00;29;19.3;19.874;-0.5739999999999981
2026-05-14 17:00:00;29;18.6;18.268;0.33200000000000074
2026-05-14 18:00:00;29;17.0;17.775999999999993;-0.7759999999999927
2026-05-14 19:00:00;29;15.8;16.168000000000013;-0.36800000000001276
2026-05-14 20:00:00;29;14.9;15.206000000000003;-0.3060000000000027
2026-05-14 21:00:00;29;14.1;14.205199999999992;-0.10519999999999285
2026-05-14 22:00:00;29;12.6;13.564000000000005;-0.9640000000000057
2026-05-14 23:00:00;29;11.4;12.018000000000004;-0.6180000000000039
2026-05-15 00:00:00;29;12.2;10.790000000000004;1.4099999999999948
2026-05-15 01:00:00;29;11.8;11.955959999999996;-0.155959999999995
2026-05-15 02:00:00;29;12.0;11.317240000000004;0.6827599999999965
2026-05-15 03:00:00;29;11.6;11.980039999999999;-0.38003999999999927
2026-05-15 04:00:00;29;11.6;11.356719999999997;0.24328000000000216
2026-05-15 05:00:00;29;11.5;11.452239999999996;0.0477600000000038
2026-05-15 06:00:00;29;11.8;12.716920000000007;-0.9169200000000064
2026-05-15 07:00:00;29;12.7;12.45072;0.24927999999999884
2026-05-15 08:00:00;29;13.7;13.789439999999999;-0.08943999999999974
2026-05-15 09:00:00;29;14.6;14.912999999999993;-0.3129999999999935
2026-05-15 10:00:00;29;15.2;15.457319999999998;-0.2573199999999982
2026-05-15 11:00:00;29;15.6;16.051999999999996;-0.4519999999999964
2026-05-15 12:00:00;29;16.9;16.051000000000002;0.8489999999999966
2026-05-15 13:00:00;29;16.8;17.067999999999998;-0.26799999999999713
2026-05-15 14:00:00;29;16.9;16.592999999999993;0.3070000000000057
2026-05-15 15:00:00;29;16.5;16.38;0.120000000000001
2026-05-15 16:00:00;29;16.0;15.741120000000002;0.2588799999999978
2026-05-15 17:00:00;29;15.6;15.190119999999997;0.4098800000000029
2026-05-15 18:00:00;29;13.9;14.771000000000004;-0.871000000000004
2026-05-15 19:00:00;29;12.8;13.169000000000008;-0.3690000000000069
2026-05-15 20:00:00;29;12.4;12.038;0.3620000000000001
2026-05-15 21:00:00;29;12.2;12.06516;0.13483999999999874
2026-05-15 22:00:00;29;11.9;11.923599999999995;-0.023599999999994736
2026-05-15 23:00:00;29;11.8;11.726680000000002;0.07331999999999894
2026-05-16 00:00:00;29;11.9;11.53952;0.3604800000000008
2026-05-16 01:00:00;29;11.5;11.872760000000007;-0.37276000000000664
2026-05-16 02:00:00;29;11.4;11.261160000000007;0.13883999999999297
2026-05-16 03:00:00;29;11.6;11.22936;0.37063999999999986
2026-05-16 04:00:00;29;11.4;11.49967999999999;-0.09967999999999044
2026-05-16 05:00:00;29;11.5;11.359199999999998;0.14080000000000226
2026-05-16 06:00:00;29;13.1;12.022959999999996;1.0770400000000038
2026-05-16 07:00:00;29;14.4;14.706999999999999;-0.3069999999999986
2026-05-16 08:00:00;29;14.8;15.789360000000006;-0.9893600000000049
2026-05-16 09:00:00;29;15.2;15.776799999999998;-0.5767999999999986
2026-05-16 10:00:00;29;16.3;16.214000000000002;0.08599999999999852
2026-05-16 11:00:00;29;17.1;17.37111999999999;-0.27111999999998915
2026-05-16 12:00:00;29;18.5;17.589999999999996;0.9100000000000037
2026-05-16 13:00:00;29;18.5;18.827;-0.32700000000000173
2026-05-16 14:00:00;29;19.1;18.406999999999996;0.693000000000005
2026-05-16 15:00:00;29;19.0;18.865;0.13500000000000156
2026-05-16 16:00:00;29;18.2;18.302999999999997;-0.10299999999999798
2026-05-16 17:00:00;29;17.6;17.22600000000001;0.3739999999999917
2026-05-16 18:00:00;29;16.3;16.57800000000001;-0.27800000000000935
2026-05-16 19:00:00;29;15.5;15.364999999999998;0.13500000000000156
2026-05-16 20:00:00;29;15.1;14.617000000000004;0.4829999999999952
2026-05-16 21:00:00;29;14.9;14.691999999999998;0.20800000000000196
2026-05-16 22:00:00;29;14.8;14.530279999999996;0.26972000000000484
2026-05-16 23:00:00;29;14.3;14.308839999999996;-0.00883999999999574
2026-05-17 00:00:00;29;14.1;13.884960000000003;0.21503999999999657
2026-05-17 01:00:00;29;13.4;13.757919999999997;-0.35791999999999646
2026-05-17 02:00:00;29;12.9;13.021400000000002;-0.12140000000000128
2026-05-17 03:00:00;29;12.1;12.429999999999996;-0.3299999999999965
2026-05-17 04:00:00;29;11.8;11.717000000000002;0.08299999999999841
2026-05-17 05:00:00;29;11.7;11.437000000000012;0.26299999999998747
2026-05-17 06:00:00;29;13.4;13.146160000000007;0.2538399999999932
2026-05-17 07:00:00;29;15.9;15.326999999999998;0.5730000000000022
2026-05-17 08:00:00;29;18.3;17.73599999999999;0.5640000000000107
2026-05-17 09:00:00;29;20.0;19.727999999999998;0.272000000000002
2026-05-17 10:00:00;29;21.5;21.044000000000004;0.45599999999999596
2026-05-17 11:00:00;29;22.1;22.552999999999994;-0.4529999999999923
2026-05-17 12:00:00;29;21.1;22.727000000000004;-1.6270000000000024
2026-05-17 13:00:00;29;20.4;21.311000000000007;-0.9110000000000085
2026-05-17 14:00:00;29;21.6;20.093999999999987;1.5060000000000144
2026-05-17 15:00:00;29;21.5;21.185000000000006;0.3149999999999942
2026-05-17 16:00:00;29;21.4;21.059999999999995;0.3400000000000034
2026-05-17 17:00:00;29;21.8;20.894000000000002;0.9059999999999988
2026-05-17 18:00:00;29;21.5;20.749000000000002;0.7509999999999977
2026-05-17 19:00:00;29;20.3;20.621000000000002;-0.3210000000000015
2026-05-17 20:00:00;29;19.5;19.247999999999998;0.25200000000000244
2026-05-17 21:00:00;29;18.5;18.432;0.06800000000000139
2026-05-17 22:00:00;29;17.0;17.743000000000006;-0.7430000000000057
2026-05-17 23:00:00;29;16.1;16.383;-0.2829999999999977
2026-05-18 00:00:00;29;15.7;14.904999999999996;0.7950000000000035
2026-05-18 01:00:00;29;15.4;15.106000000000003;0.29399999999999693
2026-05-18 02:00:00;29;15.2;14.781200000000007;0.41879999999999207
2026-05-18 03:00:00;29;15.0;14.737000000000002;0.2629999999999981
2026-05-18 04:00:00;29;14.4;14.709999999999996;-0.30999999999999517
2026-05-18 05:00:00;29;14.2;14.123599999999993;0.07640000000000668
2026-05-18 06:00:00;29;15.7;15.0638;0.6361999999999988
2026-05-18 07:00:00;29;17.1;17.16727999999999;-0.06727999999998957
2026-05-18 08:00:00;29;18.5;18.244;0.2560000000000002
2026-05-18 09:00:00;29;19.8;19.483999999999984;0.3160000000000167
2026-05-18 10:00:00;29;20.6;20.750999999999998;-0.15099999999999625
2026-05-18 11:00:00;29;20.0;21.172000000000004;-1.1720000000000041
2026-05-18 12:00:00;29;20.0;20.431;-0.43100000000000094
2026-05-18 13:00:00;29;20.2;20.416000000000007;-0.21600000000000819
2026-05-18 14:00:00;29;20.5;20.549999999999997;-0.04999999999999716
2026-05-18 15:00:00;29;19.8;20.496;-0.695999999999998
2026-05-18 16:00:00;29;18.7;19.262999999999995;-0.5629999999999953
2026-05-18 17:00:00;29;18.2;18.142;0.05799999999999983
2026-05-18 18:00:00;29;18.7;17.538000000000004;1.1619999999999955
2026-05-18 19:00:00;29;18.3;18.12400000000001;0.17599999999999127
2026-05-18 20:00:00;29;18.4;17.749;0.6509999999999998
2026-05-18 21:00:00;29;18.4;17.692000000000004;0.7079999999999949
2026-05-18 22:00:00;29;18.1;17.628000000000007;0.4719999999999942
2026-05-18 23:00:00;29;17.8;17.393999999999995;0.4060000000000059
2026-05-19 00:00:00;29;17.5;17.259999999999994;0.24000000000000554
2026-05-19 01:00:00;29;17.496;16.792;0.7039999999999971
2026-05-19 02:00:00;29;17.492;16.819;0.6730000000000018
2026-05-19 03:00:00;29;17.488;16.825;0.6630000000000003
2026-05-19 04:00:00;29;17.483999999999998;17.192999999999994;0.2910000000000039
2026-05-19 05:00:00;29;17.48;17.942479999999993;-0.46247999999999223
2026-05-19 06:00:00;29;17.476;18.10947999999999;-0.6334799999999916
2026-05-19 07:00:00;29;17.472;18.10147999999999;-0.6294799999999903
2026-05-19 08:00:00;29;17.468;18.457000000000004;-0.9890000000000043
2026-05-19 09:00:00;29;17.464;18.504000000000005;-1.0400000000000063
2026-05-19 10:00:00;29;17.46;18.531000000000006;-1.071000000000005
2026-05-19 11:00:00;29;17.456;18.455000000000013;-0.999000000000013
2026-05-19 12:00:00;29;17.451999999999998;17.790999999999993;-0.3389999999999951
2026-05-19 13:00:00;29;17.448;17.69499999999999;-0.24699999999998923
2026-05-19 14:00:00;29;17.444;17.715999999999994;-0.2719999999999949
2026-05-19 15:00:00;29;17.439999999999998;17.750000000000004;-0.3100000000000058
2026-05-19 16:00:00;29;17.436;17.444999999999993;-0.008999999999993236
2026-05-19 17:00:00;29;17.432;16.822000000000003;0.6099999999999959
2026-05-19 18:00:00;29;17.427999999999997;16.751000000000005;0.6769999999999925
2026-05-19 19:00:00;29;17.424;16.741;0.6829999999999998
2026-05-19 20:00:00;29;17.419999999999998;16.755000000000003;0.6649999999999956
2026-05-19 21:00:00;29;17.416;16.771;0.6449999999999996
2026-05-19 22:00:00;29;17.412;16.753;0.6589999999999989
2026-05-19 23:00:00;29;17.407999999999998;16.753;0.6549999999999976
2026-05-20 00:00:00;29;17.404;16.731999999999996;0.6720000000000041
2026-05-20 01:00:00;29;17.4;16.746999999999996;0.6530000000000022
2026-05-20 02:00:00;29;16.8;16.842;-0.04199999999999804
2026-05-20 03:00:00;29;16.3;16.397440000000003;-0.09744000000000241
2026-05-20 04:00:00;29;16.0;16.016360000000006;-0.016360000000005925
2026-05-20 05:00:00;29;16.3;16.045600000000004;0.25439999999999685
2026-05-20 06:00:00;29;18.2;16.84820000000001;1.3517999999999901
2026-05-20 07:00:00;29;20.4;19.365;1.0350000000000001
2026-05-20 08:00:00;29;23.0;21.419999999999995;1.5800000000000054
2026-05-20 09:00:00;29;24.0;23.730000000000015;0.26999999999998536
2026-05-20 10:00:00;29;24.0;24.436999999999998;-0.4369999999999976
2026-05-20 11:00:00;29;24.1;23.682000000000002;0.41799999999999926
2026-05-20 12:00:00;29;25.6;23.89100000000001;1.7089999999999925
2026-05-20 13:00:00;29;25.8;25.296999999999993;0.5030000000000072
2026-05-20 14:00:00;29;26.5;25.348999999999997;1.1510000000000034
2026-05-20 15:00:00;29;26.6;25.586000000000013;1.0139999999999887
2026-05-20 16:00:00;29;26.8;25.689000000000025;1.1109999999999758
2026-05-20 17:00:00;29;26.7;25.769000000000016;0.9309999999999832
2026-05-20 18:00:00;29;25.7;24.762000000000008;0.9379999999999917
2026-05-20 19:00:00;29;24.4;23.969000000000005;0.43099999999999383
2026-05-20 20:00:00;29;23.6;22.614999999999988;0.9850000000000136
2026-05-20 21:00:00;29;24.2;22.133000000000003;2.0669999999999966
2026-05-20 22:00:00;29;23.2;23.228999999999996;-0.028999999999996362
2026-05-20 23:00:00;29;21.6;21.976999999999997;-0.37699999999999534
2026-05-21 00:00:00;29;20.5;20.65200000000001;-0.15200000000001168
2026-05-21 01:00:00;29;19.4;19.287000000000006;0.11299999999999244
2026-05-21 02:00:00;29;18.8;18.269999999999996;0.5300000000000047
2026-05-21 03:00:00;29;18.2;17.92;0.2799999999999976
2026-05-21 04:00:00;29;17.5;18.054999999999993;-0.5549999999999926
2026-05-21 05:00:00;29;17.4;17.45248;-0.05248000000000275
2026-05-21 06:00:00;29;19.0;17.89347999999999;1.1065200000000104
2026-05-21 07:00:00;29;21.9;19.953999999999997;1.9460000000000015
2026-05-21 08:00:00;29;23.2;22.146999999999995;1.0530000000000044
2026-05-21 09:00:00;29;24.0;23.671000000000003;0.3289999999999971
2026-05-21 10:00:00;29;24.1;24.463;-0.36299999999999955
2026-05-21 11:00:00;29;24.5;24.151;0.3490000000000002
2026-05-21 12:00:00;29;25.5;24.925000000000004;0.5749999999999957
2026-05-21 13:00:00;29;25.2;25.359999999999985;-0.15999999999998593
2026-05-21 14:00:00;29;25.2;24.918999999999997;0.28100000000000236
2026-05-21 15:00:00;29;24.9;24.834000000000007;0.06599999999999184
2026-05-21 16:00:00;29;24.5;24.54500000000001;-0.04500000000000881
2026-05-21 17:00:00;29;24.2;23.843000000000007;0.3569999999999922
2026-05-21 18:00:00;29;24.2;23.580999999999996;0.6190000000000033
2026-05-21 19:00:00;29;23.1;23.625;-0.5249999999999986
2026-05-21 20:00:00;29;22.3;22.21;0.08999999999999986
2026-05-21 21:00:00;29;21.9;20.933999999999997;0.9660000000000011
2026-05-21 22:00:00;29;21.6;21.045;0.5549999999999997
2026-05-21 23:00:00;29;20.9;20.904000000000007;-0.004000000000008441
2026-05-22 00:00:00;29;20.0;20.025000000000002;-0.02500000000000213
2026-05-22 01:00:00;29;18.6;18.72300000000001;-0.12300000000000821
2026-05-22 02:00:00;29;17.9;17.588;0.3119999999999976
2026-05-22 03:00:00;29;17.1;17.444999999999993;-0.34499999999999176
2026-05-22 04:00:00;29;17.0;16.641000000000005;0.35899999999999466
2026-05-22 05:00:00;29;17.2;17.15948;0.04052000000000078
2026-05-22 06:00:00;29;18.9;17.74348;1.1565199999999969
2026-05-22 07:00:00;29;21.0;19.85799999999999;1.1420000000000101
2026-05-22 08:00:00;29;22.4;21.74400000000001;0.6559999999999881
2026-05-22 09:00:00;29;23.2;22.60499999999999;0.5950000000000095
2026-05-22 10:00:00;29;23.7;22.372000000000007;1.3279999999999923
2026-05-22 11:00:00;29;23.7;23.057000000000002;0.6429999999999971
2026-05-22 12:00:00;29;24.8;23.489;1.311
2026-05-22 13:00:00;29;24.1;24.307000000000002;-0.20700000000000074
2026-05-22 14:00:00;29;24.0;22.986;1.0139999999999993
2026-05-22 15:00:00;29;23.8;22.342999999999993;1.4570000000000078
2026-05-22 16:00:00;29;23.9;21.65499999999999;2.245000000000008
2026-05-22 17:00:00;29;23.9;21.408999999999992;2.4910000000000068
2026-05-22 18:00:00;29;23.4;21.430999999999994;1.9690000000000047
2026-05-22 19:00:00;29;21.9;20.752999999999997;1.147000000000002
2026-05-22 20:00:00;29;20.9;20.202999999999992;0.6970000000000063
2026-05-22 21:00:00;29;20.5;19.455000000000005;1.0449999999999946
2026-05-22 22:00:00;29;20.0;19.057000000000002;0.9429999999999978
2026-05-22 23:00:00;29;19.3;18.624000000000006;0.6759999999999948
2026-05-23 00:00:00;29;17.8;18.277000000000005;-0.47700000000000387
2026-05-23 01:00:00;29;16.8;16.896000000000004;-0.09600000000000364
2026-05-23 02:00:00;29;16.6;15.968;0.6320000000000014
2026-05-23 03:00:00;29;16.4;16.100999999999996;0.29900000000000304
2026-05-23 04:00:00;29;16.1;16.014000000000014;0.08599999999998786
2026-05-23 05:00:00;29;16.3;16.170840000000002;0.12915999999999883
2026-05-23 06:00:00;29;17.8;16.954000000000004;0.8459999999999965
2026-05-23 07:00:00;29;19.6;18.868;0.7320000000000029
2026-05-23 08:00:00;29;20.9;21.238999999999987;-0.338999999999988
2026-05-23 09:00:00;29;21.9;20.712000000000003;1.1879999999999953
2026-05-23 10:00:00;29;22.6;19.174;3.426000000000002
2026-05-23 11:00:00;29;23.0;21.230000000000004;1.769999999999996
2026-05-23 12:00:00;29;25.0;22.339000000000006;2.6609999999999943
2026-05-23 13:00:00;29;24.4;24.022000000000006;0.377999999999993
2026-05-23 14:00:00;29;24.5;23.836;0.6640000000000015
2026-05-23 15:00:00;29;24.8;24.17;0.629999999999999
2026-05-23 16:00:00;29;24.9;24.138;0.7619999999999969
2026-05-23 17:00:00;29;24.5;23.34799999999999;1.1520000000000117
2026-05-23 18:00:00;29;25.0;22.571999999999992;2.428000000000008
2026-05-23 19:00:00;29;23.0;23.08;-0.0799999999999983
2026-05-23 20:00:00;29;21.7;20.882999999999996;0.8170000000000037
2026-05-23 21:00:00;29;21.6;20.581000000000003;1.0189999999999984
2026-05-23 22:00:00;29;21.4;20.74800000000001;0.6519999999999868
2026-05-23 23:00:00;29;20.8;20.766000000000005;0.03399999999999537
2026-05-24 00:00:00;29;18.9;19.759;-0.8590000000000018
2026-05-24 01:00:00;29;17.9;17.863999999999997;0.036000000000001364
2026-05-24 02:00:00;29;17.5;17.201;0.2989999999999995
2026-05-24 03:00:00;29;17.4;16.691999999999997;0.708000000000002
2026-05-24 04:00:00;29;17.1;17.032999999999994;0.06700000000000728
2026-05-24 05:00:00;29;17.2;17.491479999999996;-0.2914799999999964
2026-05-24 06:00:00;29;19.4;17.83848;1.561519999999998
2026-05-24 07:00:00;29;22.0;19.729999999999997;2.270000000000003
2026-05-24 08:00:00;29;25.2;22.565000000000005;2.6349999999999945
2026-05-24 09:00:00;29;26.3;25.710000000000008;0.5899999999999928
2026-05-24 10:00:00;29;25.0;26.206000000000003;-1.206000000000003
2026-05-24 11:00:00;29;24.1;24.17000000000001;-0.07000000000000739
2026-05-24 12:00:00;29;26.2;23.668000000000003;2.5319999999999965
2026-05-24 13:00:00;29;25.5;25.23999999999999;0.26000000000000867
2026-05-24 14:00:00;29;25.6;24.27599999999999;1.3240000000000123
2026-05-24 15:00:00;29;25.6;24.602999999999994;0.997000000000007
2026-05-24 16:00:00;29;25.5;24.29599999999999;1.2040000000000113
2026-05-24 17:00:00;29;24.4;23.788999999999987;0.6110000000000113
2026-05-24 18:00:00;29;23.5;21.861999999999988;1.6380000000000123
2026-05-24 19:00:00;29;21.0;20.645999999999994;0.3540000000000063
2026-05-24 20:00:00;29;20.1;19.19000000000001;0.909999999999993
2026-05-24 21:00:00;29;20.0;18.75400000000001;1.2459999999999916
2026-05-24 22:00:00;29;19.5;18.65600000000001;0.8439999999999905
2026-05-24 23:00:00;29;18.9;18.485;0.41499999999999915
2026-05-25 00:00:00;29;18.0;17.94;0.05999999999999872
2026-05-25 01:00:00;29;16.9;17.01599999999999;-0.11599999999999255
2026-05-25 02:00:00;29;16.6;16.15199999999999;0.44800000000001106
2026-05-25 03:00:00;29;16.5;16.143479999999997;0.3565200000000033
2026-05-25 04:00:00;29;16.6;16.17132;0.42867999999999995
2026-05-25 05:00:00;29;17.2;16.603520000000014;0.5964799999999855
2026-05-25 06:00:00;29;19.0;17.838999999999995;1.161000000000005
2026-05-25 07:00:00;29;21.0;20.015999999999995;0.9840000000000053
2026-05-25 08:00:00;29;22.6;21.717000000000013;0.8829999999999885
2026-05-25 09:00:00;29;23.7;22.568;1.131999999999998
2026-05-25 10:00:00;29;24.8;23.279;1.5210000000000008
2026-05-25 11:00:00;29;25.4;24.561000000000003;0.8389999999999951
2026-05-25 12:00:00;29;26.8;24.830000000000005;1.9699999999999953
2026-05-25 13:00:00;29;26.8;26.020999999999994;0.779000000000007
2026-05-25 14:00:00;29;27.6;25.815000000000005;1.7849999999999966
2026-05-25 15:00:00;29;28.1;26.51500000000002;1.584999999999983
2026-05-25 16:00:00;29;28.1;26.98300000000003;1.1169999999999725
2026-05-25 17:00:00;29;27.5;26.795000000000027;0.7049999999999734
2026-05-25 18:00:00;29;26.6;26.20500000000002;0.3949999999999818
2026-05-25 19:00:00;29;24.9;24.947;-0.0470000000000006
2026-05-25 20:00:00;29;23.8;22.948999999999987;0.8510000000000133
2026-05-25 21:00:00;29;22.8;21.889999999999986;0.9100000000000144
2026-05-25 22:00:00;29;21.9;21.692000000000004;0.20799999999999486
2026-05-25 23:00:00;29;21.4;20.941000000000003;0.4589999999999961
2026-05-26 00:00:00;29;19.9;20.627999999999997;-0.727999999999998
2026-05-26 01:00:00;29;19.0;18.69300000000001;0.3069999999999915
2026-05-26 02:00:00;29;18.5;17.875000000000004;0.6249999999999964
2026-05-26 03:00:00;29;18.0;17.79;0.21000000000000085
2026-05-26 04:00:00;29;17.4;18.267999999999994;-0.867999999999995
2026-05-26 05:00:00;29;17.5;17.599999999999994;-0.09999999999999432
2026-05-26 06:00:00;29;19.7;17.937999999999995;1.762000000000004
2026-05-26 07:00:00;29;22.7;19.889000000000006;2.810999999999993
2026-05-26 08:00:00;29;24.8;22.951999999999995;1.848000000000006
2026-05-26 09:00:00;29;25.8;25.174999999999997;0.6250000000000036
2026-05-26 10:00:00;29;25.9;25.464000000000006;0.43599999999999284
2026-05-26 11:00:00;29;26.3;25.498;0.8019999999999996
2026-05-26 12:00:00;29;27.9;25.511999999999993;2.3880000000000052
2026-05-26 13:00:00;29;27.9;26.754000000000016;1.145999999999983
2026-05-26 14:00:00;29;28.0;26.747000000000018;1.2529999999999824
2026-05-26 15:00:00;29;28.2;26.81600000000002;1.383999999999979
2026-05-26 16:00:00;29;28.4;27.179000000000027;1.2209999999999717
2026-05-26 17:00:00;29;28.0;26.99800000000003;1.0019999999999705
2026-05-26 18:00:00;29;27.8;26.65900000000002;1.1409999999999805
2026-05-26 19:00:00;29;26.0;26.25300000000001;-0.25300000000001077
2026-05-26 20:00:00;29;24.9;24.228999999999992;0.6710000000000065
2026-05-26 21:00:00;29;23.7;23.08499999999999;0.6150000000000091
2026-05-26 22:00:00;29;22.9;22.121;0.7789999999999999
2026-05-26 23:00:00;29;22.0;21.936999999999998;0.06300000000000239
2026-05-27 00:00:00;29;20.7;21.075;-0.375
2026-05-27 01:00:00;29;19.6;19.422999999999995;0.1770000000000067
2026-05-27 02:00:00;29;18.7;18.486;0.21399999999999864
2026-05-27 03:00:00;29;18.0;17.957000000000004;0.04299999999999571
2026-05-27 04:00:00;29;17.2;17.99699999999999;-0.7969999999999899
2026-05-27 05:00:00;29;17.1;17.095999999999997;0.0040000000000048885
2026-05-27 06:00:00;29;19.0;17.440999999999995;1.5590000000000046
2026-05-27 07:00:00;29;22.4;19.95699999999999;2.4430000000000085
2026-05-27 08:00:00;29;25.9;22.713;3.1869999999999976
2026-05-27 09:00:00;29;28.2;26.223999999999997;1.9760000000000026
2026-05-27 10:00:00;29;28.8;27.551000000000016;1.2489999999999846
2026-05-27 11:00:00;29;28.0;27.362000000000016;0.6379999999999839
2026-05-27 12:00:00;29;30.0;27.229000000000006;2.7709999999999937
2026-05-27 13:00:00;29;30.0;27.64900000000002;2.3509999999999813
2026-05-27 14:00:00;29;30.5;27.345000000000013;3.154999999999987
2026-05-27 15:00:00;29;30.9;27.188000000000024;3.711999999999975
2026-05-27 16:00:00;29;31.4;27.51800000000002;3.88199999999998
2026-05-27 17:00:00;29;31.5;27.48300000000002;4.016999999999982
2026-05-27 18:00:00;29;31.7;27.73200000000002;3.9679999999999787
2026-05-27 19:00:00;29;30.0;27.141000000000027;2.8589999999999733
2026-05-27 20:00:00;29;29.2;27.23900000000002;1.9609999999999808
2026-05-27 21:00:00;29;28.6;27.14500000000001;1.4549999999999912
2026-05-27 22:00:00;29;28.9;27.427000000000007;1.4729999999999919
2026-05-27 23:00:00;29;27.5;27.130000000000013;0.3699999999999868
2026-05-28 00:00:00;29;26.5;26.32600000000001;0.17399999999998883
2026-05-28 01:00:00;29;26.0;24.88000000000001;1.1199999999999903
2026-05-28 02:00:00;29;25.9;24.492000000000004;1.4079999999999941
2026-05-28 03:00:00;29;24.9;24.590000000000003;0.30999999999999517
2026-05-28 04:00:00;29;24.3;23.895999999999987;0.4040000000000141
2026-05-28 05:00:00;29;24.5;23.58299999999999;0.9170000000000087
2026-05-28 06:00:00;29;26.1;24.005999999999993;2.0940000000000083
2026-05-28 07:00:00;29;30.0;25.656;4.344000000000001
2026-05-28 08:00:00;29;33.5;28.006000000000018;5.493999999999982
2026-05-28 09:00:00;29;34.8;28.040000000000013;6.759999999999984
2026-05-28 10:00:00;29;35.0;27.87200000000001;7.1279999999999895
2026-05-28 11:00:00;29;34.4;28.034000000000013;6.3659999999999854
2026-05-28 12:00:00;29;34.8;28.105000000000018;6.694999999999979
2026-05-28 13:00:00;29;34.8;27.86200000000001;6.937999999999988
2026-05-28 14:00:00;29;34.5;27.86200000000001;6.637999999999991
2026-05-28 15:00:00;29;34.3;27.82600000000001;6.473999999999986
2026-05-28 16:00:00;29;34.3;27.780000000000022;6.519999999999975
2026-05-28 17:00:00;29;34.3;27.852000000000018;6.447999999999979
2026-05-28 18:00:00;29;35.0;27.64200000000002;7.357999999999979
2026-05-28 19:00:00;29;33.8;27.50600000000002;6.293999999999976
2026-05-28 20:00:00;29;32.6;27.60900000000002;4.990999999999982
2026-05-28 21:00:00;29;30.9;27.61800000000002;3.2819999999999787
2026-05-28 22:00:00;29;30.4;27.612000000000016;2.7879999999999825
2026-05-28 23:00:00;29;29.4;27.632000000000016;1.767999999999983
2026-05-29 00:00:00;29;27.4;27.17400000000002;0.22599999999997777
2026-05-29 01:00:00;29;25.6;26.21300000000001;-0.6130000000000102
2026-05-29 02:00:00;29;24.2;24.182999999999993;0.017000000000006565
2026-05-29 03:00:00;29;23.0;23.486;-0.48600000000000065
2026-05-29 04:00:00;29;22.3;22.235;0.06500000000000128
2026-05-29 05:00:00;29;22.3;21.072999999999997;1.2270000000000039
2026-05-29 06:00:00;29;24.1;21.160999999999998;2.9390000000000036
2026-05-29 07:00:00;29;24.9;23.194000000000003;1.705999999999996
2026-05-29 08:00:00;29;25.6;23.964999999999996;1.6350000000000051
2026-05-29 09:00:00;29;27.0;24.914999999999996;2.0850000000000044
2026-05-29 10:00:00;29;28.5;26.227999999999998;2.272000000000002
2026-05-29 11:00:00;29;27.8;27.331000000000014;0.468999999999987
2026-05-29 12:00:00;29;26.5;26.48500000000001;0.01499999999998991
2026-05-29 13:00:00;29;26.4;24.734999999999985;1.6650000000000134
2026-05-29 14:00:00;29;26.1;24.732999999999983;1.3670000000000186
2026-05-29 15:00:00;29;26.0;24.428999999999977;1.5710000000000228
2026-05-29 16:00:00;29;26.0;24.463999999999984;1.5360000000000156
2026-05-29 17:00:00;29;25.8;24.45099999999998;1.3490000000000215
2026-05-29 18:00:00;29;25.2;23.633999999999997;1.5660000000000025
2026-05-29 19:00:00;29;22.0;23.130999999999986;-1.130999999999986
2026-05-29 20:00:00;29;21.5;20.314999999999987;1.185000000000013
2026-05-29 21:00:00;29;21.8;20.166;1.6340000000000003
2026-05-29 22:00:00;29;21.5;20.197000000000006;1.3029999999999937
2026-05-29 23:00:00;29;21.1;19.95;1.1500000000000021
2026-05-30 00:00:00;29;20.8;19.723000000000003;1.0769999999999982
2026-05-30 01:00:00;29;20.1;19.375000000000004;0.7249999999999979
2026-05-30 02:00:00;29;19.4;18.777000000000005;0.622999999999994
2026-05-30 03:00:00;29;19.0;18.372;0.6280000000000001
2026-05-30 04:00:00;29;18.6;18.031000000000002;0.5689999999999991
2026-05-30 05:00:00;29;19.4;18.113;1.286999999999999
2026-05-30 06:00:00;29;21.1;19.076999999999998;2.0230000000000032
2026-05-30 07:00:00;29;23.6;21.464000000000013;2.1359999999999886
2026-05-30 08:00:00;29;25.5;23.499000000000002;2.0009999999999977
2026-05-30 09:00:00;29;26.2;25.175000000000004;1.024999999999995
2026-05-30 10:00:00;29;26.2;25.717999999999993;0.4820000000000064
2026-05-30 11:00:00;29;26.4;25.25099999999999;1.149000000000008
2026-05-30 12:00:00;29;26.5;24.799999999999983;1.700000000000017
2026-05-30 13:00:00;29;26.2;24.775999999999986;1.4240000000000137
2026-05-30 14:00:00;29;26.6;24.50699999999998;2.0930000000000213
2026-05-30 15:00:00;29;26.5;25.203999999999994;1.2960000000000065
2026-05-30 16:00:00;29;26.6;25.063;1.5370000000000026
2026-05-30 17:00:00;29;26.6;25.212999999999987;1.3870000000000147
2026-05-30 18:00:00;29;26.3;24.875;1.4250000000000007
2026-05-30 19:00:00;29;25.4;24.122999999999994;1.2770000000000046
2026-05-30 20:00:00;29;25.5;23.43399999999999;2.0660000000000096
2026-05-30 21:00:00;29;26.1;23.636;2.464000000000002
2026-05-30 22:00:00;29;25.6;24.28699999999999;1.313000000000013
2026-05-30 23:00:00;29;24.5;23.718999999999998;0.7810000000000024
2026-05-13 00:00:00;30;10.1;11.091999999999999;-0.9919999999999991
2026-05-13 01:00:00;30;8.8;9.321;-0.520999999999999
2026-05-13 02:00:00;30;8.1;8.373999999999997;-0.27399999999999736
2026-05-13 03:00:00;30;7.8;7.666999999999997;0.13300000000000267
2026-05-13 04:00:00;30;7.9;7.3910000000000045;0.5089999999999959
2026-05-13 05:00:00;30;8.4;7.516959999999998;0.883040000000002
2026-05-13 06:00:00;30;10.1;9.159879999999998;0.9401200000000021
2026-05-13 07:00:00;30;10.9;11.805;-0.9049999999999994
2026-05-13 08:00:00;30;11.4;11.614120000000007;-0.21412000000000653
2026-05-13 09:00:00;30;12.2;12.029439999999996;0.1705600000000036
2026-05-13 10:00:00;30;12.9;12.941999999999998;-0.04199999999999804
2026-05-13 11:00:00;30;13.7;13.500999999999992;0.19900000000000695
2026-05-13 12:00:00;30;13.9;14.500999999999994;-0.6009999999999938
2026-05-13 13:00:00;30;13.8;14.177000000000005;-0.3770000000000042
2026-05-13 14:00:00;30;13.6;13.713000000000001;-0.11300000000000132
2026-05-13 15:00:00;30;12.5;13.495999999999999;-0.9959999999999987
2026-05-13 16:00:00;30;12.9;11.865799999999997;1.0342000000000038
2026-05-13 17:00:00;30;11.6;12.507999999999997;-0.9079999999999977
2026-05-13 18:00:00;30;11.4;10.729000000000003;0.6709999999999976
2026-05-13 19:00:00;30;10.4;10.809080000000002;-0.4090800000000012
2026-05-13 20:00:00;30;9.6;9.749;-0.1490000000000009
2026-05-13 21:00:00;30;9.1;9.154999999999996;-0.05499999999999616
2026-05-13 22:00:00;30;8.4;8.580000000000002;-0.1800000000000015
2026-05-13 23:00:00;30;8.0;7.962999999999998;0.0370000000000017
2026-05-14 00:00:00;30;7.8;7.707559999999998;0.09244000000000163
2026-05-14 01:00:00;30;7.3;7.544840000000005;-0.24484000000000528
2026-05-14 02:00:00;30;7.0;6.9091999999999985;0.09080000000000155
2026-05-14 03:00:00;30;7.2;6.938000000000003;0.2619999999999969
2026-05-14 04:00:00;30;6.6;7.055599999999999;-0.45559999999999956
2026-05-14 05:00:00;30;6.6;6.364920000000001;0.23507999999999907
2026-05-14 06:00:00;30;7.9;7.623000000000003;0.27699999999999747
2026-05-14 07:00:00;30;8.6;9.360000000000001;-0.7600000000000016
2026-05-14 08:00:00;30;9.7;9.746200000000002;-0.04620000000000246
2026-05-14 09:00:00;30;10.6;10.461680000000001;0.13831999999999844
2026-05-14 10:00:00;30;11.0;11.445000000000004;-0.44500000000000384
2026-05-14 11:00:00;30;10.2;11.072239999999999;-0.8722399999999997
2026-05-14 12:00:00;30;12.3;10.540520000000004;1.7594799999999964
2026-05-14 13:00:00;30;10.2;12.729360000000002;-2.5293600000000023
2026-05-14 14:00:00;30;11.1;10.082479999999997;1.0175200000000029
2026-05-14 15:00:00;30;11.8;11.168479999999997;0.6315200000000036
2026-05-14 16:00:00;30;10.7;11.688000000000002;-0.9880000000000031
2026-05-14 17:00:00;30;10.9;10.246199999999995;0.6538000000000057
2026-05-14 18:00:00;30;9.4;10.28924;-0.8892399999999991
2026-05-14 19:00:00;30;8.6;8.593000000000004;0.0069999999999961204
2026-05-14 20:00:00;30;7.7;8.076;-0.37600000000000033
2026-05-14 21:00:00;30;6.9;7.132600000000002;-0.23260000000000147
2026-05-14 22:00:00;30;6.3;6.433000000000003;-0.13300000000000356
2026-05-14 23:00:00;30;5.8;5.764800000000004;0.03519999999999612
2026-05-15 00:00:00;30;5.8;5.298600000000001;0.5013999999999985
2026-05-15 01:00:00;30;4.9;5.405479999999999;-0.5054799999999986
2026-05-15 02:00:00;30;4.6;4.655;-0.055000000000000604
2026-05-15 03:00:00;30;4.3;4.270519999999999;0.029480000000000395
2026-05-15 04:00:00;30;4.1;4.011520000000001;0.08847999999999878
2026-05-15 05:00:00;30;4.2;3.7840000000000003;0.4159999999999999
2026-05-15 06:00:00;30;6.0;5.124999999999999;0.8750000000000009
2026-05-15 07:00:00;30;7.9;7.928000000000003;-0.028000000000002245
2026-05-15 08:00:00;30;9.6;9.853000000000003;-0.25300000000000367
2026-05-15 09:00:00;30;10.6;10.922999999999995;-0.32299999999999507
2026-05-15 10:00:00;30;11.6;11.662999999999997;-0.06299999999999706
2026-05-15 11:00:00;30;12.4;12.523000000000001;-0.12300000000000111
2026-05-15 12:00:00;30;12.6;13.114999999999993;-0.5149999999999935
2026-05-15 13:00:00;30;11.8;12.767360000000007;-0.9673600000000064
2026-05-15 14:00:00;30;11.1;12.090000000000002;-0.990000000000002
2026-05-15 15:00:00;30;11.9;10.999000000000006;0.9009999999999945
2026-05-15 16:00:00;30;10.6;11.738000000000001;-1.1380000000000017
2026-05-15 17:00:00;30;10.4;10.459399999999999;-0.05939999999999834
2026-05-15 18:00:00;30;9.4;9.626999999999999;-0.22699999999999854
2026-05-15 19:00:00;30;8.9;8.702999999999998;0.19700000000000273
2026-05-15 20:00:00;30;8.1;8.277000000000005;-0.17700000000000493
2026-05-15 21:00:00;30;7.3;7.459200000000001;-0.15920000000000112
2026-05-15 22:00:00;30;7.2;6.663999999999996;0.536000000000004
2026-05-15 23:00:00;30;6.9;6.5972000000000035;0.30279999999999685
2026-05-16 00:00:00;30;6.5;6.778759999999998;-0.27875999999999834
2026-05-16 01:00:00;30;6.1;6.239719999999998;-0.13971999999999873
2026-05-16 02:00:00;30;5.7;5.55324;0.14676000000000045
2026-05-16 03:00:00;30;5.3;5.29504;0.004959999999999631
2026-05-16 04:00:00;30;4.7;4.8759999999999994;-0.17599999999999927
2026-05-16 05:00:00;30;4.9;4.263000000000001;0.6369999999999996
2026-05-16 06:00:00;30;6.7;6.835000000000001;-0.13500000000000068
2026-05-16 07:00:00;30;8.6;8.731000000000002;-0.131000000000002
2026-05-16 08:00:00;30;10.4;10.365000000000002;0.034999999999998366
2026-05-16 09:00:00;30;11.6;11.716000000000003;-0.11600000000000321
2026-05-16 10:00:00;30;12.4;12.486000000000006;-0.08600000000000563
2026-05-16 11:00:00;30;12.9;13.082999999999993;-0.18299999999999272
2026-05-16 12:00:00;30;13.6;13.341999999999995;0.25800000000000445
2026-05-16 13:00:00;30;13.9;14.134999999999998;-0.23499999999999766
2026-05-16 14:00:00;30;14.6;13.758000000000006;0.8419999999999934
2026-05-16 15:00:00;30;15.1;14.666999999999984;0.4330000000000158
2026-05-16 16:00:00;30;14.1;15.096000000000005;-0.9960000000000058
2026-05-16 17:00:00;30;13.4;13.298999999999996;0.10100000000000442
2026-05-16 18:00:00;30;13.0;12.345999999999997;0.6540000000000035
2026-05-16 19:00:00;30;12.3;12.186000000000002;0.11399999999999899
2026-05-16 20:00:00;30;11.9;11.489120000000005;0.41087999999999525
2026-05-16 21:00:00;30;11.2;11.068999999999994;0.13100000000000556
2026-05-16 22:00:00;30;10.8;10.660999999999996;0.13900000000000468
2026-05-16 23:00:00;30;10.2;10.256999999999998;-0.05699999999999861
2026-05-17 00:00:00;30;10.9;9.901000000000003;0.998999999999997
2026-05-17 01:00:00;30;10.4;10.704000000000006;-0.3040000000000056
2026-05-17 02:00:00;30;10.1;10.065759999999997;0.03424000000000227
2026-05-17 03:00:00;30;10.1;9.883;0.21700000000000053
2026-05-17 04:00:00;30;9.8;10.109519999999998;-0.30951999999999735
2026-05-17 05:00:00;30;9.6;9.47536;0.12463999999999942
2026-05-17 06:00:00;30;10.4;10.095639999999998;0.30436000000000263
2026-05-17 07:00:00;30;11.0;11.16992;-0.1699199999999994
2026-05-17 08:00:00;30;11.6;11.731919999999992;-0.13191999999999204
2026-05-17 09:00:00;30;12.6;12.352999999999993;0.247000000000007
2026-05-17 10:00:00;30;14.2;13.600999999999994;0.5990000000000055
2026-05-17 11:00:00;30;15.1;15.131000000000007;-0.031000000000007688
2026-05-17 12:00:00;30;15.1;15.428199999999999;-0.32819999999999894
2026-05-17 13:00:00;30;13.1;14.298999999999992;-1.1989999999999927
2026-05-17 14:00:00;30;13.4;12.349920000000008;1.0500799999999924
2026-05-17 15:00:00;30;13.6;13.059080000000003;0.5409199999999963
2026-05-17 16:00:00;30;13.3;13.454799999999988;-0.1547999999999874
2026-05-17 17:00:00;30;13.7;12.482999999999993;1.2170000000000059
2026-05-17 18:00:00;30;12.0;12.872360000000004;-0.872360000000004
2026-05-17 19:00:00;30;11.6;11.161;0.43900000000000006
2026-05-17 20:00:00;30;10.8;11.033;-0.23299999999999876
2026-05-17 21:00:00;30;10.1;10.145999999999997;-0.0459999999999976
2026-05-17 22:00:00;30;9.8;9.619000000000002;0.18099999999999916
2026-05-17 23:00:00;30;9.4;9.410000000000002;-0.010000000000001563
2026-05-18 00:00:00;30;9.2;9.162599999999998;0.037400000000001654
2026-05-18 01:00:00;30;9.1;8.949360000000002;0.15063999999999744
2026-05-18 02:00:00;30;8.8;8.932400000000001;-0.13240000000000052
2026-05-18 03:00:00;30;8.4;8.568359999999997;-0.1683599999999963
2026-05-18 04:00:00;30;8.1;8.196479999999996;-0.09647999999999612
2026-05-18 05:00:00;30;8.1;7.865279999999992;0.23472000000000737
2026-05-18 06:00:00;30;8.8;9.083680000000005;-0.28368000000000393
2026-05-18 07:00:00;30;10.4;10.017;0.3830000000000009
2026-05-18 08:00:00;30;11.9;11.856999999999998;0.043000000000002814
2026-05-18 09:00:00;30;13.2;13.194000000000006;0.005999999999993122
2026-05-18 10:00:00;30;14.0;14.223000000000003;-0.22300000000000253
2026-05-18 11:00:00;30;14.6;14.66764;-0.06764000000000081
2026-05-18 12:00:00;30;15.2;15.410999999999994;-0.21099999999999497
2026-05-18 13:00:00;30;15.2;15.552999999999997;-0.352999999999998
2026-05-18 14:00:00;30;14.5;15.156200000000002;-0.6562000000000019
2026-05-18 15:00:00;30;13.7;13.848999999999998;-0.14899999999999913
2026-05-18 16:00:00;30;13.5;13.36668;0.13331999999999944
2026-05-18 17:00:00;30;13.1;12.686999999999998;0.41300000000000203
2026-05-18 18:00:00;30;13.4;12.204999999999998;1.195000000000002
2026-05-18 19:00:00;30;12.5;12.721359999999999;-0.2213599999999989
2026-05-18 20:00:00;30;12.0;11.823;0.1769999999999996
2026-05-18 21:00:00;30;11.2;11.49456;-0.2945600000000006
2026-05-18 22:00:00;30;10.9;10.810999999999996;0.08900000000000396
2026-05-18 23:00:00;30;10.3;10.563400000000001;-0.26340000000000074
2026-05-19 00:00:00;30;10.0;10.034919999999998;-0.03491999999999784
2026-05-19 01:00:00;30;10.124;9.631439999999998;0.4925600000000028
2026-05-19 02:00:00;30;10.248;10.052600000000005;0.19539999999999402
2026-05-19 03:00:00;30;10.372;10.159200000000006;0.21279999999999433
2026-05-19 04:00:00;30;10.496;10.237280000000004;0.25871999999999673
2026-05-19 05:00:00;30;10.62;10.267520000000005;0.3524799999999946
2026-05-19 06:00:00;30;10.744;11.247960000000003;-0.5039600000000029
2026-05-19 07:00:00;30;10.868;10.981359999999997;-0.11335999999999657
2026-05-19 08:00:00;30;10.992;11.077599999999995;-0.08559999999999413
2026-05-19 09:00:00;30;11.116;11.487719999999992;-0.3717199999999927
2026-05-19 10:00:00;30;11.24;11.475119999999993;-0.2351199999999931
2026-05-19 11:00:00;30;11.364;11.481519999999994;-0.11751999999999363
2026-05-19 12:00:00;30;11.488;11.56232;-0.07432000000000016
2026-05-19 13:00:00;30;11.612;11.568520000000001;0.04347999999999885
2026-05-19 14:00:00;30;11.736;11.6592;0.07680000000000042
2026-05-19 15:00:00;30;11.86;11.797;0.06299999999999883
2026-05-19 16:00:00;30;11.984;11.877280000000003;0.10671999999999748
2026-05-19 17:00:00;30;12.108;11.833920000000003;0.2740799999999979
2026-05-19 18:00:00;30;12.232;11.751160000000002;0.48083999999999705
2026-05-19 19:00:00;30;12.356;11.927359999999997;0.42864000000000324
2026-05-19 20:00:00;30;12.48;12.073920000000001;0.40607999999999933
2026-05-19 21:00:00;30;12.604;12.124160000000007;0.4798399999999923
2026-05-19 22:00:00;30;12.728;12.2892;0.4388000000000005
2026-05-19 23:00:00;30;12.852;12.515439999999998;0.3365600000000022
2026-05-20 00:00:00;30;12.976;12.60996;0.3660400000000017
2026-05-20 01:00:00;30;13.1;12.592800000000002;0.5071999999999974
2026-05-20 02:00:00;30;12.9;12.679919999999997;0.22008000000000294
2026-05-20 03:00:00;30;12.8;12.539040000000005;0.2609599999999954
2026-05-20 04:00:00;30;12.8;12.543240000000004;0.2567599999999963
2026-05-20 05:00:00;30;12.8;12.848999999999997;-0.048999999999995936
2026-05-20 06:00:00;30;13.6;13.290320000000001;0.3096799999999984
2026-05-20 07:00:00;30;13.9;14.575520000000004;-0.6755200000000041
2026-05-20 08:00:00;30;15.0;14.845840000000003;0.1541599999999974
2026-05-20 09:00:00;30;15.4;15.679600000000002;-0.27960000000000207
2026-05-20 10:00:00;30;16.8;16.24820000000001;0.5517999999999894
2026-05-20 11:00:00;30;17.4;17.819;-0.4190000000000005
2026-05-20 12:00:00;30;17.6;17.718000000000004;-0.1180000000000021
2026-05-20 13:00:00;30;18.5;17.472;1.0279999999999987
2026-05-20 14:00:00;30;18.5;18.39599999999999;0.10400000000000986
2026-05-20 15:00:00;30;18.9;18.38899999999999;0.5110000000000099
2026-05-20 16:00:00;30;18.6;18.622;-0.021999999999998465
2026-05-20 17:00:00;30;18.7;18.062000000000005;0.6379999999999946
2026-05-20 18:00:00;30;18.4;18.033000000000005;0.3669999999999938
2026-05-20 19:00:00;30;17.0;17.273000000000003;-0.27300000000000324
2026-05-20 20:00:00;30;15.4;16.006;-0.6059999999999999
2026-05-20 21:00:00;30;14.3;14.631000000000002;-0.3310000000000013
2026-05-20 22:00:00;30;13.4;13.535519999999996;-0.1355199999999961
2026-05-20 23:00:00;30;12.5;12.943799999999996;-0.443799999999996
2026-05-21 00:00:00;30;11.4;12.145999999999994;-0.7459999999999933
2026-05-21 01:00:00;30;10.7;10.757000000000005;-0.05700000000000571
2026-05-21 02:00:00;30;10.6;10.223999999999995;0.3760000000000048
2026-05-21 03:00:00;30;10.6;10.415400000000004;0.1845999999999961
2026-05-21 04:00:00;30;10.4;10.517800000000001;-0.11780000000000079
2026-05-21 05:00:00;30;10.9;10.135959999999999;0.7640400000000014
2026-05-21 06:00:00;30;12.9;11.516880000000004;1.3831199999999964
2026-05-21 07:00:00;30;15.2;14.94791999999999;0.2520800000000101
2026-05-21 08:00:00;30;17.5;17.000000000000004;0.49999999999999645
2026-05-21 09:00:00;30;19.5;19.00199999999999;0.49800000000001177
2026-05-21 10:00:00;30;20.6;20.855000000000004;-0.25500000000000256
2026-05-21 11:00:00;30;21.2;21.552999999999997;-0.352999999999998
2026-05-21 12:00:00;30;22.7;21.56299999999999;1.1370000000000076
2026-05-21 13:00:00;30;23.1;22.997999999999994;0.10200000000000742
2026-05-21 14:00:00;30;23.5;22.386999999999997;1.113000000000003
2026-05-21 15:00:00;30;23.5;22.411999999999992;1.088000000000008
2026-05-21 16:00:00;30;23.2;22.113000000000003;1.0869999999999962
2026-05-21 17:00:00;30;22.6;21.343000000000007;1.2569999999999943
2026-05-21 18:00:00;30;21.9;20.68300000000001;1.216999999999988
2026-05-21 19:00:00;30;20.1;19.881999999999994;0.21800000000000708
2026-05-21 20:00:00;30;18.5;18.327000000000012;0.1729999999999876
2026-05-21 21:00:00;30;17.4;17.455999999999996;-0.055999999999997385
2026-05-21 22:00:00;30;16.5;16.421999999999993;0.07800000000000651
2026-05-21 23:00:00;30;15.8;15.614999999999998;0.18500000000000227
2026-05-22 00:00:00;30;15.0;14.886000000000003;0.11399999999999721
2026-05-22 01:00:00;30;14.6;14.492000000000004;0.10799999999999521
2026-05-22 02:00:00;30;14.0;14.087879999999998;-0.0878799999999984
2026-05-22 03:00:00;30;13.4;13.426000000000002;-0.026000000000001577
2026-05-22 04:00:00;30;12.9;12.961079999999997;-0.061079999999996915
2026-05-22 05:00:00;30;13.1;12.940000000000008;0.15999999999999126
2026-05-22 06:00:00;30;15.4;14.052119999999997;1.3478800000000035
2026-05-22 07:00:00;30;17.8;17.244999999999987;0.5550000000000139
2026-05-22 08:00:00;30;20.5;18.962999999999994;1.5370000000000061
2026-05-22 09:00:00;30;22.9;22.221999999999998;0.6780000000000008
2026-05-22 10:00:00;30;24.6;23.72500000000001;0.8749999999999929
2026-05-22 11:00:00;30;25.5;25.22599999999999;0.27400000000001157
2026-05-22 12:00:00;30;26.8;25.80200000000002;0.9979999999999798
2026-05-22 13:00:00;30;27.1;26.363999999999997;0.7360000000000042
2026-05-22 14:00:00;30;27.3;26.366000000000007;0.933999999999994
2026-05-22 15:00:00;30;27.3;26.41500000000001;0.8849999999999909
2026-05-22 16:00:00;30;27.0;26.46500000000001;0.5349999999999895
2026-05-22 17:00:00;30;26.3;26.333000000000013;-0.03300000000001191
2026-05-22 18:00:00;30;24.9;23.844;1.0559999999999974
2026-05-22 19:00:00;30;22.8;22.912999999999993;-0.11299999999999244
2026-05-22 20:00:00;30;21.0;20.918999999999997;0.08100000000000307
2026-05-22 21:00:00;30;19.8;19.67800000000002;0.12199999999998212
2026-05-22 22:00:00;30;19.1;18.415;0.6850000000000023
2026-05-22 23:00:00;30;18.5;17.823999999999998;0.6760000000000019
2026-05-23 00:00:00;30;16.8;17.601999999999997;-0.801999999999996
2026-05-23 01:00:00;30;15.9;15.837280000000003;0.062719999999997
2026-05-23 02:00:00;30;15.4;15.198999999999996;0.20100000000000406
2026-05-23 03:00:00;30;14.9;14.885200000000008;0.014799999999992153
2026-05-23 04:00:00;30;14.5;14.708999999999994;-0.2089999999999943
2026-05-23 05:00:00;30;15.0;14.224400000000003;0.7755999999999972
2026-05-23 06:00:00;30;17.2;15.928000000000003;1.2719999999999967
2026-05-23 07:00:00;30;19.8;17.407000000000004;2.392999999999997
2026-05-23 08:00:00;30;22.5;21.847999999999985;0.6520000000000152
2026-05-23 09:00:00;30;24.8;22.951999999999988;1.8480000000000132
2026-05-23 10:00:00;30;26.4;25.41300000000001;0.9869999999999877
2026-05-23 11:00:00;30;27.3;26.564;0.7360000000000007
2026-05-23 12:00:00;30;28.6;26.728000000000005;1.8719999999999963
2026-05-23 13:00:00;30;29.0;27.71100000000001;1.2889999999999908
2026-05-23 14:00:00;30;29.2;27.562;1.6379999999999981
2026-05-23 15:00:00;30;28.9;27.351000000000013;1.5489999999999853
2026-05-23 16:00:00;30;28.3;27.171000000000006;1.1289999999999942
2026-05-23 17:00:00;30;27.5;26.935000000000013;0.5649999999999871
2026-05-23 18:00:00;30;26.4;26.145000000000014;0.2549999999999848
2026-05-23 19:00:00;30;24.4;24.467000000000002;-0.06700000000000372
2026-05-23 20:00:00;30;22.4;21.848;0.5519999999999996
2026-05-23 21:00:00;30;21.5;20.426000000000002;1.073999999999998
2026-05-23 22:00:00;30;20.9;20.337;0.5629999999999988
2026-05-23 23:00:00;30;20.0;19.830999999999996;0.16900000000000404
2026-05-24 00:00:00;30;19.0;18.846000000000007;0.1539999999999928
2026-05-24 01:00:00;30;18.4;17.825999999999997;0.5740000000000016
2026-05-24 02:00:00;30;17.6;17.586;0.014000000000002899
2026-05-24 03:00:00;30;17.1;16.677999999999994;0.4220000000000077
2026-05-24 04:00:00;30;16.6;16.372000000000003;0.22799999999999798
2026-05-24 05:00:00;30;17.0;16.29092000000001;0.7090799999999895
2026-05-24 06:00:00;30;18.9;17.03284;1.8671599999999984
2026-05-24 07:00:00;30;21.3;19.352999999999998;1.9470000000000027
2026-05-24 08:00:00;30;23.8;21.734000000000005;2.0659999999999954
2026-05-24 09:00:00;30;25.9;23.495;2.4049999999999976
2026-05-24 10:00:00;30;27.9;25.853000000000005;2.0469999999999935
2026-05-24 11:00:00;30;29.4;26.98300000000001;2.4169999999999874
2026-05-24 12:00:00;30;30.9;27.481000000000016;3.4189999999999827
2026-05-24 13:00:00;30;31.1;27.381000000000018;3.7189999999999834
2026-05-24 14:00:00;30;31.2;27.552000000000017;3.647999999999982
2026-05-24 15:00:00;30;31.0;27.505000000000013;3.494999999999987
2026-05-24 16:00:00;30;30.5;27.160000000000018;3.339999999999982
2026-05-24 17:00:00;30;29.5;26.906000000000017;2.5939999999999834
2026-05-24 18:00:00;30;28.4;26.766000000000016;1.6339999999999826
2026-05-24 19:00:00;30;26.7;26.718000000000014;-0.018000000000014893
2026-05-24 20:00:00;30;25.3;24.839000000000002;0.4609999999999985
2026-05-24 21:00:00;30;24.2;23.02399999999999;1.176000000000009
2026-05-24 22:00:00;30;23.2;21.776000000000003;1.423999999999996
2026-05-24 23:00:00;30;22.6;20.518;2.0820000000000007
2026-05-25 00:00:00;30;21.8;20.083;1.7170000000000023
2026-05-25 01:00:00;30;21.1;20.033000000000005;1.0669999999999966
2026-05-25 02:00:00;30;20.5;19.486000000000008;1.0139999999999922
2026-05-25 03:00:00;30;19.8;18.717000000000006;1.0829999999999949
2026-05-25 04:00:00;30;19.1;18.571999999999996;0.5280000000000058
2026-05-25 05:00:00;30;19.2;18.131000000000007;1.068999999999992
2026-05-25 06:00:00;30;21.0;18.347000000000005;2.652999999999995
2026-05-25 07:00:00;30;23.0;21.105000000000004;1.894999999999996
2026-05-25 08:00:00;30;25.4;21.028999999999996;4.371000000000002
2026-05-25 09:00:00;30;27.8;25.028000000000006;2.771999999999995
2026-05-25 10:00:00;30;29.9;26.80900000000001;3.090999999999987
2026-05-25 11:00:00;30;31.5;27.510000000000012;3.989999999999988
2026-05-25 12:00:00;30;33.3;27.941000000000017;5.3589999999999804
2026-05-25 13:00:00;30;33.6;27.88900000000002;5.710999999999981
2026-05-25 14:00:00;30;33.6;27.875000000000014;5.724999999999987
2026-05-25 15:00:00;30;33.6;27.82600000000001;5.77399999999999
2026-05-25 16:00:00;30;33.1;27.78000000000002;5.3199999999999825
2026-05-25 17:00:00;30;32.0;27.46800000000002;4.531999999999979
2026-05-25 18:00:00;30;30.0;26.745000000000022;3.2549999999999777
2026-05-25 19:00:00;30;27.9;26.728000000000023;1.1719999999999757
2026-05-25 20:00:00;30;26.5;26.261000000000013;0.23899999999998656
2026-05-25 21:00:00;30;25.4;24.708000000000002;0.6919999999999966
2026-05-25 22:00:00;30;24.3;23.799;0.5010000000000012
2026-05-25 23:00:00;30;23.4;23.077;0.32299999999999685
2026-05-26 00:00:00;30;21.9;21.273000000000003;0.6269999999999953
2026-05-26 01:00:00;30;20.9;20.12;0.7799999999999976
2026-05-26 02:00:00;30;19.9;19.470000000000013;0.4299999999999855
2026-05-26 03:00:00;30;19.1;18.496000000000002;0.6039999999999992
2026-05-26 04:00:00;30;18.4;18.020000000000003;0.37999999999999545
2026-05-26 05:00:00;30;18.5;18.042999999999996;0.4570000000000043
2026-05-26 06:00:00;30;20.5;18.230999999999987;2.2690000000000126
2026-05-26 07:00:00;30;22.7;21.221;1.4789999999999992
2026-05-26 08:00:00;30;25.2;21.791;3.408999999999999
2026-05-26 09:00:00;30;27.6;25.00500000000001;2.5949999999999918
2026-05-26 10:00:00;30;29.5;26.890000000000008;2.6099999999999923
2026-05-26 11:00:00;30;31.0;27.524000000000004;3.4759999999999955
2026-05-26 12:00:00;30;32.2;27.610000000000003;4.59
2026-05-26 13:00:00;30;32.6;27.943000000000005;4.6569999999999965
2026-05-26 14:00:00;30;32.7;27.659999999999997;5.040000000000006
2026-05-26 15:00:00;30;32.4;27.30400000000001;5.095999999999989
2026-05-26 16:00:00;30;31.6;27.16600000000001;4.43399999999999
2026-05-26 17:00:00;30;30.8;26.99900000000002;3.8009999999999806
2026-05-26 18:00:00;30;30.0;26.92100000000002;3.0789999999999793
2026-05-26 19:00:00;30;28.0;26.876000000000023;1.1239999999999775
2026-05-26 20:00:00;30;26.1;26.504000000000005;-0.40400000000000347
2026-05-26 21:00:00;30;24.8;24.206999999999994;0.5930000000000071
2026-05-26 22:00:00;30;23.9;22.938999999999982;0.9610000000000163
2026-05-26 23:00:00;30;22.9;22.123;0.7769999999999975
2026-05-27 00:00:00;30;21.0;21.195000000000004;-0.19500000000000384
2026-05-27 01:00:00;30;19.9;19.348000000000017;0.5519999999999818
2026-05-27 02:00:00;30;19.2;18.554000000000006;0.6459999999999937
2026-05-27 03:00:00;30;18.7;18.015;0.6849999999999987
2026-05-27 04:00:00;30;18.1;18.006999999999998;0.09300000000000352
2026-05-27 05:00:00;30;18.4;18.031999999999993;0.36800000000000566
2026-05-27 06:00:00;30;20.4;18.238000000000003;2.1619999999999955
2026-05-27 07:00:00;30;22.7;21.317999999999998;1.3820000000000014
2026-05-27 08:00:00;30;25.5;21.032000000000007;4.467999999999993
2026-05-27 09:00:00;30;27.4;25.273000000000007;2.126999999999992
2026-05-27 10:00:00;30;28.5;26.68000000000001;1.8199999999999896
2026-05-27 11:00:00;30;29.4;27.50100000000001;1.8989999999999903
2026-05-27 12:00:00;30;30.6;27.555000000000014;3.0449999999999875
2026-05-27 13:00:00;30;31.0;27.39800000000001;3.6019999999999897
2026-05-27 14:00:00;30;31.1;27.363000000000014;3.7369999999999877
2026-05-27 15:00:00;30;31.0;27.31700000000001;3.682999999999989
2026-05-27 16:00:00;30;30.6;27.197000000000017;3.4029999999999845
2026-05-27 17:00:00;30;30.0;27.029000000000018;2.9709999999999823
2026-05-27 18:00:00;30;29.1;26.96900000000002;2.1309999999999825
2026-05-27 19:00:00;30;27.5;27.020000000000017;0.47999999999998266
2026-05-27 20:00:00;30;25.9;26.11300000000001;-0.21300000000001162
2026-05-27 21:00:00;30;24.5;24.185;0.3150000000000013
2026-05-27 22:00:00;30;23.4;22.754;0.6459999999999972
2026-05-27 23:00:00;30;22.9;22.057000000000006;0.8429999999999929
2026-05-28 00:00:00;30;21.1;21.155;-0.054999999999999716
2026-05-28 01:00:00;30;20.4;19.595000000000017;0.804999999999982
2026-05-28 02:00:00;30;19.6;18.86400000000001;0.73599999999999
2026-05-28 03:00:00;30;19.1;18.512;0.588000000000001
2026-05-28 04:00:00;30;18.5;18.102000000000004;0.39799999999999613
2026-05-28 05:00:00;30;18.7;18.118000000000002;0.5819999999999972
2026-05-28 06:00:00;30;20.2;18.27;1.9299999999999997
2026-05-28 07:00:00;30;22.5;20.282999999999998;2.2170000000000023
2026-05-28 08:00:00;30;25.2;21.042;4.157999999999998
2026-05-28 09:00:00;30;27.8;24.93000000000001;2.8699999999999903
2026-05-28 10:00:00;30;29.5;26.89900000000001;2.6009999999999884
2026-05-28 11:00:00;30;30.6;27.70400000000001;2.89599999999999
2026-05-28 12:00:00;30;31.8;27.946000000000012;3.8539999999999885
2026-05-28 13:00:00;30;32.2;28.057000000000006;4.142999999999997
2026-05-28 14:00:00;30;32.5;27.94800000000001;4.551999999999989
2026-05-28 15:00:00;30;29.1;27.043000000000017;2.0569999999999844
2026-05-28 16:00:00;30;28.0;27.20500000000002;0.7949999999999804
2026-05-28 17:00:00;30;28.4;26.49300000000002;1.9069999999999787
2026-05-28 18:00:00;30;28.4;26.986000000000026;1.413999999999973
2026-05-28 19:00:00;30;27.0;27.049000000000024;-0.04900000000002436
2026-05-28 20:00:00;30;25.4;25.945000000000004;-0.5450000000000053
2026-05-28 21:00:00;30;24.5;23.539999999999996;0.9600000000000044
2026-05-28 22:00:00;30;23.9;22.666999999999998;1.2330000000000005
2026-05-28 23:00:00;30;23.0;21.943999999999996;1.0560000000000045
2026-05-29 00:00:00;30;21.0;20.718000000000004;0.2819999999999965
2026-05-29 01:00:00;30;20.5;19.434000000000015;1.0659999999999847
2026-05-29 02:00:00;30;19.8;18.990000000000013;0.8099999999999881
2026-05-29 03:00:00;30;19.0;18.737000000000002;0.2629999999999981
2026-05-29 04:00:00;30;18.4;17.987;0.41300000000000026
2026-05-29 05:00:00;30;18.7;18.169999999999995;0.5300000000000047
2026-05-29 06:00:00;30;20.9;18.459;2.440999999999999
2026-05-29 07:00:00;30;23.1;21.21200000000001;1.887999999999991
2026-05-29 08:00:00;30;25.6;22.869999999999994;2.7300000000000075
2026-05-29 09:00:00;30;28.2;25.56;2.6400000000000006
2026-05-29 10:00:00;30;30.1;27.627000000000006;2.4729999999999954
2026-05-29 11:00:00;30;31.4;28.19900000000001;3.20099999999999
2026-05-29 12:00:00;30;32.5;28.205000000000013;4.2949999999999875
2026-05-29 13:00:00;30;32.9;28.088000000000026;4.811999999999973
2026-05-29 14:00:00;30;33.0;27.809000000000022;5.190999999999978
2026-05-29 15:00:00;30;33.0;27.772000000000027;5.227999999999973
2026-05-29 16:00:00;30;32.2;27.621000000000013;4.57899999999999
2026-05-29 17:00:00;30;31.0;27.105000000000018;3.894999999999982
2026-05-29 18:00:00;30;29.6;27.009000000000004;2.5909999999999975
2026-05-29 19:00:00;30;27.4;26.92600000000001;0.47399999999998954
2026-05-29 20:00:00;30;25.9;26.104000000000006;-0.20400000000000773
2026-05-29 21:00:00;30;25.1;24.076;1.024000000000001
2026-05-29 22:00:00;30;24.2;23.314999999999987;0.8850000000000122
2026-05-29 23:00:00;30;23.2;22.38499999999999;0.8150000000000084
2026-05-30 00:00:00;30;21.2;20.753;0.4469999999999992
2026-05-30 01:00:00;30;20.8;19.42800000000001;1.3719999999999892
2026-05-30 02:00:00;30;20.1;19.04900000000001;1.0509999999999913
2026-05-30 03:00:00;30;19.6;18.902;0.6980000000000004
2026-05-30 04:00:00;30;18.9;18.454000000000008;0.44599999999999085
2026-05-30 05:00:00;30;19.1;17.837;1.2630000000000017
2026-05-30 06:00:00;30;20.9;18.14200000000001;2.7579999999999885
2026-05-30 07:00:00;30;23.6;21.15400000000001;2.445999999999991
2026-05-30 08:00:00;30;26.2;22.680000000000003;3.519999999999996
2026-05-30 09:00:00;30;28.5;26.05999999999999;2.4400000000000084
2026-05-30 10:00:00;30;30.0;27.463999999999995;2.536000000000005
2026-05-30 11:00:00;30;31.1;27.577;3.5229999999999997
2026-05-30 12:00:00;30;31.5;27.968999999999998;3.5310000000000024
2026-05-30 13:00:00;30;32.0;27.903000000000002;4.096999999999998
2026-05-30 14:00:00;30;31.5;27.849;3.651
2026-05-30 15:00:00;30;31.5;27.78500000000001;3.714999999999989
2026-05-30 16:00:00;30;31.4;27.764;3.6359999999999992
2026-05-30 17:00:00;30;30.7;27.156000000000017;3.5439999999999827
2026-05-30 18:00:00;30;29.8;26.87700000000002;2.9229999999999805
2026-05-30 19:00:00;30;26.9;26.824000000000016;0.07599999999998275
2026-05-30 20:00:00;30;24.9;25.113999999999997;-0.21399999999999864
2026-05-30 21:00:00;30;23.9;22.63899999999999;1.26100000000001
2026-05-30 22:00:00;30;23.0;20.930999999999997;2.0690000000000026
2026-05-30 23:00:00;30;22.3;20.283;2.0169999999999995
